reviewId,userName,rating,tanggal,ulasan,label,bersih
d6afc72c-d3ec-4f71-bddf-ea9745fd52a3,Tyo Fajar,5,2026-09-06 17:24:59,"tolong donk buat pengembang aplikasi gojeknya, untuk fitur go gamesnya masa ngadain misi buat main 3 game masing-masing main minimal 3 menit buat dapatin kunci peti harta karunnya pas gue udah main lebih dari 3 menitan buat satu game doank tapi sistemnya nggak mendeteksi kalau gue udah main selama 3 menitan. perbaiki donk sistem mini gamenya",positif,donk kembang aplikasi gojek fitur go gamesnya masa ngadain misi main game masing masing main minimal menit dapatin kunci peti harta karun pas main lebih menit satu game doank sistem tidak_deteksi kalau main lama menit baik donk sistem mini gamenya
8012e425-41d2-43cf-8718-417f2a0bf7b0,Fredy Haryanto,5,2026-08-19 06:04:23,"Ada yang murah, ada yang cepat. pas pesen yang murah, dapat drivernya lama. Begitu ganti yang cepat dapatnya cepet",positif,murah cepat pas sen murah drivernya lama ganti cepat dapat cepet
ac27a542-59af-41a8-9331-02f636b12695,Ida Reva Reva,5,2026-08-25 04:55:32,"saya kecewa setiap weekend atau libur tgl merah saya selalu kesulitan pesan gojek di waktu subuh sekalinya dapat tapi map nya ga jalan2, atau sekalinya jalan menjauh tapi seringnya memang ga ada sama sekali. terutama di wilayah Cimanggis bojonggede",positif,kecewa weekend libur tgl merah selalu sulit pesan gojek waktu subuh sekali map tidak_jalan sekali jalan jauh sering memang tidak_ada sama sekali utama wilayah cimanggis bojonggede
b6f6f557-a3bc-4036-aaca-388734d1de95,Asyila Abdan,4,2026-09-06 18:03:10,bagaimana di aplikasi tertulis harus update os padahal biasanya pakai HP dan aplikasi yg sama?,positif,bagaimana aplikasi tulis update os padahal biasa pakai hp aplikasi sama
c9b4a9e7-7d52-48bb-9893-a753fcfc168b,Mohammad Maulana,5,2026-08-29 14:34:50,Cepat tepat dan nyaman,positif,cepat tepat nyaman
b8d1b350-2dda-4119-8a1c-2c10811bdcb1,rhdds,5,2026-09-03 19:06:45,PERBARUI LAGI LAH PLIS BUAT BATALKAN PESANANNYA,positif,baru plis batal pesan
98390e3b-e25a-4410-a75f-68f7bbd80136,odeng noob,5,2026-09-02 17:40:08,karya anak bangsa semoga tidak meninggalkan grassroot,positif,karya anak bangsa moga tidak_tinggal grassroot
ac3c1a49-4a41-42cf-b588-65488908f572,Fahri 03,5,2026-08-31 17:14:20,selalu puas dan selalu jadi pelanggan setia,positif,selalu puas selalu jadi langgan setia
7bacf00d-311a-47ca-b480-6dc6599a210b,Muhammad Anes,5,2026-08-30 23:50:34,cepat sat set,positif,cepat sat set
b4cd4838-e56d-4030-b8b3-e34d6332fc6e,Supono Saputr0,5,2026-08-27 08:24:29,perjlnan nyaman drivernya juga ramah,positif,perjlnan nyaman drivernya ramah
7a00f962-d821-4c1d-967d-05ce0a099aa0,Prima Mudino,5,2026-08-11 12:43:32,sangat memuaskan oke,positif,sangat muas baik
90be4849-1aaf-406f-a901-6232644ccf7d,Hasan Hafiz,5,2026-08-28 22:29:40,bagus rapih dan keran,positif,bagus rapih keran
6fd1b088-cc26-40fe-946d-45b983587b09,Alvito Arkananta,5,2026-09-04 14:21:18,"lelet, mahal, mending apk sebelah",positif,lambat mahal mending aplikasi belah
1358c3c2-46c4-4967-92af-dba1de93fc7a,Muji,5,2026-09-10 15:39:37,belanja d sini mudah n ringan toko x amanah n berkah trma kasih.... semua onlilen..... tetap semangat para pejuang rupiah...,positif,belanja sini mudah ringan toko amanah berkah trma kasih semua onlilen tetap semangat juang rupiah
db7e18aa-fe05-4876-8a4e-e78e3390d73f,Bunga Rajda,5,2026-08-14 12:40:23,"ini aplikasi sangat membantu saya,dalam hal apapun gojek adalah aplikasi yang sangat membantu untuk berbagai kebutuhan sehari-hari. Mulai dari transportasi, pesan makanan, pengiriman barang, hingga berbagai layanan lainnya bisa dilakukan dengan praktis dalam satu aplikasi. Tampilannya mudah dipahami dan pemesanannya cukup cepat. Sangat cocok bagi siapa saja yang ingin menjalani aktivitas sehari-hari dengan lebih mudah dan efisien.",positif,aplikasi sangat bantu apa gojek aplikasi sangat bantu bagai butuh hari hari mulai transportasi pesan makan kirim barang hingga bagai layan lain laku praktis satu aplikasi tampil mudah paham mesan cukup cepat sangat cocok siapa jalan aktivitas hari hari lebih mudah efisien
3863e9da-720f-414a-8e4e-2388fc2c05fe,Arif Wibowo,5,2026-08-15 16:37:21,aplikasi sangat berguna,positif,aplikasi sangat guna
1cf17186-bf49-4baf-bf89-88c2398154d4,nathan k,5,2026-08-22 07:55:15,"mohon di perbaiki titik menjemput nya tidak akurat, masak maps nya muter lewat belakang padahal di depan gerbang nya. ini membuat pelanggan males pakai gojek kalu pakai grab titik nya pas.",positif,mohon baik titik jemput tidak_akurat masak maps muter lewat belakang padahal depan gerbang buat langgan males pakai gojek kalu pakai grab titik pas
d49fb1de-7771-4da9-aab4-2d7e9196bcf7,Agus Bwi,5,2026-08-18 18:35:12,drivernya sabar dan ramah,positif,drivernya sabar ramah
a8fffd05-947c-4251-ac7d-fbf2537f9b3d,Asep Putri,5,2026-08-13 15:30:06,orderan ny susah skrg mh,positif,order ny sulit sekarang mh
625a081c-2931-4424-ad7c-df41a2523ddf,aisha anzha,5,2026-08-19 06:31:07,pasti gojek nya cepet banget,positif,gojek cepet banget
d0191826-374e-4d14-83ef-da1613e7c2a0,Fariz Zenturion,5,2026-08-26 19:44:45,aplikasi ini sangat bagus untuk pemesanan layanan,positif,aplikasi sangat bagus mesan layan
98171cd8-817e-4f49-a419-cb5e66441c8c,Euis Fadillah,5,2026-08-28 07:54:14,"sangat membantu, semoga lebih banyak lagi promo lainnya.",positif,sangat bantu moga lebih banyak promo lain
35ed98ba-7c30-4fef-bfca-2ae8f7a277f6,Nur Fya,4,2026-08-16 09:34:36,"selaku pelanggan lama gojek agak kecewa ...krn sekarang sepeda listrik masuk k goride comfort, jujur gak nyaman tempat dudukan nya...bikin pinggang sakit..apalagi klo ada jln raya nya gak mulus sakit semua setelah naik goride comfort sepeda listrik...mohon d ubah donk gojek...please",positif,selaku langgan lama gojek kecewa sekarang sepeda listrik masuk goride comfort jujur tidak_nyaman tempat duduk bikin pinggang sakit kalau jln raya tidak_mulus sakit semua naik goride comfort sepeda listrik mohon ubah donk gojek please
2a477381-dc59-420e-b6b1-17300a0cd2f0,Cece Sucidwip,5,2026-08-31 15:09:19,sangat baik sabar menunggu,positif,sangat baik sabar tunggu
237ae60e-7de8-4ba0-83ab-1bdfab47e2b3,Afda Alif,5,2026-08-31 21:53:37,Gojek memang TOP,positif,gojek memang top
bb604c37-c4b8-4f05-ac44-514c0145ed70,Rou rou,5,2026-08-28 19:32:06,"overall oke banget dan suka banyak promo, tapi tambahin fitur bayar pakai dana plss😔, atau qris gitu pas mau bayar makanan..",positif,overall baik banget suka banyak promo tambahin fitur bayar pakai dana plss qris gitu pas mau bayar makan
eb0de357-4b75-4266-900a-e0292196e98d,Prawesti,5,2026-08-20 06:58:14,"dengan adanya aplikasi ini bisa membantu saya dalam mengejar waktu untuk sampai ke tujuan dengan tepat waktu, Terima kasih banyak ya telah membantu seseorang dalam mengejar waktu",positif,ada aplikasi bantu kejar waktu tuju tepat waktu terima kasih banyak bantu orang kejar waktu
076bd61b-e6e0-49ad-813c-b9b17feac012,Sukardi Sukardi,5,2026-09-11 15:07:24,good as usual,positif,bagus as usual
8d90ecdf-85f7-49c7-8688-9e73fb99a1a5,alip yulianto pratomo,5,2026-09-02 05:22:45,sangat baik sekali pengemudi nya,positif,sangat baik sekali kemudi
52e8f8e4-4652-4dfc-b03f-0be8d59ef749,Saeni Susylawati,5,2026-09-03 08:50:33,senang pake gojek tks,positif,senang pake gojek tks
384f194b-738e-4a6e-b345-88d5b4b54cf6,Yuliyanti 1717,4,2026-09-07 20:43:34,kenapa sekarang kalau mesen gojek pake harga MURAH tu lama banget di acc. tapi giliran aktifin pencarian cepat behh langsung dah itungan detik. tolong dong jangan seperti itu. kalau kalian perlu biaya tambahan jangan mempersulit orderan harga normal (murah),positif,sekarang kalau mesen gojek pake harga murah tu lama banget acc gilir aktifin cari cepat behh langsung itungan detik jangan_seperti kalau kalian perlu biaya tambah jangan_sulit order harga normal murah
55d6d90f-87a3-4edb-823b-8d7fe7896f15,Udin Kamaludin,5,2026-08-17 11:24:58,Puas dengan layanan selama pakai,positif,puas layan lama pakai
e21844d9-6d35-488e-9994-7fc9efcc7f96,Pengguna Google,4,2026-09-07 17:08:10,Kalau hujan jaringannya jelek jadi susah chat sama drivernya,positif,kalau hujan jaring buruk jadi sulit chat sama drivernya
e7ef3914-0958-472c-84d1-7fad41c6f037,I Made Ivan,5,2026-09-09 14:35:25,aplikasi nya bagus dan gojek ramah,positif,aplikasi bagus gojek ramah
ccf0e055-d2a6-49e0-b5c6-ea09efaaf582,ssy4bibil,5,2026-09-05 13:23:21,"ngebantu bgt, makasi lohya",positif,ngebantu banget makas lohya
797bacb5-81ea-44f5-8217-8e40e94b48d7,Nur Rohman,5,2026-08-22 18:27:48,sangat membantu untuk perjalanan yang dibutuhkan..,positif,sangat bantu jalan butuh
40c5f18c-ac81-464f-9b3e-9b34b9b21846,Wianti Kartawinata,5,2026-08-16 08:33:46,"agak sulit utk pesan go ride,apa mst di upload",positif,sulit pesan go ride apa mst upload
3f1fc753-b866-4895-b933-5a17fa59c6c7,Riski,5,2026-08-19 22:00:00,Aplikasi banyak promo dan tidak pelit👍,positif,aplikasi banyak promo tidak_pelit
6cd1b540-e326-4274-8e6f-57277c5d96ea,Hasanahneneg,5,2026-08-18 05:54:49,"sudah lama menggunakan gojek dan gocar, sudah oke, dan semoga kedepan nya makin tambah oke...",positif,lama guna gojek gocar baik moga depan makin tambah baik
df4af660-0119-4f8d-b3d3-6efbe5382ff9,Ujen Jaelani,5,2026-09-07 21:35:54,saya pelanggan gojek. sdh lebih dari 25thn,positif,langgan gojek lebih thn
0c802379-4519-4d15-bff3-01bf387a4bfe,Alan Wahyu,5,2026-09-05 19:41:10,"aplikasi terbaik, mau kemana aja gampang, mau mau makan aja lebih gampang....terima kasih",positif,aplikasi baik mau gampang mau mau makan lebih gampang terima kasih
49b11036-2e7b-45c0-ab8e-bd8c0552fcfb,NGATIASIH,5,2026-09-10 19:19:01,"sangat membantu, mudah ,",positif,sangat bantu mudah
cd9ae82c-fdf2-4b53-95aa-fc89bb0301a2,Arie78,5,2026-09-01 22:06:05,"Recommended, cepat, terpercaya.",positif,recommended cepat percaya
e1679191-4f49-483a-93ce-0c2588ed2f9b,exsel mania,5,2026-08-15 10:12:59,selalu sampai tjuan,positif,selalu tjuan
198f4604-9a58-4b6e-8487-129fd1659ac7,Adi Setiawan,5,2026-08-12 13:54:12,"ayo dong banyakin promo lagi kayak awal, negara kita kan kaya, masa karya anak bangsa cuma gini doang, kan buat rakyat, katanya...",positif,ayo banyakin promo kayak awal negara kan kaya masa karya anak bangsa cuma gin doang kan rakyat kata
aaeaee27-7871-4940-bc77-34dd8fca89c3,Fajar Imansyah,5,2026-08-14 18:41:30,mines gofood mahal,positif,mes gofood mahal
e12f085f-347c-413b-a1bb-61d8a5661425,Edo Maulana,5,2026-08-11 19:17:03,pasti ada jalan,positif,jalan
55aae88a-fa53-4cc3-b1f2-7b35d367f270,Sari Sari,5,2026-08-27 12:35:03,karna pelayanan yang cepat,positif,layan cepat
7bb6f78f-fe62-48a0-9855-fb4878f73b5b,Eko Raharjo,5,2026-09-10 16:16:11,respon pengemudi baik,positif,respon kemudi baik
0c90a61b-49bf-4430-b2f4-897e4cb3dc7e,Pengguna Google,5,2026-09-07 05:37:21,"terimakasi gojek karena kehadiran kamu aku jadi tidak telat untuk ke sekolah , pesan saya siapapun itu bapak-bapaknya yang sedang mencari nafkah semagat dan jaga kesehatan",positif,terimakasi gojek hadir kamu aku jadi tidak_telat sekolah pesan siapa bapak bapak sedang cari nafkah semagat jaga sehat
a04b7013-a90f-4b8b-a04b-8ffd8f49543e,Lidya Triana,5,2026-08-27 18:54:54,"aplikasi nya bagus.. tp yg lucu,,, knpa d bkin aplikasi gofood dg ongkir murah.. tp pas milih itu ujung2 nya ngga dpt driver dan hrus d batalkan... dg alasan ya ituu.. milih ongkir murah... kwkkwkwkw klw mmng ngga akan d ambil driver, mnding ngga ush d bkin ongkir murah kakaaaa... 🙏🙏 saran ajaaa sih ya.. mending hapus ajaa",positif,aplikasi bagus lucu knpa bkin aplikasi gofood ongkir murah pas milih ujung tidak_dpt driver hrus batal alas ituu milih ongkir murah kwkkwkwkw klw mmng tidak_akan ambil driver mnding tidak_ush bkin ongkir murah kaka saran mending hapus ajaa
fc23e53f-cca4-4e49-9e11-1be33da2c8c9,Susi Suryani,5,2026-09-10 07:07:20,pengemudi baik dan sopan,positif,kemudi baik sopan
c0b0aab3-ecfa-4147-a5b0-434cd591274f,diki Rah,5,2026-08-17 00:47:08,sangat membantu dan mudah dimengerti,positif,sangat bantu mudah erti
ba94fe7e-e2f9-4ec4-b93a-94e9a87fe7ed,Alexsa,5,2026-09-13 20:05:16,"suka bangettt plss, stiap mlm klo laperr sllu mesen, cptt smpe ny jugak",positif,suka banget plss stiap mlm kalau laperr sllu mesen cptt smpe ny jugak
536b12c6-c952-4650-8d6f-b115e952d024,Sunarjun,5,2026-09-11 07:31:24,simple pakenya cm gk ada promo ky sebelah,positif,simple pakenya cm tidak_ada promo ky belah
10e43860-dd06-41ec-8b13-60290134090c,Penu Ditawijaya,4,2026-08-13 07:48:06,pengemudinya ramah dan safety,positif,mud ramah safety
a21fce3d-95c6-4ed8-b4ef-e4e5ca8dc8b7,Sifaaulia nurrohmah,4,2026-08-17 16:18:51,"bagus tapi kadang kalo pesan gofood sudah nunggu lama malah kondisi lagi ramai, jadi di batalin gtu. sayang bgt ya kalo kaya gtu udah nunggu lama. sisanya oke oke aja sih",positif,bagus kadang kalau pesan gofood nunggu lama malah kondisi ramai jadi batalin gtu sayang banget kalau kaya gtu nunggu lama sisa baik baik
3b023b8e-aead-4b35-83de-ebd8066f95f4,Puji Lestari,4,2026-09-05 22:03:29,senang bisa menikmati perjalanan bersama gojek,positif,senang nikmat jalan sama gojek
67eef13a-f22d-4baa-bda6-d66550be6f1b,Imu Mulyana,5,2026-09-01 21:46:39,mantap murah bangeet,positif,bagus murah bangeet
3e792528-38bd-45a8-bc73-36982d4bd174,Ariputra Business,5,2026-08-11 14:59:51,sejauh ini uda ok cuman tolong dong untuk maps nya di perbaiki lagi sehingga waktu proses orderan gak nyasar ke rumah orang,positif,jauh uda baik cuman maps baik waktu proses order tidak_nyasar rumah orang
a6262890-44a2-4e29-8a57-150049909e38,Zaskia Faradiba,4,2026-09-12 16:24:00,"Kalau cari driver lama, mentang mentang pake yang murah.. pdhal kalau mau ambil pasti tak lebihin orang orang tu.. dah gitu pernah ada yang gk sopan.. makin males pake gojek",positif,kalau cari driver lama mentang mentang pake murah pdhal kalau mau ambil tak lebihin orang orang tu gitu pernah tidak_sopan makin males pake gojek
45c5c6a2-6532-431b-9714-748a7a8cb371,Dewi Agus,5,2026-08-26 09:48:09,"banyak promo,dimana mana ada",positif,banyak promo mana
f31505fc-f808-4edf-a755-0316d59da104,Abd Fatah,5,2026-08-19 19:34:30,Utamakan pelayanan dan keselamatan🙏,positif,utama layan selamat
f25d40cc-9f37-4063-862a-49c69f6e15d6,Fahri Nopriansah,5,2026-09-10 15:44:26,membantu kehidupan sehari-hari,positif,bantu hidup hari hari
0eedc0ab-9013-4d4f-bd6c-0a982536687a,Syarif Hidayah,5,2026-08-11 19:58:02,"gojek sangat membantu kebutuhan sehari-hari apalagi kalau sedang kehabisan makanan dirumah, dengan gojek semuanya beres banyak promo yang dapat digunakan sehingga mendapatkan harga yang terjangkau",positif,gojek sangat bantu butuh hari hari kalau sedang habis makan rumah gojek semua beres banyak promo guna dapat harga jangkau
0f32001c-b16e-4a02-b963-3006f4e436ed,DWI Lestary,5,2026-08-16 19:10:18,ok mempermudah bagi yang membutuhkan praktis cepat.,positif,baik mudah butuh praktis cepat
739fbaab-ca1a-40ed-8e3c-e1c12f2b87bf,Novel aziz,5,2026-09-03 19:20:55,membantu sekali dalam kebutuhan transportasi.,positif,bantu sekali butuh transportasi
15dea839-2a25-42c3-91b9-a7183c2a5cc1,Muhammad Luqman Hakim,5,2026-09-11 14:55:43,bagus dan ramah,positif,bagus ramah
31e6b3fe-f4c0-4d3f-9870-073a78d038b0,arvelia gv,4,2026-09-07 19:03:02,"bagus, tapi ngeselin pesen makanan kalo nunggu drives lama ga dapet dapet perkara pake vocer murah mana ga bisa di batalin lagi gila ni apk lu mau gw mati kelaperan",positif,bagus ngeselin sen makan kalau nunggu drives lama tidak_dapet dapet perkara pake vocer murah mana tidak_bisa batalin gila ni aplikasi kamu mau mati kelaperan
89ef606f-8cf2-410d-96a1-8bb05d47addb,yoyok susantoyo,5,2026-08-11 12:43:46,"mantap wes, bisa apa aja, mo kmn aja dan kapan aja.....paling bisa diandalkan pokoke....moga makin baik lah.... 🙏",positif,bagus wes apa mo kmn kapan paling andal pokoke moga makin baik
b31a96ab-166b-4da6-a7ff-4e29a7eed372,Sidni Rofenny,5,2026-08-28 03:31:38,"Apl Gojek telah sangat membantu berkehidupan saya sepanjang ini, keren, untuk transformasi sangat murah, untuk gofood sangat fleksibel, slalu ready siap antar secepat kilat apalagi dengan program paylaternya, semakin kita aktif semakin terus naik fasilitas limitnya dan itu sangat membantu dan meringankan, mashaallah,saya sudah akrab dg apl Gojek sudah dari berkali kali hp hilang dan ganti ganti hp baru, Trimakasih apl Gojek.",positif,apl gojek sangat bantu hidup panjang bagus transformasi sangat murah gofood sangat fleksibel slalu ready siap antar cepat kilat program paylaternya makin aktif makin terus naik fasilitas limit sangat bantu ringan mashaallah akrab apl gojek kali kali hp hilang ganti ganti hp baru trimakasih apl gojek
f93687d9-1038-4e38-94b3-2d8a6a23816a,Arya Saputra,5,2026-09-14 10:12:19,cepat tepat dan akurat harga terjangkau 👍👍👍,positif,cepat tepat akurat harga jangkau
64e6cdd1-1e10-4632-9201-3b735e1157c5,Tino Agung Sembodo,4,2026-09-03 05:11:13,Kenapa alamat saya hilang? Ikuti alamat sesuai peta tapi yg keluar alamat lain.,positif,alamat hilang ikut alamat sesuai peta keluar alamat
3f53e548-2b56-409e-92e3-dd40f269f158,Feny Febrianty,5,2026-09-10 14:03:37,kecewa udh beberapa hari ini conis dari permainan ga masuk jadi saya uninstall aja lah,positif,kecewa beberapa hari conis main tidak_masuk jadi uninstall
125a673c-ea82-4c04-a293-f8329b7f4d6e,wisnu hartanto,5,2026-08-20 14:08:01,cepat dan aman,positif,cepat aman
20c532d1-bed7-41ce-9534-719c9d0bd171,SaL M,4,2026-08-10 09:03:16,kalau bisa postingan untuk makanannya itu fotonya gitu diprofesional kan lagi biar lebih rapih dan mantap,positif,kalau postingan makan foto gitu profesional kan biar lebih rapih bagus
f6df7ae7-de96-44c5-846b-a64e4f834554,Yanto,4,2026-08-18 13:32:06,"lambat di proses pencarian drive, hampir memakan waktu 2jam,dn juga tidak tepat waktu pertama, bisa di undur undur",positif,lambat proses cari drive hampir makan waktu jam dn tidak_tepat waktu pertama undur undur
f47f371b-e6fb-4715-b800-3bb344c9cc2f,Ignatius Hanzel,5,2026-08-14 09:57:54,Gojek ini sangat bagus sekali,positif,gojek sangat bagus sekali
a30b0cae-bf1f-4016-9124-b1eeef3f0803,Indri Atmoko,5,2026-09-08 19:23:22,karena saya driver Gocar 👍,positif,driver gocar
5221dc90-360c-422b-bd41-c9faf5b70e03,firman aza,5,2026-08-30 10:42:28,"Sangat Baik, Terus ditingkatkan utk service nya",positif,sangat baik terus tingkat service
0178f756-5061-426c-aa90-c03cc545754d,Aditya Helmi,5,2026-09-04 08:13:27,semoga semakin baik dan menjadi yg terbaik,positif,moga makin baik jadi baik
668601f2-c916-44ab-a6e4-76d9facf0c0a,sarwono n putra,5,2026-09-02 09:04:43,gojek Pe 'ak. error terus. di install ulang juga gak bisa,positif,gojek pe ak error terus install ulang tidak_bisa
eacca364-e7a3-4ead-ba00-3869cdeeb63b,Hotma L.Tobing,5,2026-08-10 16:53:34,"Terhitung 2019, saya tidak ikut gojek lagi. Apa saja yg harus saya lakukan untuk nenjadi pengguna gojek. Terima kasih.",positif,hitung tidak_ikut gojek apa laku nenjadi guna gojek terima kasih
27ed4a7d-016c-44c5-9e43-6eb681359dbe,wanto craft,5,2026-09-01 12:46:59,layani dengan sepenuh hati,positif,layan sepenuh hati
0187802f-7672-4d52-9f3f-6f9d9a649d9a,Zamuri kabayan Yahmien kabayan,5,2026-09-07 22:08:01,bagus kak bahanya,positif,bagus kak bahanya
7c5656b6-1765-4610-9283-8fba5297a808,Dafa Nurfatoni,5,2026-08-10 21:16:45,Bagus dan bisa kapan aja .,positif,bagus kapan
28352847-840d-4f9e-a876-e045028f0ee0,Pak Een Channel,5,2026-09-11 10:04:08,keran dan mantap,positif,keran bagus
8c5d9281-3fd5-422d-a123-523dccca53aa,Emilya Ina,5,2026-08-30 11:12:08,"aplikasinya baguss bangeet, and banyak promonya juga",positif,aplikasi baguss bangeet and banyak promonya
62709809-2a1b-43ba-9357-348335b292a0,F44NK 29,5,2026-09-12 16:28:50,Semoga mitra Go-Jek maupun gocar bisa lebih friendly dan tetap humble,positif,moga mitra go jek maupun gocar lebih friendly tetap humble
3b6a0ebd-9cb0-4d72-ad69-cdbffb23dd85,Abdul karim Karim,5,2026-09-11 06:32:27,semoga bisa membantu,positif,moga bantu
bf2c3b77-d530-4b67-93d6-9ee5bfbf15f8,Fitriah Nur Hasanah,5,2026-08-14 11:52:05,Selamat datang ini sudah pengiriman paket karena jujur kak selalu dan sehat lebih sukses penting kerja rajin terus menerus baik' terimakasih 😊😊,positif,selamat datang kirim paket jujur kak selalu sehat lebih sukses penting kerja rajin terus terus baik terimakasih
20b485f4-9128-4293-9e4a-607c319a4cfb,TRI JOKO,5,2026-08-25 10:39:40,baik dan ramah,positif,baik ramah
7ea4ca09-4326-4720-a202-a5cae0709ca0,Rani rima,5,2026-09-12 06:35:14,terimakasih selalu ada dan selalu bisa di andalkan gojek selalu bisa disaat di butuhkan,positif,terimakasih selalu selalu andal gojek selalu saat butuh
a0207ae0-7b23-4568-b3b2-31a28b7e1d6c,Endang Lestari,5,2026-08-13 15:42:34,orangya ramah gk ngebut,positif,orangya ramah tidak_ngebut
367321a6-bc74-40a3-bdc0-99a1c57608e5,ahmad safii,5,2026-09-11 06:00:54,"tepat waktu, sopan",positif,tepat waktu sopan
2ce80827-4c5e-495f-8685-f886e5119123,Azure Aksnes,5,2026-08-18 07:13:30,when yh pesen gojek tpi drivernya fans .feast biar bisa nyanyi bareng sepanjang perjalanan wkwkwk. gojek da best deh ya pokoknya.,positif,when yh sen gojek drivernya fans feast biar nyanyi bareng panjang jalan wkwkwk gojek da best pokok
43f5ac29-b52e-4054-9e3e-ebf9413ede1c,Ilham ilham,5,2026-08-12 08:18:09,sangat menarik terima kasih,positif,sangat tarik terima kasih
7ed8a021-ded7-4006-8ad3-593f82605aa1,Mohamad Aman,5,2026-09-02 04:39:01,kemana-mana beres dengan gojek,positif,mana beres gojek
98e776e0-fe46-4bb9-8f0a-7d21f27c73c1,Zafranputra Ramadhan,5,2026-09-03 20:58:41,makasih jek sudah memperkerjakan saya 🙂,positif,terima kasih jek kerja
66204e7d-796a-48dc-aa2b-24280f0bc8f9,Pollysteven,5,2026-09-06 10:28:21,sampai tempat tujuan dengn keadaan selamat🙏,positif,tempat tuju dengn ada selamat
0e2a93d4-f1d9-4220-b036-7873c43b542e,Ridwan Nurjaman,5,2026-08-20 17:14:09,dari dulu pakai Alhamdulillah mantapp,positif,dulu pakai alhamdulillah mantapp
2cc97287-9132-4c2d-a6fd-a36cc9e2eb3c,Setiana Pramono,5,2026-09-06 12:15:55,pokonyaa gojek the best ⭐⭐⭐⭐⭐ ⭐⭐⭐⭐⭐,positif,pokonyaa gojek the best
9de6faa5-bec9-4e43-aa2a-5a737b5b813e,Ronald Hassan,4,2026-08-12 21:56:20,Bagaimana kalau go food hanya menerima layanan untuk makanan yang halal saja....terima kasih,positif,bagaimana kalau go food terima layan makan halal terima kasih
5c9e29c4-0f46-459b-8cab-e3b1796ffa79,Azahra Oktavia,5,2026-08-29 09:21:44,sangat membantu bagi saya yg gak bisa naik motor,positif,sangat bantu tidak_bisa naik motor
a30b8d98-b316-416f-9b37-c41ad8b2c505,rohman saputra,5,2026-09-11 07:10:42,perjalanan jadi lebih mudah 👍👍👍,positif,jalan jadi lebih mudah
35ff4f8c-5f48-4116-87c1-3d11a607c8a9,Jubel Sihombing,5,2026-08-24 10:04:00,"selalu jadi kebutuhan ku aplikasi ini,the best",positif,selalu jadi butuh ku aplikasi the best
8f97cd53-1772-4644-ac76-c241fa5fc717,Khusnur rijal,5,2026-09-11 23:43:12,mojon gopay latery di altifkany butih dana secepaty,positif,mojon gopay latery altifkany butih dana secepaty
e387fa76-9e8a-4d05-af89-dc624d5466c2,Dede Tina,5,2026-09-08 21:46:45,"gass gojek oky bangett terimakasih,,",positif,gass gojek oky bangett terimakasih
5001b7be-fa30-4e30-b2a8-a08ff3599b60,Johansyah Alwin,5,2026-09-04 22:52:53,"hapus jek layanan hemat,bikin susah driver loh",positif,hapus jek layan hemat bikin sulit driver
327bf020-ec40-44a0-b8d5-6687e2f96c27,Wisnu Catur Saputra,5,2026-09-12 11:38:09,"kenapa kalo sabtu&minggu gojek selalu milih rute terjauh, rute normal cuma 2km malah jadi 5-6km dengan biaya yg lebih mahal dari biasanya.",positif,kalau sabtu minggu gojek selalu milih rute jauh rute normal cuma km malah jadi km biaya lebih mahal biasa
2d77e3e8-41d5-42bc-9ba3-0f30770bd426,Ananda Ramadani,5,2026-09-01 21:27:31,sangat membantu terimakasih,positif,sangat bantu terimakasih
92486dab-92a7-4b95-8894-4c94c3994073,elvan rayhan,5,2026-08-23 11:52:54,makasih gara gara gojek tiap hari aku makan enak,positif,terima kasih gara gara gojek tiap hari aku makan enak
7174573c-25f2-43ca-83c0-06c88e1f2dd0,Wayan Prayoga,5,2026-09-13 22:35:07,sangat membantu di saat mendesak..,positif,sangat bantu desak
b1554f5b-5e8b-45fb-a701-260215976d49,Teddy Januardi,5,2026-09-09 20:00:47,gojek top banget,positif,gojek top banget
5b9e6fe9-fd69-4c54-ab27-167e3b285229,Alfito Valentino,4,2026-08-17 00:04:08,aplikasinya sudah oke cuman tolong kalo sedang mesan makanan atau mesen GO-RIDE itu tidak bisa lihat lokasi atau posisi driver dimana hanya menampilkan animasi sajaa tolonglah,positif,aplikasi baik cuman kalau sedang mesan makan mesen go ride tidak_bisa lihat lokasi posisi driver tampil animasi sajaa tolong
fbf011e9-5fd9-4ada-8347-8d62061e782e,Anfa Family,5,2026-08-31 06:04:36,"sat set, banyak promo juga😁",positif,sat set banyak promo
9e70aec6-a23c-40c1-abff-945c3de7fb0a,Suhanda,5,2026-08-25 08:26:52,Alhamdulillah panggil Driver Gojek cepat sampai tidak menunggu sampai berlama lama.,positif,alhamdulillah panggil driver gojek cepat tidak_tunggu lama lama
6d75f322-6d02-4588-9674-c7e3a6a556ff,Rully Cace,5,2026-08-15 07:37:16,cepat.. nyaman.. aman,positif,cepat nyaman aman
2cae87c0-251c-46c5-8962-74d7a8ad92ae,Fitriyah Anggraini,5,2026-08-29 20:47:55,"udh santai drumah, harga jg lebih murah drpd offline",positif,santai drumah harga jg lebih murah drpd offline
f24fe187-9464-46e2-b8cf-e0452077b521,Pengguna Google,5,2026-09-07 07:12:53,tolong di perhatikan tarif ada yang tidak tarif berubah sesuai secara otomatis diaplikasi pengguna,positif,perhati tarif tidak_tarif ubah sesuai otomatis aplikasi guna
82100d9f-2f8a-4a5c-bc5f-7f7990247e31,Istinganah Istinganah,5,2026-08-19 19:02:26,"order cepat , driver datang sesuai estimasi waktu",positif,order cepat driver datang sesuai estimasi waktu
0065241a-5bde-4199-8c8f-67763147da55,Imron Rama,5,2026-08-27 11:22:12,membantu saat diperlukan,positif,bantu perlu
affe9376-2fca-47c0-aee7-84e0e8472d53,oji rajikin,5,2026-09-03 21:12:53,"top bingit, nggak pake lama",positif,top bingit tidak_pake lama
ce5be257-154f-4efe-b2dd-f3d0dba5f425,Noni Aramika,5,2026-08-10 08:40:08,"overall, it's good. 👍🏻",positif,overall it bagus
5dc46f32-ea5e-47f8-8d84-c7f77af84f55,Sakina,5,2026-08-26 18:37:01,adanya Go-Jek saya merasa sangat senang karena sangat membantu,positif,ada go jek rasa sangat senang sangat bantu
ab46d12c-26ab-490d-a7ee-725e7f890568,professional007indonesia,5,2026-09-10 11:19:05,Transportasi tepat guna melayani dg baik dan cepat,positif,transportasi tepat layan baik cepat
2098dd0a-0d89-4227-8de7-237e18ca25b7,Tini Zein,5,2026-08-13 12:41:22,"sangat membantu perjalanan kmnpun, byk jg potongan voucher nya...ttp tingkatkan pelayanan supir & kendaraannya...👍👍👍🥰🥰",positif,sangat bantu jalan kmnpun byk jg potong voucher ttp tingkat layan supir kendara
29f24461-67da-430c-beea-3e7526da7d5a,Fauqiyyah Salimah,5,2026-08-19 22:18:16,"saran saya,mungkin lain kali ada opsi pilihan driver wanitanya, agar wanita bisa dapat driver wanita juga",positif,saran mungkin kali opsi pilih driver wanita wanita driver wanita
fc58443b-93ba-4c97-a979-f343a7fbd1c1,Pengguna Google,5,2026-08-13 10:06:23,"bagus driver, ramah",positif,bagus driver ramah
9ffec3f7-bc84-4f9b-9c83-55fd068507b1,Inthan Fitrianii,5,2026-09-12 10:53:15,"aplikasinya good banget ♥️ mungkin beberapa driver nya sih yg agak gimna gitu, fungsi order 2 titik itu biar gk ngrasa keberatan tp ternyata si driver mlh bilng jgan lama lama ya kak 😒 lah aku kn pesen 2 titik emang sengaja biar bisa mampir kocak mknya suka mls klo di suruh order lagi",positif,aplikasi bagus banget mungkin beberapa driver gimna gitu fungsi order titik biar tidak_ngrasa berat nyata si driver mlh bilng jgan lama lama kak aku kn sen titik emang sengaja biar mampir kocak mknya suka mls kalau suruh order
82c6ece0-58cb-405e-9b8f-8140e59f3e19,Firmansyah Putra,5,2026-09-09 15:34:34,"Alhamdulillah, makasih gojek, saya bisa pulang cepet tanpa harus nunggu ibuk saya yang jemput, soalnya kalo ibuk saya yang jemput mesti lama nunggunya, tapi kalo pesen gojek, jadi lebih praktis aman, dan murah tentunya, sekali lagi, thanks ya gojek. Mantap, saya acungi jempol, jasamu, tak akan pernah kulupakan. 👍🏻",positif,alhamdulillah terima kasih gojek pulang cepet tanpa_harus nunggu ibuk jemput soal kalau ibuk jemput mesti lama nunggunya kalau sen gojek jadi lebih praktis aman murah tentu sekali terima kasih gojek bagus acung jempol jasa tak pernah lupa
a17f4e1d-0641-433a-aa18-a97e83464b28,Ropi 420,5,2026-08-10 12:59:48,sangat bagus cepat,positif,sangat bagus cepat
2637599c-bc9a-4f6b-9b2e-f1d6c905f9ab,Ramsya Zawr,5,2026-09-11 14:42:21,"sangat worth it bangettt, merata di semua daerah!",positif,sangat worth it banget rata semua daerah
e7f723d6-b07d-465b-806b-46322a375c68,Sukma,5,2026-08-23 07:58:13,bisa di gunakan untuk sesukanya dan banyak diskon yg di perlukan,positif,guna suka banyak diskon perlu
b0a1250c-3c00-4dbe-ac5d-e5a2ca1196c5,Ade Rahmat,5,2026-08-18 09:34:09,"jemput cepat, perjalanan aman, tepat, terimakasih driver,",positif,jemput cepat jalan aman tepat terimakasih driver
433268c5-40ee-4a82-8b21-c32cb95cbadd,Mas Beck,5,2026-09-12 19:46:17,bagus sih..cuma agak sulit kalau dikampung....,positif,bagus cuma sulit kalau kampung
92f1c7d0-422a-4261-8108-43fe42bd0d01,muh alif,5,2026-09-03 12:59:47,very2 good and thanks,positif,very bagus and terima kasih
b2986f5f-874c-42d1-b4e8-6c119cb0b7b3,Nurmeilani,5,2026-08-22 20:47:32,"suka banget sama fitur gosend nya,bikin g ribet kalau mau kirim pakaian mknn dll",positif,suka banget sama fitur gosend bikin rumit kalau mau kirim pakai mknn
a34d56b4-0d7d-4970-9e00-189b88bf3a3b,Melia Hemilda,4,2026-09-01 06:15:48,"tolong kepada mitra gojek, kalau memberi driver ke penumpang jangan yang jauh dari lokasi penumpang. saya sering kali terlambat ke sekolah hanya karna tidak dapat driver, kalau masalah tarif, memang kenapa kalau penumpang memilih tarif yang lebih kecil nominal nya (?). sudah memilih yang lebih besar nominal nya tetapi sama saja datang nya lama, ini gimana ya mitra gojek? tolong perubahan nya dong, jangan kaya gini terus.",positif,mitra gojek kalau beri driver tumpang jangan_yang jauh lokasi tumpang sering kali lambat sekolah tidak_dapat driver kalau masalah tarif memang kalau tumpang pilih tarif lebih kecil nominal pilih lebih besar nominal sama datang lama gimana mitra gojek ubah jangan_kaya gin terus
3f2c4fc4-78ab-4224-87e7-ee4cf83fe643,Joe Hery,5,2026-09-09 13:50:30,inti nya sangat membantu👍👍👍,positif,inti sangat bantu
3d0bf4f9-d33b-45d0-aabc-8679fe2b0f41,Sudarto Darto,5,2026-09-10 13:29:00,"Pelayanan cepat,aplikasi mudah di gunakan",positif,layan cepat aplikasi mudah guna
d9310d56-fc07-4a95-a0ad-ae5fb7c7de0f,Bunga Marina,4,2026-09-11 20:36:29,kadang harga di aplikasi ini lebih mahal,positif,kadang harga aplikasi lebih mahal
d77c9740-e65a-42c8-86df-c0df306e5f3d,NOER ROHMAN,5,2026-09-03 12:07:10,"tolong lah,untuk CS goride. klw pas naik motor,mohon duduk ya tidak diujung motor bngd,karena sangat beresiko dan membahayakan driver dan CS itu sendiri.. driver jg tau diri kq,klw duduk ya ga diujung dia jg ga akan mepet2 kebelakang🙏🙏 MOHON UNTUK SALING PENGERTIAN YA ANTARA CS RIDE DAN DRIVER. terimakasih🙏🙏 sekali lg mohon maaf🙏🙏 ga semua CS selalu duduk dibelakang paling ujung,tapi kebanyakan ya emang duduk ya dibelakang paling ujung🙏🙏",positif,cs goride klw pas naik motor mohon duduk tidak_ujung motor bngd sangat resiko bahaya driver cs sendiri driver jg tau diri kq klw duduk tidak_ujung jg tidak_akan mepet belakang mohon saling erti cs ride driver terimakasih sekali mohon maaf tidak_semua cs selalu duduk belakang paling ujung banyak emang duduk belakang paling ujung
2a45e198-c4e5-4763-9608-67a4f960a583,Titin Widodo,5,2026-08-11 14:55:47,selalu ontime dan komunikatif,positif,selalu ontime komunikatif
60c1c80e-00c3-48ba-9535-20a54ee0bdbb,Lusi Handayani,4,2026-08-16 22:57:18,"gojeg tolong untuk driver atas nama Romansyah alamat Kawasaki rawapanjang kota bekasi RT 01 RW 06 di off aja aplikasi nya ,orang itu Cepu narkoba dan dia pengedar narkoba juga ,",positif,gojeg driver atas nama romansyah alamat kawasaki rawapanjang kota bekas rt rw off aplikasi orang cepu narkoba edar narkoba
bd16b6ac-8164-4aa8-9f9e-8aafef61acd1,raturaru theza,5,2026-08-30 17:04:19,semoga apk nx jujur dn mudah,positif,moga aplikasi nx jujur dn mudah
dda30164-ab3b-4182-a20d-e3ded942f250,Oppo Reno,5,2026-08-15 11:07:05,respon drivernya cepat dan pemilihan rute juga bagus. aplikasi ini sangat membantu saya dalam bepergian.,positif,respon drivernya cepat pilih rute bagus aplikasi sangat bantu pergi
7c80138d-86ad-44a8-bcac-bc66a86916bc,livia fitri,4,2026-09-03 15:45:57,"fiturnya masih ada yang kurang, di fitur ""minta"" gopay nya qr nya tidak muncul. mohon untuk di perbaiki",positif,fiturnya kurang_di fitur minta gopay qr tidak_muncul mohon baik
a4faccf9-135c-49f6-9c9c-9210df7209d6,Daru Priambodo,5,2026-09-02 16:54:02,gojek sangat terpercaya.,positif,gojek sangat percaya
ec9d48b9-fd27-4982-9c83-bd584abca7ee,Wiji Astuti,5,2026-09-13 08:10:44,lebih aman dan nyaman,positif,lebih aman nyaman
f64a9d85-4e50-4037-a1cf-92e2b91168f3,Hello Vanilla,4,2026-09-02 03:11:03,untuk hp ram 2 agak berat smpai lag hpku,positif,hp ram berat smpai lag hpku
e885f941-0abc-44d5-a53a-5905a6b961d8,Adis adi,5,2026-09-01 21:06:28,bagus untuk bepergian,positif,bagus pergi
f943c0f3-3196-4fa9-af0b-f1870d7fbf8c,Yoini Jesica,4,2026-08-22 20:50:06,"padahal dari gojek nya yang ngadain diskon murah 1k tapi giliran pesen makanan gitu lama bgt dapet driver nya sampe berjam' lama tau nunggu nya, orang lagi laper' nya harus nunggu lama uda nunggu malah ga dapet' sampe di batalin",positif,padahal gojek ngadain diskon murah gilir sen makan gitu lama banget dapet driver sampe jam lama tau nunggu orang laper nunggu lama uda nunggu malah tidak_dapet sampe batalin
07f36906-83bf-4f1f-b45e-18f92dbe7644,Ismet Harahap,5,2026-09-01 17:36:23,mantaf dan bermanfaat,positif,mantaf manfaat
6a0fbd9b-739b-47f7-a4e7-eca4ab3d6393,kasino,5,2026-09-11 09:10:00,"Good job, sangat memudahkan untuk mobilitas pekerjaan",positif,bagus job sangat mudah mobilitas kerja
2e82bbf0-7c20-4220-bfe8-ccafbfc8da3f,Jaya Sugiartono,5,2026-09-03 18:34:56,seneng aplikasi anak bngsa,positif,neng aplikasi anak bngsa
dd0fb690-a23d-4e7a-a933-12f2a7495207,johnz dmr,5,2026-08-25 18:20:31,Semoga lebih baik lagi dan banyakin promo,positif,moga lebih baik banyakin promo
65ff10ac-c5e5-4bb8-a497-c95d5d664779,Kamila Kamila,5,2026-09-12 16:44:20,mixue nya enak,positif,mixue enak
a26be94a-49a8-4d40-9e2a-6a007939f034,Angelita Rambu Atandema,5,2026-09-05 13:03:48,Mantap. respon cepat,positif,bagus respon cepat
ec8ed71c-2b87-4b08-af1a-5dd4e1cd0450,Andi Yuliana,5,2026-08-30 13:32:06,sangat membantu bagi kami wali santri dari luar provinsi untuk mengirim paket untuk anak kami yang mondok,positif,sangat bantu wali santri luar provinsi kirim paket anak mondok
3b75bb12-9f9c-4d43-8e28-2b5ff55d4479,Sherly Mareta,5,2026-08-25 11:54:48,banyakin promo nya ya gojek biar jdi langganan setia pakai aplikasi ini😄,positif,banyakin promo gojek biar jadi langgan setia pakai aplikasi
112a9258-db38-4c2f-b6b1-6fbcd9126d0f,yuli anti,5,2026-08-28 20:42:26,aplikasi anak bangsa yg keren,positif,aplikasi anak bangsa bagus
9f70d53e-f3c8-4702-ab26-f542ba0c37a1,obon Tareja,5,2026-08-22 14:50:51,selama ini ga ada masalah sangat memuaskan..,positif,lama tidak_ada masalah sangat muas
dff2ab38-b665-4ebe-8d00-036893b8f05d,sugeng siswanto,5,2026-08-31 07:32:58,"good job, di tunggu promonya",positif,bagus job tunggu promonya
3827a492-3eb7-4079-8257-e70b8ed858d7,Aryari Riyanto,5,2026-08-15 01:07:30,apun aplikasi ini,positif,apun aplikasi
4bce58ab-6797-4caa-ae60-01df1b52e4b8,usman amris85,5,2026-08-28 01:26:58,driver nya ramah dan baik serta cepat,positif,driver ramah baik cepat
32b53f24-9cf1-431c-a445-d315d1f846d2,Wahyu Alwi,5,2026-08-22 15:21:11,drivernya banyak yg solid dan ramah 👍,positif,drivernya banyak solid ramah
01055836-4119-43bd-8926-a8a34283dc92,Ratih R,4,2026-08-15 08:44:40,"dear developer, harga upgrade game laris mawnis tolong dikurangi yaa kemahalan",positif,dear developer harga upgrade game laris mawnis rang yaa mahal
dafc84a2-bc8c-4573-8ea2-593ad91cb30a,Rony Melody,5,2026-08-29 06:50:55,cepat dan akurat,positif,cepat akurat
01c79e42-2bf8-4973-b6fe-8b9277d6835f,SMPN1 Bontomarannu,5,2026-08-26 18:22:17,sejauh ini blm ada kendala,positif,jauh belum_ada kendala
15654fb7-cb8e-43d9-876b-367781ff0cfb,Adinda Marisa,5,2026-08-13 17:57:52,sangat puass dengan aplikasi ini,positif,sangat puass aplikasi
cd65c782-91d6-4238-89f9-6fabea46f96c,Syaiful Bahri,5,2026-08-15 08:48:47,saya penguna selalu gojek comfrot. semoga selalu konsisten pelayanannya,positif,penguna selalu gojek comfrot moga selalu konsisten layan
88c87ecc-4107-4ab1-95ae-67533f77b0e7,erin deandra saragih,4,2026-09-02 20:46:48,"tolong kalo ada keadaan sperti hujan, lama sekali dpt nya, sya kecewa",positif,kalau ada sperti hujan lama sekali dpt sya kecewa
b22718cd-c3f9-4aef-9146-3417eec8db21,Bapa Hanif,5,2026-08-28 10:21:30,acc dong playlater gopay saya,positif,acc playlater gopay
7737de6d-53b4-407b-91fb-e01673119848,pringadi danusaputra,5,2026-08-12 06:36:34,"saya rubah komment nya, produk lokal Mayan lah Murmer di kantong",positif,rubah komment produk lokal mayan murmer kantong
4dc84a20-b89d-4623-bcec-4089b64a06aa,Didik 3wahyudi,5,2026-09-06 13:14:46,aplikasi memuaskan sangat membantu,positif,aplikasi muas sangat bantu
67ea8828-6ed3-4a92-a014-feac67c0d9c7,For You,5,2026-08-31 19:25:56,smp sejauh ini sih masih oke aplikasi dan driver nya..blm nemu yg aneh2.jadi ak kasih bintang 5 aja deh,positif,smp jauh baik aplikasi driver belum_nemu aneh jadi ak kasih bintang
62e09193-4438-4c41-9510-0187367c7f85,Didin Jaenudin,5,2026-08-13 23:41:40,terimakasih banyak mitra,positif,terimakasih banyak mitra
9b031f5f-ae64-487a-8a26-bc85c287bb57,yanti suryani,5,2026-08-17 23:52:15,bagus dan sesuai,positif,bagus sesuai
b074b2b0-6f7f-4198-bccc-d757967d2e84,Yeni Tuti,5,2026-08-21 11:55:40,"nyaman aman dan terpercaya, driver nya ramah ramah",positif,nyaman aman percaya driver ramah ramah
bfffed70-e72e-40b4-9d40-49644f2900b5,Zet Boezet,5,2026-09-01 08:16:49,cuuss gak pake drama..,positif,cuuss tidak_pake drama
9c8391f3-207f-4d98-8b0c-eab97ddc0393,Siti Nur Iman Halawa,5,2026-08-24 11:05:56,Aman dan Nyaman,positif,aman nyaman
5b1b0310-4251-4b16-bb61-b1b77ace1031,Ni Made Shinta Hardiyanti bendesemas,5,2026-09-09 18:02:25,"Satu aplikasi yang paling bagus banget saya suka belanja dan mencari motor dan mobil bisa pergi kemana saja,terima kasih gojek.",positif,satu aplikasi paling bagus banget suka belanja cari motor mobil pergi terima kasih gojek
ba597558-fa08-40ce-bb97-34d510971970,Rozak 999,5,2026-09-09 07:27:34,sangat mudah dan sangat membanty,positif,sangat mudah sangat membanty
80444d34-c345-46ec-9193-9098917c1941,Alamia Gulo,5,2026-08-13 15:06:04,Makasih banyak gojek sangat membantu saat ngk ada kendaraan untuk pergi2,positif,terima kasih banyak gojek sangat bantu ngk kendara pergi
a4c1c693-689d-4e38-a92c-dd427ba8ffb4,Hardiyan Wahyu efendi,5,2026-08-15 00:52:09,eror woy klaim gopay coin di game kucing gk bisa gimana nih gojek makin parah banget,positif,error woy klaim gopay coin game kucing tidak_bisa gimana gojek makin parah banget
a6ea653f-8726-4db8-a5ca-d751211565c8,mozza,5,2026-08-21 11:13:12,driver sangat sabar ..mau menunggu. terima kasih..,positif,driver sangat sabar mau tunggu terima kasih
2d2fc93e-10ef-40fb-a9ec-75e1f492dbbd,William jhon,5,2026-09-10 06:41:26,terbukti akurat dan tidak mengecewakan,positif,bukti akurat tidak_kecewa
cc5871a5-a145-48b8-9c9c-0d2b8a4a4530,Joe Soeria,5,2026-09-13 21:30:58,walau persaingannya kian sengit dengann provider lain. salut Gojek & Petugasnya tetep bisa jaga kualitas layanannya,positif,saing kian sengit dengann provider salut gojek tugas tetep jaga kualitas layan
a6320d97-ae49-4357-a300-ea813ef01a83,Masputik Putik,5,2026-09-10 10:16:37,"drivernya baik dan ramah,,, senang menggunakan aplikasi ini",positif,drivernya baik ramah senang guna aplikasi
52a5211f-89dd-4625-84dd-1b7f86e5ac18,Karma Dana15,5,2026-08-17 12:15:09,"kasi saya gopay banyak""",positif,kasi gopay banyak
7b55bee5-4d99-41f2-963b-795323193dff,Bang Gami,5,2026-08-25 16:22:58,tingkatkan terus supaya jadi lebih baik,positif,tingkat terus jadi lebih baik
19264615-3d52-43e8-a9bd-8615ee827f13,Neneng Yuliani,5,2026-08-17 18:39:12,Alhamdulillah... draver nya baik banget🙏,positif,alhamdulillah draver baik banget
bc8f581a-d32e-42e0-810c-90dcc3a8d111,Habibah Amumpuni,5,2026-08-15 20:08:47,"halo gojekk, aku dri wilayah kotabumi lampung utara, tolong buat campaign biar para merchant dftr ke gojek, dan adain metode pembayaran QRIS yaa biar enak, kaya aplikasi sebelah. thanks🫰🏻",positif,halo gojekk aku dri wilayah kotabumi lampung utara campaign biar merchant dftr gojek adain metode bayar qris yaa biar enak kaya aplikasi belah terima kasih
821285c2-6074-49e9-b512-1dedf2fe608e,Caryati ajah,5,2026-08-26 17:47:19,"Titik jemputnya sesuai peta dan nama tempatnya, tarif sekarang lebih murah",positif,titik jemput sesuai peta nama tempat tarif sekarang lebih murah
18d33dc2-bf3a-45b0-b058-8b81751667de,try Glempo,4,2026-08-13 00:37:24,"pelayanan sepenuh hati, ramah dan sopan. mantap",positif,layan sepenuh hati ramah sopan bagus
f8e4503a-84fe-492f-a250-58af6b51370b,Wahidin Wahidin,5,2026-09-07 13:59:45,sangat membantu untuk perjalanan,positif,sangat bantu jalan
8067ed01-7f90-47d1-a649-e0ec3ca34c9d,kiulvan,4,2026-09-12 16:50:16,"duh tolong dong gojek, ini knp skrng kalau cari driver lama banget. Ga gofood, goride, gocar, semuanya lama, udh gt kadang kl udah ketemu driver, drivernya yg lama, mana skrng driver pd suka minta cancel tp dr dianya gamau cancel sendiri. Tolong dibenerin sih ini, pusing",positif,duh gojek knp sekarang kalau cari driver lama banget tidak_gofood goride gocar semua lama gt kadang kalau ketemu driver drivernya lama mana sekarang driver pd suka minta cancel dia gamau cancel sendiri dibenerin pusing
17f39c3a-f047-4973-a39f-f2c6482309c6,Asih Cantik,5,2026-09-12 07:54:02,"baik, ramah 👍",positif,baik ramah
4b68c1fa-95cf-469a-99cf-6c6860b2d45d,Santi Oktavia,5,2026-09-12 09:33:52,sangat membantu kelancaran aktifitas sehari2,positif,sangat bantu lancar aktifitas hari
17998322-b46a-40bb-aea4-2dd17f0abd3f,Dede Kosasih,5,2026-09-10 18:22:00,sejak awal selalu pakai gojek partner,positif,sejak awal selalu pakai gojek partner
1fc44ae4-d45c-46c1-bc85-6c5d9f237bfa,faras jannati,5,2026-09-06 10:21:57,"Gojek selalu jadi andalan, banyak promonya jugaaa",positif,gojek selalu jadi andal banyak promonya
7fe471a2-1a71-40de-972f-7f22fa9f2761,FreeManN Sinaga,5,2026-09-03 19:24:47,"Saya mengajukan permohonan mutasi dari Goride ke Gocar tapi sudah 1 tahun tidak lolos juga, jadi saya ingin kembali ke akun goride lagi, apakah bisa ? bagaimana caranya?",positif,aju mohon mutasi goride gocar tahun tidak_lolos jadi akun goride bagaimana cara
655a6a4b-284a-4d1f-94e4-1b1beff440f5,Tri Yoga Pra Yogi,5,2026-08-14 07:33:44,"min kapan buka pendaftaran gojek di Palembang, saya udah mendaftar jadi mitra gojek, akan tetapi belum aktif juga akun saya min , semoga cepat di aktifkan yah min",positif,kapan buka daftar gojek palembang daftar jadi mitra gojek belum_aktif akun moga cepat aktif
7b0ed725-4de2-441e-9639-187e0743d964,Yaya Wati,5,2026-09-11 07:06:23,selama ini saya berlangganan dengan gojek aman dan beliu selalu naik dan sopan terimakasih untuk semuanya,positif,lama langgan gojek aman beliu selalu naik sopan terimakasih semua
f334e544-3fc7-4d9b-b2c6-f339786c6243,Erna Wati,5,2026-09-13 19:51:58,cepat dan lengkap,positif,cepat lengkap
e3b06142-dd7c-487e-8efc-9df6e9ff7f0a,Handoko New,5,2026-08-13 06:17:05,sangat membantu fan efektif,positif,sangat bantu fan efektif
839e9805-b24e-42a3-8c11-9860f80c615d,Siti Sopiah,5,2026-08-15 19:38:57,cukup membantu memudahkan gsk perku keluar rumah diantar kerumah pesanannya,positif,cukup bantu mudah gsk per keluar rumah antar rumah pesan
4d25671c-4f6f-4a2f-86f8-57c649d650b0,Diyan,4,2026-09-05 15:38:08,"benar benar emosi pakai aplikasi ini mau masukin alamat buat gosend aja susahnya minta ampun.. ada opsi milih titik lokasi tapi ribet, minta alamat lewat link tambah ga tau caranya mau tf gopay aja wajib upgradeke gopay plus.. pantesan pada milih ke oren.. tolong donk di perbaiki.. bner2 ribet soalnya",positif,benar benar emosi pakai aplikasi mau masukin alamat gosend susah minta ampun opsi milih titik lokasi rumit minta alamat lewat link tambah tidak_tau cara mau tf gopay wajib upgradeke gopay plus pantesan milih oren donk baik bner rumit soal
c313ba61-269d-4609-b2c3-269b59f9ffd4,Tuso_Yayu,5,2026-08-17 10:32:55,Sangat terbantu dengan adanya aplikasi gojek ini,positif,sangat bantu ada aplikasi gojek
7914b155-c950-4176-b9c3-917d4860f59b,Amel Ka,5,2026-08-27 04:30:03,"mantap, tepat waktu",positif,bagus tepat waktu
920e4a9a-ccb3-4c19-b838-6f97909f3a18,Radit Dika,5,2026-08-12 15:20:42,hapus sistem slot,positif,hapus sistem slot
047254f2-dce0-48f6-b5bd-2f3c5aa7cfbe,mei,5,2026-08-31 09:52:56,"aplikasinya bagus, cuma agak geram aja sama drivernya, susah carinya, kadnag dapet itu jauh poll padahal nunggu lama mlah bilang kejauhan, disini udah sabar nunggu bela-belain mau telat gara"" driver ga bertanggung jawab, tolong dong tingkatin lagu kualitasnya, terimakasih",positif,aplikasi bagus cuma geram sama drivernya sulit cari kadnag dapet jauh poll padahal nunggu lama mlah bilang jauh sini sabar nunggu bela bain mau telat gara driver tidak_tanggung jawab tingkatin lagu kualitas terimakasih
e02a718a-69d6-482b-ae65-901378bdf664,hidayat santoso,5,2026-08-23 15:17:59,Tambahin dong min Go Message(reflexi/tukang kusuk),positif,tambahin go message reflexi tukang kusuk
94248f2d-c010-475a-a622-d7aa8e915781,Efi Trisfian,5,2026-09-05 18:16:34,mempermudah kita mau apa atau mau kemana g usah bingung gojekin aja🤩,positif,mudah mau apa mau usah bingung gojekin
9164f441-8295-4bdc-958a-3285c9604442,Poedyo Poernomo,5,2026-08-21 19:10:08,sangat baik serta sopan,positif,sangat baik sopan
a2b203a0-a79d-4e07-8253-64d2d3487761,Oliva Nasa,5,2026-08-22 11:14:31,semua pelayanannya sangat memuaskan,positif,semua layan sangat muas
237d2d3c-a3af-465b-ba70-967ac547355f,maria angeline,5,2026-09-10 11:43:15,Aplikasi sudah banyak diperbaiki. sekarang sudah bagus.,positif,aplikasi banyak baik sekarang bagus
82c92dab-948a-4752-a7ba-6e9ad83178d4,Jodi Kurniawan Santoso,5,2026-08-21 22:06:15,lama bangat keluar fitur mode gelapnya...,positif,lama bangat keluar fitur mode gelap
73705f61-7025-47a8-a739-5a768c93b7d9,M santoni Anton,5,2026-08-27 09:56:37,aplikasi ini sangat bagus dn membantu saya buat di perjalanan,positif,aplikasi sangat bagus dn bantu jalan
5ff7d22c-aa2a-4f61-ab87-0aeea8cc6a39,Ryzkani Pazri,5,2026-08-17 08:23:34,Praktis dan serba guna untuk keperluan sehari-hari,positif,praktis serba perlu hari hari
8aa1671c-8315-431e-9842-84da2fa4e077,sainan tea,5,2026-08-15 11:27:26,terimakasih gojek udah ngebantu kami,positif,terimakasih gojek ngebantu
5b241b29-12f6-4695-96c2-96787bc07e92,sarah sofy,5,2026-09-10 14:46:15,gojek the besttt👍🏻,positif,gojek the best
7de303f4-215c-48ac-8f6b-11260f2a9f47,D.A.S gaming,4,2026-09-12 21:54:28,Mudah untuk berpergian,positif,mudah pergi
113abffb-e6f1-4507-b2fe-dedead99ffdf,"Daniel Harsono ,SE",5,2026-09-13 16:52:39,terima kasih gojek,positif,terima kasih gojek
31648018-1534-4e18-bc1c-71d90a894fc3,Naadhira Mysha,4,2026-08-25 15:13:09,"gabisa apus foto yaampun min,terus lagi milih foto dari galeri pas salah pencet. malah langsung auto kekirim,akhirnua foto tanpa nutup aurat yg kepencet malah kekirim ke ojek nya. .tolong di perbaiki dalam hal ini min.",positif,tidak_bisa apus foto yaampun terus milih foto galeri pas salah pencet malah langsung auto kirim akhirnua foto tanpa_nutup aurat pencet malah kirim ojek baik
39b99f69-2022-4eac-8db4-8148b36d72f6,egi bournolli,5,2026-08-31 09:01:03,kasih choice untuk memesankan untuk orang lain jadi tidak ada kendala jarak dari titik lokasi .,positif,kasih choice mesan orang jadi tidak_ada kendala jarak titik lokasi
374f6342-bf35-46cc-861d-2403c7fb05b5,yanti darmaya,5,2026-09-01 08:53:46,"semoga sllu bisa membantu kami,sukses gojek",positif,moga sllu bantu sukses gojek
f281c06d-c5ac-4da0-bec0-4f7aa34db317,Careguard Jasa,5,2026-08-12 08:37:19,keren gojek pokok nya,positif,bagus gojek pokok
226598b3-a295-41f6-9948-55e4e2530078,refiona aisyah,5,2026-08-30 08:45:51,"BAAGUSS, love gojek🫰🏻",positif,baaguss love gojek
eeff95e2-8acd-4a3c-9207-117a7c9eee1c,ika juni,5,2026-08-14 07:48:32,Terima kasih gojek,positif,terima kasih gojek
8523bcd4-108a-4287-8149-7bbdb4549496,Rosita Rosita,5,2026-09-07 16:16:19,semua jdi mudah krna ad gojek🤗,positif,semua jadi mudah krna ad gojek
75d19aaf-d3c5-4c1e-9569-f337bc9e54ba,Vendy Achmad,5,2026-08-19 19:25:27,Sementara blm ada apk yg sebanding,positif,belum_ada aplikasi banding
37ebb88b-0577-431b-a5bc-191f54f0c0eb,Fitriani Kamal,5,2026-08-15 14:15:13,Bagus banget 😘,positif,bagus banget
aaf63380-8bee-4757-bead-9c00df59a712,Opoy hafar 23,5,2026-09-12 15:10:20,semoga bisa bantu orderan yang baik dan gacor orderan ny tiap hari gacor orderan ny bisa bantu kebutuhan keluarga saya dan bisa bayar motor sewa tiap hari,positif,moga bantu order baik gacor order ny tiap hari gacor order ny bantu butuh keluarga bayar motor sewa tiap hari
ca8069ac-d3ca-4b13-a68f-ee262424c599,Umi Maghfiroh,5,2026-08-14 23:03:10,"Pelayanannya baik, driver saya selalu dapet yg enak orangnya, diajak ngobrol, curhat, sampe roastingan juga. semoga selalu dapet driver yg enak dan pelayanan yg baik terus, terima kasih gojek",positif,layan baik driver selalu dapet enak orang ajak ngobrol curhat sampe roastingan moga selalu dapet driver enak layan baik terus terima kasih gojek
2cac36d7-009a-49a4-9e93-38782cec767e,Irma Wati,5,2026-09-01 21:31:03,sangat membantu ketika kita lg mager 🤭😂,positif,sangat bantu mager
569a0f9a-7f05-4b58-90ab-7606fc14733e,Sri Andriyani,5,2026-09-13 20:54:41,semoga semua nya bahagia dan sejahtera 🙏,positif,moga semua bahagia sejahtera
5bd6a831-7446-4d5d-a647-11ddcf7443be,Armi Armi,5,2026-09-13 04:48:54,sopan dan ramah,positif,sopan ramah
88e4bc29-25a1-49ff-88c3-996982e514d6,DIDIK NSG,5,2026-08-16 23:27:14,drivernya pada gak mau nganterin makan malam malam,positif,drivernya tidak_mau nganterin makan malam malam
9670a5ce-bdb4-4a04-afce-ebdfe4029bff,Ibar zuchrih,5,2026-09-03 09:52:51,aplikasi yg sangat membantu.,positif,aplikasi sangat bantu
07c58ec5-2162-4f9e-b463-c3ef90981e9a,isy Mustafa,5,2026-08-24 13:35:13,sekarang sering bgt pake ini,positif,sekarang sering banget pake
c45da4e0-f7aa-47e2-9120-d0bc27f042c7,Raihan Khalifi ahmad,5,2026-08-10 18:13:44,aplikasi bagus dan berguna,positif,aplikasi bagus guna
a70ac9cc-3324-483a-910b-a364931cb7c9,Firdausyah,5,2026-08-28 13:53:33,"sangat membantu masyarakat luas. Terimakasih para Driver gojeg, Semoga selalu dalam lindungan ALLAH SWT. Aamiin 🤲 ♥️♥️😁👍",positif,sangat bantu masyarakat luas terimakasih driver gojeg moga selalu lindung allah swt aamiin
a4ca1994-1778-4b35-90a9-afd336d5d715,Rifki Maulana,5,2026-09-10 11:31:47,jaya terus gojek,positif,jaya terus gojek
cdb300fa-e25a-43af-9424-6458d34fdaf9,Lisa Margaretha Sugiarto,5,2026-08-28 13:37:37,Aplikasi layanan terbaik 😍🔥,positif,aplikasi layan baik
0ceaac97-b95c-4f42-be3b-d249510503f8,Khadifa Totti,5,2026-09-02 06:47:45,"Alhamdulillah...Tiap hari pake gojek ..biar anak lebih berani ke sekolah,kalo pas tidak ada yg anter..Dapet Driver juga baik,kadang klo udah sampe di ftoin anak saya,kadang,ada yg gak mau di byar, Jum'at berkah... sehat selalu para driver.. Aamiin 🤲❤️",positif,alhamdulillah tiap hari pake gojek biar anak lebih berani sekolah kalau pas tidak_ada anter dapet driver baik kadang kalau sampe ftoin anak kadang tidak_mau byar jum at berkah sehat selalu driver aamiin
29c1a4c7-644f-4ac7-9651-fdc87c138b63,Rahayu Irvan,4,2026-08-15 04:29:37,mahal skrng gojek,positif,mahal sekarang gojek
dedfa111-cbba-4af2-bc40-cf38bf48eb7a,Praz YDR,5,2026-08-13 17:27:07,Gojek SIPSUDAHHHH 👍🏻👍🏻👍🏻👍🏻👍🏻,positif,gojek sipsudah
fc8de32c-8bc7-4eac-9cc2-df11856b82b8,Yuni Wijaya,5,2026-09-04 08:28:56,selalu puas lynan gojek,positif,selalu puas lynan gojek
2f0e8b08-3e98-45b5-b195-33ec36d470d7,Anindya 1502,5,2026-09-04 15:33:15,berguna banget sih In this ekonomi,positif,guna banget in this ekonomi
bd3c2ff9-f834-4c2c-ae04-2579d6825db2,Qurrotu Ayu,5,2026-08-10 21:11:14,"aplikasi nya sangat membantu sekali,,",positif,aplikasi sangat bantu sekali
3a56ad26-7c66-41e1-bf6a-3043972c45f2,Mitoshi Haruno,5,2026-08-29 06:08:23,sip sering ada peomo,positif,sip sering peomo
a5410211-a0de-4fbb-8e9b-57e22376e610,Alvinazen14 Alvinazen14,5,2026-08-24 21:31:44,"Terimakasih banyak gojek, di bulan agustus ini banyak promonyaa. subsidi dan cashback, semoga selalu berjaya untuk gojek 🥰",positif,terimakasih banyak gojek bulan agustus banyak promonyaa subsidi cashback moga selalu jaya gojek
11b4287b-8b9c-4184-ad91-dc633dcfd683,Galuh Nudiyaf,4,2026-09-10 06:36:33,"gatau akhir - akhir ini drivernya ko kaya pada males, udah beberapa kali hampir telat padahal udah pesan lebih pagi",positif,gatau akhir akhir drivernya ko kaya males beberapa kali hampir telat padahal pesan lebih pagi
b9799401-617a-455a-b047-cbcc73853de3,SHERLY LESTIA,5,2026-08-15 11:58:59,memudahkan saya dalam pesan makanan saag jam istirahat tanpa ribet,positif,mudah pesan makan saag jam istirahat tanpa_rumit
f270f8a5-0755-4ff4-8e43-3fdd803ff1c6,Septian Dirgantara,4,2026-08-31 08:08:54,"admin cs tolong baca ini buat perkembangan apk kalian. apk ini bagus, kurangnya cuma 1. metode pembayaran QRIS. toloong sediain metode qris dong biar gampang ga ribet topUp"".",positif,cs baca kembang aplikasi kalian aplikasi bagus kurang cuma metode bayar qris toloong ain metode qris biar gampang tidak_rumit topup
76b38db4-95c4-46b5-9ef8-3ca70adefa37,Fachrizal Amrullah,5,2026-09-01 16:42:38,"aplikasi transportasi lengkap, banyak promo, UI aplikasinya bagus",positif,aplikasi transportasi lengkap banyak promo ui aplikasi bagus
4615a66a-7a54-4c70-819f-e06072d67c12,Andini Nuraini,4,2026-08-25 18:57:46,"Banyak promo tapi banyak bug juga, driver tangerang banyak yg nyebelin ramahan driver jakarta.",positif,banyak promo banyak bug driver tangerang banyak nyebelin ramah driver jakarta
6aa71683-8424-4262-95b9-684bf493cb83,Syahrul,4,2026-09-05 09:23:52,mantap tapi kayaknya ada yang kurang sih,positif,bagus kayak kurang_sih
83ac9a7b-4444-431a-a2be-a0679a5214a9,Ojay Sz,5,2026-08-10 20:20:02,Mantab Buat Aplikasinya ⭐⭐⭐⭐⭐,positif,bagus aplikasi
4c20174c-4c29-4e9c-b248-f89d12d6a9f4,Nur Hasanah,5,2026-08-18 11:36:36,gojek nya cepat..hati hati ramah,positif,gojek cepat hati hati ramah
d76618cf-f824-4fc5-92bb-0ea6f6c57f41,Sharimovski99 N,5,2026-09-06 19:22:04,"Membantu keperluan transportasi (gocar, goride) dan pemesanan makanan (go food).",positif,bantu perlu transportasi gocar goride mesan makan go food
c6291ae4-ed63-4fb7-b148-59be933aaf6d,Ind Sakti,4,2026-09-10 17:04:24,done kasih rate ting,positif,done kasih rate ting
3fa9b2dc-7fc3-4fbd-b7f7-95f0ccd96f84,Rizcy Dwinanta,5,2026-08-28 17:17:09,"sangat senang, driver sangat ramah",positif,sangat senang driver sangat ramah
9846033e-7866-4fd3-a43f-e8d5b8389a74,Amin Wahyu,5,2026-09-11 06:49:51,lbh cepat ramah smakin bnyak armada motornya..trimakasih,positif,lbh cepat ramah smakin bnyak armada motor trimakasih
a4af642b-e089-49f3-bbee-2a0f8415123f,Wisnu Hardiyan,5,2026-08-13 18:44:09,"kok bisa tujuan 1 km , driver awal pesan posisi 4 km ..... LOGIKA DI PAKE DIKIT NAPA !!!!!",positif,tuju km driver awal pesan posisi km logika pake dikit napa
7650464b-2636-4b80-9977-b63c52569c95,Hanimah Sam,5,2026-09-05 08:39:20,nyaman dan cepat,positif,nyaman cepat
ec8d61db-b452-497e-9674-20010c505684,Rizqi Iano,5,2026-09-02 14:56:26,order cari driver lama amat,positif,order cari driver lama
7e56dca4-03c4-402b-b2c3-e1cd00a80a7a,Endank Wahyuningsih,4,2026-09-10 10:42:18,sering sering kasih promo atau diskon biar jajan terus,positif,sering sering kasih promo diskon biar jajan terus
809cbb96-0a7b-42a7-8309-4e8a023079df,Yagus Harianto,5,2026-08-14 20:05:54,sangat sangat membantu,positif,sangat sangat bantu
1e53cfda-8248-4762-9fb3-21da4ea8b8a1,Luniko Jama_ 2229,4,2026-09-09 01:55:09,"Kecewa sekali. GoPay Later saya diblokir dan dikatakan melakukan aktivitas tidak wajar, padahal saya tidak melakukan hal yang melanggar dalam transaksi. Padahal saya sendiri juga selalu tepat waktu dalam membayarkan pinjaman. Mohon pihak GoTo meninjau kembali dan jangan asal memblokir. Terimakasih.",positif,kecewa sekali gopay later blokir kata laku aktivitas tidak_wajar padahal tidak_laku langgar transaksi padahal sendiri selalu tepat waktu bayar pinjam mohon pihak goto tinjau jangan_asal blokir terimakasih
74e6a6ce-1f01-4bde-a5ec-2cda4f81a716,Dauzan Fahmi,4,2026-09-08 13:06:08,"plis lah gojek masa habis update proses tahap gofood jadi lebih banyak dan lama, orang mau orderan segera sampai malah dipersulit, balik lah ke sebelumnya yg proses dan perkiraan waktu lebih cepet, parah gojek😡",positif,plis gojek masa habis update proses tahap gofood jadi lebih banyak lama orang mau order segera malah sulit balik belum proses kira waktu lebih cepet parah gojek
51f064ad-3260-46fc-b044-4078a0687ef5,telly verawati,5,2026-08-15 14:02:27,main cancel aja driver nya jahat jahat amat,positif,main cancel driver jahat jahat
ea2bd69d-234d-4832-8aef-b6db8b2bd7f2,Candra Azzah,5,2026-09-02 12:42:28,pengalaman pertama naik gojeg motor enak juga nyaman ramah juga driver nya.terima kasih gojeg,positif,alam pertama naik gojeg motor enak nyaman ramah driver terima kasih gojeg
7fb4699d-8e9d-46e0-933e-5a9826515a2f,Benny Guttom,5,2026-09-14 12:19:42,oke banyakin diskonnya kalau bisa ya,positif,baik banyakin diskon kalau
a87c8eca-af49-495d-a98e-ca2eef11ce9c,Gigi Asfa,5,2026-08-10 12:38:21,"haturnuhun g0jek,,sngt membantu d saat² genting.",positif,haturnuhun jek sngt bantu genting
3edad39a-be90-45c9-a24a-2db8f6b69292,Arum Vivian,5,2026-08-17 11:55:48,alhamdulillah sejauh ini sangat membantu dan positif,positif,alhamdulillah jauh sangat bantu positif
8f4f797f-3f8a-4315-ab17-1855824f1b46,Erli Suwanda,5,2026-08-20 06:59:09,Gojek is the best,positif,gojek is the best
70eef5c1-31a0-423d-8fc3-e221dc618449,conrada raghilda utomo,5,2026-08-14 08:47:20,"pakai gojek pasti untung,cepat sampai ke tujuan.",positif,pakai gojek untung cepat tuju
d019ff18-e11c-4bb4-b9fa-8583cded8b39,Yosi Yuswani,5,2026-09-01 08:03:03,"udh pernah pakai ap gojek dari 2021 sbnrnya cmn hp sempet ilang dan lupa akun, skrng pakai akun baru. gojek bner² bisa d andalkan utk penjemputan jga selalu tepat waktu selama saya pakai gojek",positif,pernah pakai ap gojek sbnrnya cmn hp sempet ilang lupa akun sekarang pakai akun baru gojek bner andal jemput jga selalu tepat waktu lama pakai gojek
80b3b67d-9346-4f7c-986e-0a0f2b37e9b4,Aprilia Mardiastuti,5,2026-09-09 06:23:18,"saya sangat terbantu dengan platform ini, semoga layanan gojek semakin ditingkatkan",positif,sangat bantu platform moga layan gojek makin tingkat
e3220c4c-1820-4895-ad10-a7995c4b3d8d,Cahaya Alam,4,2026-09-02 23:08:27,"ya aplikasi ini cocok, tapi pleasee kalo buat iklan itu yg wajar dikit ngapa gw mau skip iklan gojek aj susah nya minta ampun",positif,aplikasi cocok pleasee kalau iklan wajar dikit ngapa mau skip iklan gojek sulit minta ampun
368ed1a9-4a98-47f4-8a21-5ac6ba08e465,Yani Rosyani,5,2026-08-09 23:30:01,"udah langganan bertahun2 go food, tks",positif,langgan tahun go food tks
aaffe4de-db50-4f15-ac0a-e5dfa323352c,Sastria Sasti,5,2026-08-29 20:18:08,cepat dan terpercaya,positif,cepat percaya
9f2cf8f3-6434-4757-ab23-7b6805baab20,teguh arif,5,2026-09-01 11:49:30,"kapan min bisa dipake lagi,limit naik tapi gk bisa dipake review terus sttusnya padahal sdh close semua tagihan meskipun telat",positif,kapan dipake limit naik tidak_bisa dipake review terus sttusnya padahal close semua tagih meski telat
74cbbded-dd5c-4e02-9a64-d72055c0de3c,Renny Ana,5,2026-08-19 14:20:48,pengiriman cpt ok banget dan kurir ramah baik,positif,kirim cpt baik banget kurir ramah baik
8c60663c-1ffd-4fbb-8499-d8fa5830da64,Setiawan Robert,5,2026-09-07 09:26:46,sejauh ini bagus dn aman,positif,jauh bagus dn aman
f834f1ec-b521-4ecb-a212-fb9ae2465582,SetyoF (setyofar1302),5,2026-08-25 14:22:57,"Aplikasi JELEK, saya pengguna lama transaksi selalu pake gopay sedangkan mau pengajuan gopay Pinjam daro Awal daftar selalu ditolak. cari keuntungan sendiri",positif,aplikasi buruk guna lama transaksi selalu pake gopay mau aju gopay pinjam daro awal daftar selalu tolak cari untung sendiri
137df15a-f250-4c3e-8eed-101c12c820f3,Farman Theaa,5,2026-08-23 00:42:41,APK GOJEK oke.... 👍 tapi sayang pihak gopay pelit. paylatter pun di tolak terus. beda kaya DANA. Langsung aktif DANA CICIL.,positif,aplikasi gojek baik sayang pihak gopay pelit paylatter tolak terus beda kaya dana langsung aktif dana cicil
66d69841-1527-49d3-b2b2-ac6d121aecbe,Soni Chandra,5,2026-08-13 12:32:58,Enak Mesen Mobil gak pake Lama.,positif,enak mesen mobil tidak_pake lama
50662937-3587-4460-becb-c9625bd6b0b3,slankres21 Jalan potlot,5,2026-08-19 03:42:25,"sangat cocok untuk bepergian, dalam keadaan kepepet dan terburu-buru. bagus sekali.",positif,sangat cocok pergi ada pepet buru buru bagus sekali
04999973-59dc-4b54-a18f-e02ec1eeaca2,Bintang Chandra,5,2026-09-01 14:25:17,aplikasi yang bagus untuk orang yg harus bepergian jauh,positif,aplikasi bagus orang pergi jauh
6774262b-eb7f-40e4-af02-2ddcad585b55,Pengguna Google,5,2026-08-21 11:54:56,"tadinya mau ngedownload ni aplikasi gojek, ehh liat tmen"" pada kecewa jadi kagak jadi dah",positif,tadi mau ngedownload ni aplikasi gojek ehh liat tmen kecewa jadi tidak_jadi
322afc0a-71de-409c-b856-318e1d94dc24,EDI MONAS,5,2026-09-12 06:18:24,aplikasinya bagus bnget saya sangat suka...🔥🔥🥰🥰,positif,aplikasi bagus bnget sangat suka
51700b10-7a17-41c7-8f69-b3227625118e,Mang Ujang,5,2026-09-01 20:46:46,lokasi saya tidak akuran untuk pemesanan cari di peta kejauhan beda propinsi yang tampil,positif,lokasi tidak_akur mesan cari peta jauh beda propinsi tampil
6b975b10-8053-4ece-b277-1cfd56e13761,Fadil Gaming,5,2026-09-04 18:01:53,aku akan selalu pakai gojek 🤩🤩,positif,aku selalu pakai gojek
1acef1df-4bd3-4b20-b002-e61bea21690d,Siti Robiah Amelia,5,2026-08-09 23:07:16,adain hemat nya di Teluknaga ya,positif,adain hemat teluknaga
60150c35-b8b9-4b33-ab98-56d74ad26cd0,Meng Istana,4,2026-08-15 02:11:36,buat lebih mudah dan gampang,positif,lebih mudah gampang
67bcc17f-e523-4210-ba8c-cd7997aecc97,Devi Rahmadani Prabowo,4,2026-09-09 15:40:45,"sejujurnya ngga fair ya, sebagai konsumen jika kita cancel akan ada potongan 3rb, meanwhile drivernya dapet jauh dan di beberapa momen ngecancel setelah kami harus menunggu. so ya, the solution I used to be ga pake apps ini jika kedepannya masih seperti ini. but yeah, I still love the laris mawnis games. jadi pake apps nya buat main game doang kedepannya wkwk",positif,jujur tidak_fair konsumen cancel potong rb meanwhile drivernya dapet jauh beberapa momen ngecancel tunggu so the solution used to be tidak_pake aplikasi depan but yeah still love the laris mawnis games jadi pake aplikasi main game doang depan wkwk
6cc5b84f-2559-415b-b6db-21c1650c0316,Dzakwan Muhadzdzib Awwaab,5,2026-08-21 12:46:21,"saya punya saran, tolong tambahkan tema gelap di aplikasi 🙏",positif,punya saran tambah tema gelap aplikasi
4551a852-690f-4f05-81ea-eba73420d507,Tumenggung Dorojatun,5,2026-08-17 19:39:48,no recomanded aplikasi,positif,no recomanded aplikasi
7cf1a816-5f3e-4977-85a4-b38b032a2b3c,Rafardhan Aldridge,5,2026-08-17 11:54:18,bagus daripada grab,positif,bagus grab
5872b7d2-acbf-4a75-9038-72ab56671a4c,Adrie Palilingan,5,2026-09-09 21:24:27,"suka pesen makan di sini kalo lagi mager keluar,",positif,suka sen makan sini kalau mager keluar
8e86941c-c691-4d6a-a712-85f9628ae521,kece TONZZ,5,2026-08-27 16:52:28,lumayan membantu untuk memesan makanan dan mengantar kan saya saat kga ada kendaraan,positif,lumayan bantu mes makan antar kan kga kendara
fa91ee76-b4d9-4ffc-b44a-75b1abff36da,Hartojo,5,2026-08-13 16:13:44,"Terima kasih ya mas, layanan memuaskan.... 👍👍👍👍",positif,terima kasih mas layan muas
8371931c-c5d3-44ad-a6c7-e541ce13d470,dodi ariyanto,5,2026-08-28 17:07:25,Aplikasi nya sangt me,positif,aplikasi sangt me
87aaf82d-213c-4e75-a992-f965f1562fbc,N. Sudiartha,5,2026-09-05 15:12:43,"sudah bisa didownload billnya, tks ya min 👍",positif,didownload billnya tks
ffb3d935-ef19-46c4-b396-526854cf094c,Trisna fauzan Trisna,5,2026-08-30 16:12:32,"Tolong.. potongan untuk driver nya, jangan besar sekali,kasihan driver nya,dapat uang nya kecil..🙏",positif,potong driver jangan_besar sekali kasihan driver uang kecil
e9dab391-9861-4835-8379-831f049be114,Arya Febriansyach,5,2026-08-27 17:27:40,"ok keren karna sebelum nya dapat balasan, dan terimakasih sudah membereskan masalah layanan pada aplikasi",positif,baik bagus balas terimakasih beres masalah layan aplikasi
f95d8815-aedb-4423-af6e-91a253107028,Pijat panggilan,5,2026-09-07 02:26:14,mantaps dari dulu pakai gojek gak pernah ribet selalu aman,positif,mantaps dulu pakai gojek tidak_pernah rumit selalu aman
b0898b48-2993-4499-9337-7fd3417960bf,Iful Banie,5,2026-09-08 14:01:50,gojek is thebest,positif,gojek is thebest
61847a4e-0abc-44d4-ae06-bd9461983d7d,fatrika anggiana,5,2026-08-16 18:03:02,"apk ini paling aman di bandingkan apk apk lain,awal awal pakai aman aja pesanan capat diterima, sesuai titik penjemputan dan pengantaran,tapi lama kelamaan nunggu orderan keterima sama driver lama bgtt bisa 20 menit lebih,sudah coba pakai prioritas tetep susah dapat nya alhasil harus effort pesan pagi pagi bgtt biar bisa nunggu pesanan nya keterima itu pun butuh waktu 15/20 menit juga, tolong secepatnya di perbaiki deh saya bukan 1/2 bulan loh pakai apk ini, iklannya koar2 bgt tpi pelayanan nya",positif,aplikasi paling aman banding aplikasi aplikasi awal awal pakai aman pesan capat terima sesuai titik jemput antar lama lama nunggu order terima sama driver lama banget menit lebih coba pakai prioritas tetep sulit alhasil effort pesan pagi pagi banget biar nunggu pesan terima butuh waktu menit cepat baik bukan_bulan pakai aplikasi iklan koar banget layan
10d3d5ba-525d-497c-8100-a451d195d4c3,Nadya Pasa,5,2026-08-14 09:52:22,hampir setiap hr gosent pake gojek😍meskipun kadang drivernya main kancel aja..tp sll pake gojek..,positif,hampir hr gosent pake gojek meski kadang drivernya main kancel sll pake gojek
9d944faf-f204-46d0-9c9f-7996473f3dae,Joko Nugroho,5,2026-09-05 09:13:52,lsncar dalam penggunaan.,positif,lsncar guna
48f7d51e-861d-4279-bd3b-479b701d3bc3,Dhannell Lumopa,5,2026-08-22 22:22:56,apk semenjak update jadi agak lemot,positif,aplikasi semenjak update jadi lambat
a4c286d9-ac31-4fb3-b38e-d53e909b8150,Fatkhur Dwi Adriansyah,4,2026-08-18 19:54:42,Mohon tingkatkan kualitas pelayanan dengan baik,positif,mohon tingkat kualitas layan baik
3fb5aa9c-5b1f-40f4-80a9-d2041b9d6cfc,day,4,2026-08-10 13:22:02,"Terimakasih sudah menciptakan aplikasi ini, saya jadi dengan mudah berangkat kemana saja. Mudah dimengerti, alias praktis untuk dipakai. Sejak masih sekolah suka pakai aplikasi ini. Tapi tolong ya, kalau buat IKLAN tolong dipikir-pikir lagi, ada iklan dari gojek malah ga bisa keluar sama sekali kecuali tutup aplikasi 😮‍💨",positif,terimakasih cipta aplikasi jadi mudah berangkat mudah erti alias praktis pakai sejak sekolah suka pakai aplikasi kalau iklan pikir pikir iklan gojek malah tidak_bisa keluar sama sekali tutup aplikasi
ae9c11ed-a79f-4eb0-8b2f-7bee8ea4f661,Muthmainnah Mustari,5,2026-08-27 20:41:32,pelayanan sangat bagus dan tepat waktu,positif,layan sangat bagus tepat waktu
a60d0929-4155-4c26-9e68-3b2bf4a6856a,Irian Syah,5,2026-08-12 18:48:24,praktis sangat membantu dan mudah digunakan,positif,praktis sangat bantu mudah guna
a3fe9720-69c2-4fc0-aac9-c3ff3f3dcfc6,Om Batman89,4,2026-09-07 09:48:19,jadilah pado indak,positif,jadi pado indak
2f5b4c71-65e1-410b-a979-6557bdf03225,Rohmat RD,5,2026-09-07 10:28:51,orang .nya ramah dan baik sekali,positif,orang ramah baik sekali
f3f6096d-b863-4530-b27f-86d12b427c45,Nurmali002,5,2026-08-25 09:35:08,"untukdaerah bumiayu purokerto aktifkan simyalnya,.",positif,untukdaerah bumiayu purokerto aktif simyalnya
a741d078-6243-4c6a-985e-8b7e1435ad5c,Agung Shm,4,2026-08-29 18:56:37,Sangat bermanfaat tapi dilokasi&waktu ttt akses lama.,positif,sangat manfaat lokasi waktu akses lama
c9b2262a-3ab8-43a1-9953-ed9d88bb0a2a,BARTIGA PRODUCTION,5,2026-09-13 08:09:20,"⭐⭐⭐⭐⭐ Sejauh ini puas pakai Gojek. Aplikasinya gampang dipakai dan cukup lengkap, mau pesan makanan, transportasi, atau kebutuhan lainnya tinggal buka satu aplikasi. Driver juga banyak dan proses pesanannya cukup cepat. Semoga ke depannya semakin bagus dan fiturnya makin lengkap. 👍",positif,jauh puas pakai gojek aplikasi gampang pakai cukup lengkap mau pesan makan transportasi butuh lain tinggal buka satu aplikasi driver banyak proses pesan cukup cepat moga depan makin bagus fiturnya makin lengkap
c9eace9e-f94e-4b06-9fc0-ab4ac39bdc6f,Tito Sidarta,5,2026-09-06 00:50:09,semoga semakin sukses gopay,positif,moga makin sukses gopay
443b562f-184e-480e-9e05-79c7c0584c6d,Khandar Khan,5,2026-08-11 23:04:14,"senang lihat driver gojeknya santun, walau jauh lokasi nganternya tapi tidak mengeluh dan tetap semangat... semoga Allah SWT selalu melimpahkan rezeki yang banyak buat abng gojeknya. amiin",positif,senang lihat driver gojek santun jauh lokasi nganternya tidak_keluh tetap semangat moga allah swt selalu limpah rezeki banyak abng gojek amiin
2b3b75d7-1d6e-41c4-8068-409f5835e13a,Ayesha Nabillah,4,2026-08-30 10:29:55,adain fitur Qrish pls,positif,adain fitur qrish pls
b4172bf3-c584-4669-9100-ca4736baca1b,Hwan Hyori환효리,5,2026-08-12 11:34:00,"bagus sangat membantu kami , terimakasih gojek",positif,bagus sangat bantu terimakasih gojek
71e6b2be-5fab-4aff-8e40-8599fd732cea,Rian Kresna,4,2026-09-13 18:40:32,Sudah bagus tapi terlalu sering minor update,positif,bagus terlalu sering minor update
62daefb7-a329-485c-acea-567b427cdd15,hendra giri,5,2026-08-30 13:33:58,aplikasi yg sudah pas di hati,positif,aplikasi pas hati
b309c5b5-52ae-405b-b4ee-9355a8637363,fattah abiyyu,5,2026-09-12 18:14:20,pelayanan cukup bagus saat go food terima kasih,positif,layan cukup bagus go food terima kasih
a89ab63e-56fc-49f9-928f-665db04316f5,Sy Atra,5,2026-08-17 20:56:30,sangat lah bermanfaat untuk yang mager di rumah,positif,sangat manfaat mager rumah
94c411f0-9f4a-4d37-9e08-49da39459601,Ani BANKpermata,5,2026-09-06 07:48:51,Mudah dlm memesan,positif,mudah dlm mes
fbdfadb0-a100-4f5e-b576-ef6cef548385,van mfidz,5,2026-08-19 23:07:36,Tolong tambahkan mode gelap,positif,tambah mode gelap
71056c72-d840-4ee5-b921-c3d1536950e7,Meliana Meliana,5,2026-08-24 08:21:12,sangat ngebantu saya,positif,sangat ngebantu
e2b901d9-4c66-48dc-8425-ecf7a09a57cd,Agung Firmansyah,5,2026-09-02 07:48:35,untuk ketereangan makanan halal dan tidak halal di perjelas di goofood dong.,positif,ketereangan makan halal tidak_halal jelas goofood
41d73730-cfd2-49bf-ad6f-980e4de0ec4e,Ribut Budi Santoso,5,2026-08-31 06:25:25,goplater saya blum bisa di gunakan,positif,goplater belum_bisa guna
2fa18bce-7950-45d8-8f02-cc19dde0e383,Devy Naira,5,2026-08-22 17:39:10,selalu membantu ketika tidak ada yang antar,positif,selalu bantu tidak_ada antar
284df5b6-6805-4a97-b93a-901e9a9d9333,Amir Hidayat,5,2026-09-01 12:42:53,aplikasi lebi6murah harganya dari pada aplikasi grab,positif,aplikasi lebi murah harga aplikasi grab
779b9cfa-f9df-4e9b-8519-a2419bd34bf8,farantika fathiyah,4,2026-09-06 18:53:12,biasanya saat telfon tidak muncul notifikasi dari gojeknya. dan tidak bisa langsung diangkat,positif,biasa telfon tidak_muncul notifikasi gojek tidak_bisa langsung angkat
d47cf15b-45e0-4a6a-86cd-1eeb2a8db177,Didik Junaedi,5,2026-09-08 11:08:41,Sejauh ini sih masih baik lab,positif,jauh baik lab
ea4713b9-9f34-4dae-af47-632dd7b4646b,Dionisius Agus Puguh,5,2026-08-17 06:30:54,Mantap dan keren. Terima kasih Gojek.,positif,bagus bagus terima kasih gojek
e1065dda-917f-40bd-bcf5-d2f9eb67f195,Dimas Bagus94,5,2026-08-28 01:33:27,bagus sangat baik,positif,bagus sangat baik
726cffd8-c018-495f-935b-7712a3d88252,Wulan Kartika,5,2026-08-31 18:30:54,"pertolongan pertama anak kost yg Bru mrintis kerja ,ga perlu beli motor , gas pol pke gojek, tapi kadang yg hemat susah ya dpt drivernya, mungkin Krn ga bnyk driver yg ga dftr hemat, jdi mungkin kl bisa lebih di tingkatkan lagi, but okelah, namnya juga beda hrga, pasti beda kualitas ya kl kata org, tapi kl gojek bisa atasi ketimpangan ini, pasti jauh lebih kuerennnn🔥, thnkyou",positif,tolong pertama anak kost bru mrintis kerja tidak_perlu beli motor gas pol pke gojek kadang hemat sulit dpt drivernya mungkin tidak_bnyk driver tidak_dftr hemat jadi mungkin kalau lebih tingkat but oke namnya beda hrga beda kualitas kalau kata orang kalau gojek atas timpang jauh lebih kueren thnkyou
777ffc8c-d075-4f42-98de-36b7dbd4dfb0,Maria Widiawati,5,2026-09-09 08:56:39,gerceppppp... cakeeeppp... 😉,positif,gercep cakep
628b035f-ad76-41da-9d12-82d184313e4d,aina uno,5,2026-08-26 14:42:23,mantap tambah mantap kalo bisa pake gopay laternya,positif,bagus tambah bagus kalau pake gopay laternya
9ba9739e-1e72-47ab-8489-33d4680d36b9,rika Buyet,5,2026-09-05 23:30:03,puasss bngttt 👍👍👍,positif,puas banget
f3ff3fe9-5b29-484d-ab40-dbd433fd9be6,Burhanuddin,5,2026-08-27 09:33:54,"Aplikasi pemesanan Terbaik se INDONESIA, terimakasih Gojek gak buat hp eror seperti aplikasi sebelah",positif,aplikasi mesan baik se indonesia terimakasih gojek tidak_untuk hp error aplikasi belah
f1dfb664-f9df-4b47-b04b-b0a4232fd059,Lontong Pecel,5,2026-09-11 12:55:11,untuk saat ini pelayananya bgus,positif,pelayananya bgus
3f099e1e-cf1e-4c0d-8383-d3f428efe919,shandy erma almaira,5,2026-08-22 11:32:16,"bagus bngt, makanan, minuman, belanjaan, semua uda ada tanggungannya dari pihak gojekk, bahkan 1 bungkus mie yg tertinggal/tidak di antarkan oleh pihak market yang saya beli, di tindak lanjuti dan pengembalian uang hari itu juga tanpa pengurangan uang sedikitpun, the best dehh pokoknyaa, apk fav aku kalo butuh apa apaa selalu bisa di gojekk. ❤🔥",positif,bagus banget makan minum belanja semua uda tanggung pihak gojekk bahkan bungkus mie tinggal tidak_di antar pihak market beli tindak lanjut kembali uang hari tanpa_kurang uang sedikit the best dehh pokoknyaa aplikasi fav aku kalau butuh apa apaa selalu gojekk
2a71e655-c18a-477a-83fc-1bfb9f089e7b,Darmono ok,5,2026-09-03 09:27:34,cepat sesuai ekspektasi,positif,cepat sesuai ekspektasi
387fc642-671b-4f2a-8213-46051805009a,Alvino Meilano,5,2026-09-01 06:46:27,selalu aman nyaman,positif,selalu aman nyaman
80dfb90d-48f1-41ea-a55f-c01303b6add3,Dewi Bestari,5,2026-09-13 08:48:03,"sangat membantu aktivitas saya, baik itu saat tidak bisa masak bisa membeli makanan by gofood, sangat membantu saya utkengantar ke tempat tujuan",positif,sangat bantu aktivitas baik tidak_bisa masak beli makan by gofood sangat bantu utkengantar tempat tuju
805dd7d0-e4b1-4f54-beda-9b32bbeb4023,muhammad sidik,5,2026-08-24 12:53:41,sangat membantu kegiatan sekolah anak saya,positif,sangat bantu giat sekolah anak
a43ef98c-215d-4cba-9a7b-085fe63b1f2e,Sarah Nur Fitriani,5,2026-08-29 12:42:33,"gojekk apk termurah, selalu ngasih voucher terus makasii yaa jek ❤️, terus drivernya juga pada ramah dan baik baikk, oh yaa mapnya juga baguss enak diliat ga kayak apk lainn, terus ada koin juga, baguss deh pokoknya i love youu gojekk, penyelamat hidupku, kadang lebih murahan pake gojek daripada angkot jirr, semoga apknya semakin berkembang yaa, banyak yang pakee, sejahtera juga buat driver maupun penumpangnyaa 🤗.. 🫂⚘️🫰🏻",positif,gojekk aplikasi murah selalu ngasih voucher terus makasii yaa jek terus drivernya ramah baik baikk yaa map baguss enak liat tidak_kayak aplikasi lainn terus koin baguss pokok love youu gojekk selamat hidup kadang lebih murah pake gojek angkot jirr moga apknya makin kembang yaa banyak pakee sejahtera driver maupun penumpangnyaa
a3b60613-8d18-473d-8465-22bc615627f3,Rafrizal Rafrizal,5,2026-09-01 22:05:04,ok banget murah meriah kenyang banyak promo,positif,baik banget murah riah kenyang banyak promo
4c606429-1fc4-4491-b4e3-9e12b3cad163,widhyanto.muttaqien ahmad,5,2026-08-23 18:28:33,"ok, andal, bagus",positif,baik andal bagus
8bd7f6a6-852f-421a-a52b-6d4e9ac470d4,Mick Jimmy,5,2026-08-11 14:30:19,"Mempermudah kemana2, untuk goride ok hanya gocar sering ga di jemput",positif,mudah goride baik gocar sering tidak_di jemput
779d8833-84d8-4b9d-ba8c-06bdfe8c17ff,Rahmat Budiman,5,2026-09-05 06:56:10,gojek top..cuma susah ya mau daftar jadi ojol gojek,positif,gojek top cuma sulit mau daftar jadi ojol gojek
4874a937-a9cb-417c-bc84-586851836599,deo,5,2026-08-22 14:19:21,developer nya gen z pasti 😭😭,positif,developer gen
d375d2b2-e207-4b9e-be7f-3b7e2aae5464,Dika Pratama,5,2026-08-13 18:06:39,semoga tiap update aplikasi jadi makin ringan,positif,moga tiap update aplikasi jadi makin ringan
62784b81-73e0-4582-9268-1e031644b278,Budi Acc,5,2026-08-10 23:48:19,"Murah, terjangkau, dan cepat",positif,murah jangkau cepat
1f5c4677-6cc7-4786-b4dc-30f773eb98d5,Ratna Sari,5,2026-09-10 03:44:06,cepat mudah dan peraktis siap untuk pesan apa pun dg Go-Jek transportasi nya dan mendapat kan poin nya bertambah permudah dan cepat baget,positif,cepat mudah peraktis siap pesan apa go jek transportasi dapat kan poin tambah mudah cepat baget
ab071d0b-7520-41a4-a97e-83dfc6ddaf54,naupal nur alamsyah,5,2026-09-05 14:36:30,bagus banget pelayanannya cepat barang ketinggalan tim cs-nya sigap cepat tanggap,positif,bagus banget layan cepat barang tinggal tim cs sigap cepat tanggap
3787823d-43c4-427b-8840-33eef14f8df0,Romi Fernando Pasaribu,5,2026-08-30 23:28:58,selektif lg utk para driver yg tempramen,positif,selektif driver tempramen
64b6f5e7-dbc9-43fe-bc15-6b4ff09a5d9e,Fayza Kareem,5,2026-08-12 21:47:11,pelayanan nya baik,positif,layan baik
79b23b56-ad91-40b8-961c-739eb3127804,Angela Lunrang,4,2026-08-18 12:40:41,"order gojek tiba2 ke cancel, tiba2 ke potong saldo. hub CS juga ga ada solusi.",positif,order gojek tiba cancel tiba potong saldo hub cs tidak_ada solusi
db6e0ed3-1695-4b4a-ab89-e10c51a7acea,Dita Febriasari,5,2026-08-12 21:07:59,mempermudah transportasi 👍,positif,mudah transportasi
99803dd2-ad27-43f7-8cba-ba5c11dc8e1d,Eka Wijayanti,5,2026-08-22 00:35:00,sengaja bintang lima biar lebih dibenerin lagi nih aplikasi 😌,positif,sengaja bintang lima biar lebih dibenerin aplikasi
af494dec-d59c-4ba6-841e-602ed8ca9281,Devi Nanditya,4,2026-08-22 21:12:10,tolong lebih sejahterakan para rider nya,positif,lebih sejahtera rider
bff8b657-8366-4eaa-986f-2df114548ae9,Ibralawangko Ibra,5,2026-09-14 04:18:39,Hoki time ibra2005 heni16,positif,hoki time ibra heni
778c5a56-b01e-4f6c-9564-4fabff641ced,LanValMar,5,2026-08-10 17:16:40,nyaman nyaman semua selama saya pesan di gojek,positif,nyaman nyaman semua lama pesan gojek
4e766b03-693e-4499-8090-00c0e9b8cfb4,Dadang Febrian,5,2026-09-12 06:24:54,"sangat membantu untuk aktivitas saya, baut kirim barang dan murah ongkir nya, sukses terus GO-JEK.",positif,sangat bantu aktivitas baut kirim barang murah ongkir sukses terus go jek
e29b4df3-1f7d-4127-88eb-6d2131aa8703,Aziz Fahrezi,5,2026-08-24 21:35:58,sangat membantu sekali,positif,sangat bantu sekali
c32d17d8-e79d-4ff0-8743-99fdab7c6a2a,Hanif Ghazi,5,2026-08-17 14:35:25,yg saya bingung kadang untuk penerimaan kurir waktu gofood suka lama. tolong tingkatin lagi,positif,bingung kadang terima kurir waktu gofood suka lama tingkatin
8b3c075d-948c-4dc9-8363-00b757505570,REZA KUSUMA NUGRAHA,5,2026-09-06 06:19:06,pelayanannya murah dan cepat,positif,layan murah cepat
9f6a0728-c3d7-461c-a7c4-d35cc7ac6cf2,Sovy Rmc,5,2026-09-13 14:56:30,okee sangat membantu,positif,okee sangat bantu
01843320-7873-476b-8e54-400df9caec93,AgusTjahjono wibowo,5,2026-09-11 23:59:17,drivernya sangat ramah dan membantu,positif,drivernya sangat ramah bantu
801c910f-2f15-481c-a7a1-7398a9d40824,Erik Kusuma,5,2026-08-11 09:25:02,mantul bg mksh,positif,bagus bg mksh
3ac3ce21-b004-4e2c-88a5-0ccd94922a1e,Rangga Mahfudin Malik,5,2026-08-12 23:44:39,sangat bagus sangat cepat 😊😊,positif,sangat bagus sangat cepat
aea8d2b8-b420-4d54-8013-6288e2013930,Artha Astawa,5,2026-09-14 08:37:33,"Sangat membantu dalam aktivitas sehari, seperti order makan, pergi ke suatu tempat dan lainnya, terus kembangkan",positif,sangat bantu aktivitas hari order makan pergi suatu tempat lain terus kembang
9b1e674c-e796-4928-8460-68af2032435d,Roti Coklat,4,2026-08-22 06:58:03,"lebih mudah pakai ini,tapi kalo mau gofood bener² jarang bgt dpt promo besar²an untuk orang yg kaya saya jarang pake gopay lebih ke bayar langsung",positif,lebih mudah pakai kalau mau gofood bener jarang banget dpt promo besar an orang kaya jarang pake gopay lebih bayar langsung
e40227a5-d665-46db-8782-add86241b63d,maulana rendra,5,2026-08-24 05:54:11,"Bermanfaat, banyakin promonya 👍👍",positif,manfaat banyakin promonya
2286fc00-8509-48f3-8016-af317f6d1cb0,Didiya Yaya,5,2026-08-29 23:48:05,aplikasi nya sangat sangat berguna banget untuk berpergian sendirian tanpa harus bingung mau naik apa. terimakasih buat aplikasi gojek sangat berguna dan seru. aku kasih bintang 5 ⭐⭐⭐⭐⭐,positif,aplikasi sangat sangat guna banget pergi sendiri tanpa_harus bingung mau naik apa terimakasih aplikasi gojek sangat guna seru aku kasih bintang
35937747-7887-4436-90e2-0e00f1fb3664,RAHMAT AJI NURYAKIN,5,2026-08-12 20:00:34,pelayanan ok.cepat respon.banyak promonya di gojek,positif,layan baik cepat respon banyak promonya gojek
317c5f62-cb95-4387-bff8-2d5bdbac944e,Asiah Asiah,5,2026-09-01 00:22:50,banyak promonya pesan makanan,positif,banyak promonya pesan makan
4ec7c487-f362-4760-ae57-c02d3c13046d,Anton Adesa Putra,5,2026-08-18 22:25:52,"terimakasih atas penghargaan nya gojek Indonesia buat rekan mitra nya,, Mitra perintis jalan.. sejak bergabung awal 2017..",positif,terimakasih atas harga gojek indonesia rekan mitra mitra rintis jalan sejak gabung awal
503683e3-361b-478f-8fc9-a08353136a82,Fitri Widiyanti,5,2026-08-31 21:24:01,Alhamdulillah kehadiran Gojek sangat membantu aktivitas sehari2. Pelayanan yang ramah dan sering ada promo menarik juga. Semoga Jaya terus Perusahaan Gojek dan Para Driver nya selalu sehat dan berkah rezeki nya.,positif,alhamdulillah hadir gojek sangat bantu aktivitas hari layan ramah sering promo tarik moga jaya terus usaha gojek driver selalu sehat berkah rezeki
b2f1e2bf-6757-4e4c-8246-2038f461bb94,Shakiel Nandar,4,2026-08-11 00:41:12,"kenapa sih skrg gojek sering down bnget.. kayak nge bug gtu.. lemoooot bngtt padahal jaringan lancar giliran buka gojek ga mau masuk,, tolong dong di perbaiki lagi",positif,sekarang gojek sering down bnget kayak nge bug gtu lambat banget padahal jaring lancar gilir buka gojek tidak_mau masuk baik
d6ad81aa-10cd-432e-bc7f-d6843f25d27c,DANI,5,2026-09-03 07:16:24,"⭐⭐* Saya pengguna tunanetra dan aplikasi Gojek sangat membantu kemandirian saya sehari-hari. Alasan saya suka Gojek: *Sangat Aksesibel*: Semua menu dan tombol bisa dibaca dengan baik menggunakan Talkback Skin leader. Tidak ada menu yang tersembunyi, jadi saya bisa pesan sendiri tanpa bantuan orang lain. *Fitur Lengkap*: Butuh ojek ada GoRide. Butuh mobil ada GoCar. Butuh makan ada GoFood. Butuh kirim barang ada GoSend. Semua ada dalam 1 aplikasi. 🚀 Mantap, jos. ✅",positif,guna tunanetra aplikasi gojek sangat bantu mandiri hari hari alas suka gojek sangat aksesibel semua menu tombol baca baik guna talkback skin leader tidak_ada menu sembunyi jadi pesan sendiri tanpa_bantu orang fitur lengkap butuh ojek goride butuh mobil gocar butuh makan gofood butuh kirim barang gosend semua aplikasi bagus jos
c4197b12-9517-4bb1-84a5-5783fad6192d,Hotib Sianturi,5,2026-09-12 16:51:27,murah merih drivernya ramah,positif,murah merih drivernya ramah
4e6fa6e4-a08c-423d-ad71-2343c1c70121,Naufalpradiptakumbarajati Jati,5,2026-08-16 19:43:39,lama bgt udh 99% pdhal download nya,positif,lama banget pdhal download
d88e7dfa-da34-4570-ac25-7d96386c5cd8,Ati Suprihatin,5,2026-09-01 17:56:52,Pokoknya asyik lah,positif,pokok asyik
0b37fe0b-1267-41fb-9329-c08b4e6393c8,Ristiani,5,2026-09-11 22:49:29,Aku dari Hongkong bisa order Makanan buat keluarga di jogja,positif,aku hongkong order makan keluarga jogja
04993bfd-68ec-4608-992b-519db71149c3,Bhisma Nayaka,5,2026-08-26 17:25:48,"ga ribet kaya aplikasi sebelah, saat membayar menggunakan e-wallet di gopay sangat bagus dan bisa validasi ke tmen",positif,tidak_rumit kaya aplikasi belah bayar guna wallet gopay sangat bagus validasi tmen
641277d2-60ba-4088-b474-52ffb11f07a1,Fayola Nadifa,5,2026-09-02 21:44:46,saya kasih bintang lima..dn saya mohon bantuan dn petunjuk supaya bisa jadi mitra driver gojek roda 4..trimaksih..,positif,kasih bintang lima dn mohon bantu dn tunjuk jadi mitra driver gojek roda trimaksih
e7faecbb-0ab0-4721-ba5c-abd31688f9bd,celsi clarisa,4,2026-09-12 12:50:14,"gojek sekarang knpa sih cari estimasi yang jauh yang muter"" gk jelas jalan nya,padahal ada yg dekat kadang jd lama sampe gofood punya saya.",positif,gojek sekarang knpa cari estimasi jauh muter tidak_jelas jalan padahal dekat kadang jadi lama sampe gofood punya
47b08799-6e15-40b4-be2b-90e14a14c88f,Iswandi Hanapi Wandi,5,2026-09-06 17:59:02,sangat mudah di lacak dan di mengerti bila mengecek aplikasi,positif,sangat mudah lacak erti bila ecek aplikasi
d5b7f7a0-6590-4414-ac50-306109f1ceae,Ria Safitri,5,2026-09-02 14:23:11,makasih ongkir rp1 nya buat gofood saran buat gojek dibagiab rating dan ulasannnya bisa difilter untuk cari rating 1 sampai rating ke 5 atau rating terbaru juga ada in ulasan yang bisa kasih foto kayak apl sebelah. bakal makin bagus dan terbantu kalo bakal di adain ulasan bisa kasih foto,positif,terima kasih ongkir rp gofood saran gojek dibagiab rating ulasanya filter cari rating rating rating baru in ulas kasih foto kayak apl belah bakal makin bagus bantu kalau bakal adain ulas kasih foto
e18cf24d-828f-4383-85e7-456e9416c60e,Dini Handayani,5,2026-08-11 13:59:11,"perdana pesan ,gercep ,makasih gojek",positif,perdana pesan gercep terima kasih gojek
dc4d865e-e4b0-423f-850c-78c4c648c99e,Naura Akun2,4,2026-08-25 20:56:29,"Apk nya bagus kokk, cuman di bagian iklannya itu loh.. Saya pencet tanda ""x"" berkali"" ga kena-kena😭",positif,aplikasi bagus kokk cuman bagi iklan pencet tanda kali tidak_kena kena
8793a9c0-5f24-48f9-a9c1-5730501c73ec,Ria H,5,2026-08-26 08:40:24,"Aplikasi nya Oke, Mudah Mendapatkan Driver nya, Lebih Nyaman Berkendara Dengan Gojek",positif,aplikasi baik mudah dapat driver lebih nyaman kendara gojek
e7d04edc-72ab-4222-9d29-30c7cd35a50c,Dewi Suryani,5,2026-09-05 21:20:22,aplikasi bagus cocok tidak iklan (bebas iklan) dan mudah digunakan jaringan juga stabil Pokoknya cocok deh!🙏🏻,positif,aplikasi bagus cocok tidak_iklan bebas iklan mudah guna jaring stabil pokok cocok
5ae4defc-403a-4529-8aa1-9c04011607f2,Lydia Yumi,5,2026-08-14 11:06:27,driver ini sgt ramah..layak dikasi bintang 5...semua ny oke..bagusss...,positif,driver sgt ramah layak kasi bintang semua ny baik bagus
1dfb919e-d0e4-4c42-a11b-14acb338a0de,Restu Satria silalahi,5,2026-08-19 23:03:00,lumayan memuaskan buat semua aplikasi kendaraan umum. saya Mengerti situasi setiap driver & masyarakat Indonesia. saya berharap jangan terlalu mahal ongkos pulang pergi. apalagi buat masyarakat merantau yang lagi kerja. Beri Masukkan : gimana kalau di tambahi Bemo ( Becak Motor ). Dengan sedikit selisih dana dari driver Go-Jek. Di mana buat driver Bemo membantu rejeki mereka. ok saya kasih bintang 5. tolong di tingkat kan admin👍🏻👍🏻,positif,lumayan muas semua aplikasi kendara umum erti situasi driver masyarakat indonesia harap jangan_terlalu mahal ongkos pulang pergi masyarakat rantau kerja beri masuk gimana kalau tambah bemo becak motor sedikit selisih dana driver go jek mana driver bemo bantu rejeki baik kasih bintang tingkat kan
9c055e26-3e38-4fdc-b3ed-e794197f042b,mizukage_08,5,2026-08-18 09:58:16,suka kalau banyak.promo diskon,positif,suka kalau banyak promo diskon
21b21983-5b09-4d3c-9f20-d74f0fe90b96,Umma Dzaka Dzakira,5,2026-09-04 21:04:24,"Sejauh ini pk gojek baik2 aj, ya .. Abng drivernya jg baik2, cuma aq seringkali kesulitan untuk order di akhir pekan .. btw, trmksh gojek untuk kemudahan dlm setiap perjalanan ..",positif,jauh pk gojek baik abng drivernya jg baik cuma aq seringkali sulit order akhir pekan btw trmksh gojek mudah dlm jalan
ca094a01-7aa0-413f-a5ed-facf2ac9c0a5,Nida Upi,4,2026-08-14 18:58:06,"Sudah di jalan, Kadang dpt driver yg lupa pick up, ktnya ga bs pick up kalo posisi dah jauh. Terpaksa dicancel, Jd driver minta bayar manual ga lewat aplikasi. Kalo bisa kalo driver lupa, ga bisa akses lg kalo dah pick up, Customer bisa akses untuk menyetujui kalo bener dah di jalan.",positif,jalan kadang dpt driver lupa pick up ktnya tidak_bisa pick up kalau posisi jauh paksa dicancel jadi driver minta bayar manual tidak_lewat aplikasi kalau kalau driver lupa tidak_bisa akses kalau pick up customer akses tuju kalau bener jalan
6f620188-d54d-448b-b686-c6b16acc7116,Suparmi,5,2026-08-14 11:19:38,"dgn adanya aplikasi ini sangat membantu, ortu yg tdk bs jmput ank plg skolah 🙏",positif,ada aplikasi sangat bantu ortu tidak_bisa jmput ank plg skolah
6486e501-9cf6-4ef7-aff0-6582b235874e,Adly Ardian,5,2026-08-23 01:21:13,"Gojek aplikasi yang bermanfaat, pertolongan pada saat sedang membutuhkan",positif,gojek aplikasi manfaat tolong sedang butuh
26616f46-97ba-4a8a-8581-8b557e0e3cd2,Suhadi 65,4,2026-08-22 10:08:32,mudah dan simple dalam perjalanan,positif,mudah simple jalan
12620a40-f309-4564-b121-90608a949bd9,Erland 12,5,2026-08-22 07:36:05,"ayo dukung gojek lebih berkembang, biar duit gue ga nyangkut lagi",positif,ayo dukung gojek lebih kembang biar duit tidak_nyangkut
af7f9c28-8e4a-4e7a-a2ef-80914b4e3586,Dessy Septianti,5,2026-08-11 10:28:49,cepat dan mudah,positif,cepat mudah
10e16531-2b2d-4551-9a3f-f46328bebd1f,Sopian Sopian,5,2026-08-15 08:02:43,"nyaman, cepet, sat set",positif,nyaman cepet sat set
e36d211d-a5cb-4683-bdf4-a793450f58b0,Maria Novriani,5,2026-08-12 11:09:38,selalu banyak promonya,positif,selalu banyak promonya
3d0cad99-88ff-4c64-97fa-be0df47c56a2,Seny Feronika,5,2026-09-11 07:04:13,nyaman srmoga keamanan slalu terjaga ya,positif,nyaman srmoga aman slalu jaga
8d4b3e94-f553-4a23-945c-ebe30213cd66,Fajar Rahma,5,2026-08-17 08:53:45,alhamdulillaah sangat membantu memenuhi kebutuhan transportasi,positif,alhamdulillaah sangat bantu penuh butuh transportasi
722dafcb-fd70-4b8f-b2b9-f3e5c012a8c3,Shinta Arini ayu,5,2026-09-06 08:20:47,selama kuliah saya sangat terbantu,positif,lama kuliah sangat bantu
128732f4-1ef8-41e9-bf9e-7cf5f654ca1f,Sukma Menawati,5,2026-08-22 07:48:58,cepat dan aman,positif,cepat aman
7e91cd96-2748-4046-8ab9-a3969048bef5,Kristian Tian,5,2026-09-06 13:30:30,min coba buat qris untuk transaksi naik gojek dan gofood nya..,positif,coba qris transaksi naik gojek gofood
ad213530-28f7-4eb7-871d-120f58526199,Yunita Muljono,5,2026-08-30 12:24:06,"gercep, ramah penjemput/pengirim nya, sopan. kiranya tetap sehat & selamat dalam perjalanan melakukan tugas.",positif,gercep ramah jemput kirim sopan kira tetap sehat selamat jalan laku tugas
d95561af-1644-45eb-b01f-260be5b94b84,jaka ramadhan,5,2026-09-04 21:12:52,pelayanan dan respon nya cepat,positif,layan respon cepat
3890530c-b33b-467d-817d-efa76fdb161e,Qonita Mayang Sari,5,2026-08-20 06:04:53,"Mempermudah perjalanan, biaya juga banyak diskonnya hihi sering"" min kasih diskonnya untuk smua masyarakat yg suka naik transum...",positif,mudah jalan biaya banyak diskon hihi sering kasih diskon smua masyarakat suka naik transum
e220a050-d513-4027-8c8e-36ce1aff75af,Galih Pratiwi,5,2026-08-26 16:55:10,"bagus² tapi setiap mesen ojek satu malah nambah,tolong benerin",positif,bagus mesen ojek satu malah nambah benerin
096acd04-2a3e-497a-a13f-8e9b4180561f,Hihihi13,4,2026-08-25 14:07:43,"apkny udh bgus tpi iklannya kdng ngeselin, pdhl udh pencet tanda x tpi mlh ke apk ny, sampe berkali-kali",positif,apkny bgus iklan kdng ngeselin pdhl pencet tanda mlh aplikasi ny sampe kali kali
4a0ba000-5130-423c-86db-fea7ff28cfd0,Ardy,5,2026-08-13 14:32:34,selalu nyaman ama gojek 👏,positif,selalu nyaman ama gojek
733db340-66c2-4f28-9b2e-45867bbabe7c,christine sapsandini,5,2026-08-19 08:22:54,"driver sopan, bersih, pelayanan rmh",positif,driver sopan bersih layan rmh
39c5d879-4e25-4d68-ab0b-0be68f817d9e,Daeng Tutu,5,2026-09-06 19:42:09,"diskonnya banyak, dan aplikasinya gampang di gunakan. terima kasih Gojek",positif,diskon banyak aplikasi gampang guna terima kasih gojek
eecf06b6-f70f-44b2-b98f-fa54cf063205,Suparmi Amy,5,2026-08-14 13:49:33,"selama sy pakai gojek Alhamdulillah selalu dpt driver yg baik,semoga gojek lebih meningkatkan lg kwalitasnya👍👍👍👍👍",positif,lama pakai gojek alhamdulillah selalu dpt driver baik moga gojek lebih tingkat kwalitasnya
69531c26-5606-463d-84e1-88069cae027c,Doraci Allstars,5,2026-08-14 10:23:48,saya naik gojek atributnya lengkap dari pada maxim,positif,naik gojek atribut lengkap maxim
1b0b5147-5c3c-45b2-af3c-49eae8738144,Pathul Jackal,5,2026-09-03 06:35:42,selalu ada jalan bersama GOJEK👍🏽,positif,selalu jalan sama gojek
32501c60-0565-41fc-b851-2a564693b16e,Rai Eka Nurmida,5,2026-08-21 18:00:52,pesaan yang cepat pun terkadang dapat nya lama😩,positif,pesa cepat terkadang lama
16b90757-a2b6-439b-a976-aa7d427bff53,Alika sukma Adilla,5,2026-08-16 09:21:01,"menurut saya bagus, tapi kenapa kalo saya mau pesen gojek suka dapetnya lama bangett yah, sekalinya dapet orang nya itu² mulu yahh",positif,bagus kalau mau sen gojek suka dapetnya lama bangett sekali dapet orang mulu yahh
5ea375a2-cdd9-4c50-9415-9db8f0827b02,Sofiya Putri indah,5,2026-09-09 18:18:23,pokoknya the best dech gojek,positif,pokok the best dech gojek
65824528-20ba-463a-a5c6-c7c46df8748d,Najha Nabilla,5,2026-08-23 13:41:11,"bagus, kepake terus pas lagi sakit",positif,bagus kepake terus pas sakit
92c79d80-a019-47cb-80c9-5eae6facab8f,Fauziah putri Wicaksono,5,2026-08-13 19:48:09,"sering dapet diskon, amat sangat membantu. cepat dapat drivernya",positif,sering dapet diskon sangat bantu cepat drivernya
56d536b6-f4b2-4303-bdfc-21da1c50deb7,Dydia Brillian21,4,2026-08-17 12:31:55,"Lawak aplikasi ga bisa dibuka setelah login, force close terus terusan. Udah 2 kali install ulang tetep aja Edit: Sudah hapus data layanan google play, hapus data maps, dan restart hp baru bisa min, ini solusinya rupanya",positif,lawak aplikasi tidak_bisa buka login force close terus terus kali install ulang tetep edit hapus data layan google play hapus data maps restart hp baru solusi rupa
fde626b0-813b-4090-826c-61d6115c5336,Nurjun Frahman,5,2026-09-10 17:49:08,cukup membantu dan tingkatkan lagi agar tidak pelanggan tidak kecewa,positif,cukup bantu tingkat tidak_langgan tidak_kecewa
1303099a-cfb3-4bf6-ab53-f56b7a882362,Ronald Saragi,5,2026-09-09 06:26:16,Mantan luar biasa,positif,mantan luar biasa
193209c8-3b30-4615-8c4e-8b6c73fd9b6f,Skyginting Manik,5,2026-08-24 11:09:28,keren kamu gojek,positif,bagus kamu gojek
ce5a7165-c3fb-4188-bbc5-c9ff0462bd38,Kim Jipun,5,2026-08-11 11:47:54,Memudahkan transportasi kemana pun pergi,positif,mudah transportasi pergi
4ab178f1-8f98-4d02-9412-611c361d9ca0,Aldiano Aguwero,5,2026-09-08 21:16:01,gojek murah dan hemat saat mau berpergian,positif,gojek murah hemat mau pergi
145d9505-7d20-45e0-8b90-6ea6ba31eb2e,PWT TeamZ,5,2026-09-11 17:49:36,"Aplikasi sudah sangat baik, tapi mohon perbaiki sistem edit lokasi GoCar. Saat geser titik beberapa meter (niat bantu driver biar gak salah jalan), tarif langsung naik drastis. Kasih popup peringatan dulu/konfirmasi harga baru terlebih dahulu. Kesannya penumpang dijebak karena harga berubah sepihak hanya dengan sekali pencet tombol. Tolong hadirkan pop-up konfirmasi tarif baru sebelum lokasi resmi diubah agar lebih Transparan. Sukses terus Gojek!",positif,aplikasi sangat baik mohon baik sistem edit lokasi gocar geser titik beberapa meter niat bantu driver biar tidak_salah jalan tarif langsung naik drastis kasih popup ingat dulu konfirmasi harga baru lebih kesan tumpang jebak harga ubah pihak sekali pencet tombol hadir pop up konfirmasi tarif baru lokasi resmi ubah lebih transparan sukses terus gojek
fa733c2c-2aaa-495a-9530-c855d4ea40b3,firman permana,5,2026-09-06 19:45:09,oke banget aplikasinya,positif,baik banget aplikasi
6b5e936a-0b53-40c3-8446-a06668a879bb,Roy Dewa Kusuma,5,2026-08-24 14:54:54,Good sangat membantu,positif,bagus sangat bantu
4966daaa-5e6c-4223-b85e-25d87f7697dd,Riut Riutami,5,2026-08-12 05:13:52,murah dan baik pelayanan nya 👍,positif,murah baik layan
9b70cd2a-c031-4275-9d8a-ab9f6b5427c5,Ayu Rosmalina,5,2026-09-04 06:38:57,"terimakasih, selalu ada. untuk semua gojek tetep Amanah ya..",positif,terimakasih selalu semua gojek tetep amanah
278f642d-28ca-4f69-b757-5c0d841af766,Neneng Khoriah,5,2026-08-10 15:52:50,"sangat membantu , terimakasih",positif,sangat bantu terimakasih
8804466c-2953-4aaf-b3e5-17d62ea078a8,imam guritno,5,2026-08-19 18:55:03,Belanja dg Gojek sangat memuaskan,positif,belanja gojek sangat muas
81c6103d-0aa1-4069-b7c3-86b19849410a,Hendro Retno Agustino,5,2026-08-21 00:24:10,karya anak Bangsa mnrut saya sangat membantu mantap,positif,karya anak bangsa mnrut sangat bantu bagus
4038d57c-9855-4051-b732-7ba93a6b3bd5,Nana Dhana,4,2026-08-17 06:37:33,kadang kalo mesen driver nya dapet double kan kasian kalo di batalin 1,positif,kadang kalau mesen driver dapet double kan kasi kalau batalin
b55e6c30-0f28-4ef0-b0b2-0dd7716fdf7c,Ilham Kharisma,5,2026-09-13 21:28:27,sangat tepat waktu,positif,sangat tepat waktu
f0566ef7-926d-4ad5-a887-f6ce51c9d73e,luaraIMUP.,5,2026-08-12 16:11:36,"SAYANG BANGETT SAMA GOJEK, fast respon banget anjir, gak kayak situ, anjay.. gojek ni penyelemat SAYA BANGET! pas gaada motor... otewe #NGOJEKANJAYY",positif,sayang bangett sama gojek fast respon banget anjir tidak_kayak situ anjay gojek ni lat banget pas gaada motor otewe
e7a5a159-560b-4818-99d3-e800307606c2,Agus Santoso,5,2026-09-12 13:53:21,membantu perjalanan saya,positif,bantu jalan
293b8ec4-5713-4e35-bd39-5f4ffd688a36,Eka Wulandari,5,2026-08-21 22:55:01,"mntap sll dapet diskon, tapi tolong diskon nya kurangin lagi dong seller biarlebih smngat order trus diapk gojek tengyuu",positif,mntap sll dapet diskon diskon rangin seller biarlebih smngat order terus diapk gojek tengyuu
33745572-1164-46fd-ac92-f9121b11d257,christian anwar,5,2026-09-07 15:15:17,ok sangat membantu,positif,baik sangat bantu
ee146b0f-ef3a-40ed-b94d-b04896f3f26a,Refandiaz Arigamus,4,2026-09-01 23:07:34,Tambah metode pembayaran Qris dan virtual account,positif,tambah metode bayar qris virtual account
55ac731e-d9a9-4a74-bdb8-035d0887b267,Prihantini,5,2026-08-30 16:17:40,Mau cepat atau paket hemat selalu tersedia armadanya dengan cepat.,positif,mau cepat paket hemat selalu sedia armada cepat
7a980c61-37cd-487c-b6c3-92fb2e5b4120,Muntopiyatun Wito Wiyono,5,2026-08-13 11:06:05,pelayanan bagus ramah,positif,layan bagus ramah
e587ee38-8b92-488b-a8b5-88ea5ffc2116,Si Anu,5,2026-08-17 13:08:19,mohon chat sms mudah terlihat oleh pelanggan,positif,mohon chat sms mudah lihat langgan
28b3c91c-98e6-401c-aaf8-a68d1926be18,Ketut Supartiani,5,2026-08-26 14:12:25,Barang datang tepat waktu dan kurirnya Ramah dan Santun tks,positif,barang datang tepat waktu kurir ramah santun tks
0a6847fa-3d6a-4b04-ad52-4b56b337d721,Nona Hermalina,5,2026-09-11 11:04:46,gojek sangat membantu,positif,gojek sangat bantu
6b5c164d-3c23-481e-a315-f5445f0757b8,Giovani Aldia,5,2026-09-09 11:39:00,the best promo go foodnya,positif,the best promo go foodnya
d3577c5d-5fb5-4175-aa45-cefc2dac9ab8,pria awan,5,2026-08-19 17:09:00,bagus fast respon,positif,bagus fast respon
52aa2317-e7c8-4441-8450-b4db44915a5d,The Synyster,5,2026-08-12 04:31:52,pesan apapun selalu sampai tepat waktu mantapp,positif,pesan apa selalu tepat waktu mantapp
2f53cd67-d2b9-496a-88c0-9bfba47d2d0f,Muhammad Asnan,5,2026-08-19 13:49:02,sangat membantu dan mudah,positif,sangat bantu mudah
49efe0c6-f5c9-48be-ad7e-be65e5e4df07,Muhammad Hervan,4,2026-09-01 19:01:56,"sejauh ini bagus, cuma kadang titik nya ga sesuai yg kita pilih",positif,jauh bagus cuma kadang titik tidak_sesuai pilih
b1d059e1-ed02-40cf-8cdb-653673606ea4,Satria.S Dg Situju,5,2026-08-15 00:31:58,oke deh mantap lah 👍👍👍👍👍,positif,baik bagus
f7410fa2-f5fb-460d-9714-36fc809a3e0d,Diva Media,5,2026-08-31 06:40:41,Kece banget sekarang,positif,kece banget sekarang
5612cd10-4603-4f78-93f0-081ff8d553d8,any swary,5,2026-08-23 20:41:40,cukup membantu aktifitas pelayanan mudah dan cepat,positif,cukup bantu aktifitas layan mudah cepat
81ac241a-ccb2-418b-9677-e40be86301b8,selviwulansari,5,2026-09-07 01:59:23,walaupun jam brpa tetap di anterin tepat waktu,positif,walaupun jam brpa tetap anterin tepat waktu
4d410b6c-e37f-40d0-b67b-aa0176b3274a,Wn Sptk,5,2026-08-22 18:04:13,"terimakasih selalu membantu kelancaran pulang pergi sekolahnya dari SMP hingga kuliah anak-anak kami yang pertama sudah Selesai kuliahnya tinggal adiknya tahun semoga depan, aamiin. pesan, untuk pinjaman uang, tolong di cek dulu kebenarannya sebelum mengeluarkan uang, sebab akun anakku digunakan orang yg tidak bertanggung jawab pinjam uang gopay pinjam hingga kami harus menyicil 3x dimulai bulan juni2026 hingga awal September. yg seharusnya uang untuk bayar UKT malah bayar cicilan orang",positif,terimakasih selalu bantu lancar pulang pergi sekolah smp hingga kuliah anak anak pertama selesai kuliah tinggal adik tahun moga depan aamiin pesan pinjam uang cek dulu benar keluar uang akun anak guna orang tidak_tanggung jawab pinjam uang gopay pinjam hingga menyicil mulai bulan juni hingga awal september uang bayar ukt malah bayar cicil orang
6d5a3531-a5d4-42f4-a841-76e65efa5090,dessy utami,5,2026-08-16 11:35:52,mempermudah kaum mageran ky sy,positif,mudah kaum mageran ky
67abe1d9-a7cc-4618-99c4-f527be7a63b1,mega yanti,5,2026-08-22 14:06:19,diskon promonya di banyakinnn lg please,positif,diskon promonya banyakin please
d6b6c6f7-7a88-4776-ad3a-9aa3d69c30e0,Ghibran Chemicals,5,2026-08-11 20:45:51,memberikan pelayanan yg terbaik,positif,beri layan baik
1331c348-7172-4b39-b62a-7432a79ece62,baraa,5,2026-09-01 15:04:27,"sya suka memakai apk gojek, slalu sdia ketika sy keadaan darurat",positif,sya suka pakai aplikasi gojek slalu sdia ada darurat
2475c902-b6ca-435a-a7c2-a95ede82ca3f,Nusa Indah Trans Tour&Travel,5,2026-08-14 09:22:10,drivernya ramah dan joss..kalau bisa pembayarannya jangan hanya gopay saja..coba dengan pembayaran lain selain gopay yaitu qris,positif,drivernya ramah joss kalau bayar jangan_hanya gopay coba bayar gopay qris
24c3df78-97cb-4c8d-92ca-87f80df09498,Ade Rusnawandi,5,2026-08-26 21:26:39,orderan nya mana kasih orderan orderan malah diperanyeb gila padahal ga pernah censel ga pernah lewatin tapi kenapa orderan jadi diperanyeb begini,positif,order mana kasih order order malah diperanyeb gila padahal tidak_pernah censel tidak_pernah lewatin order jadi diperanyeb begini
631b22a4-1389-49ce-8146-541ace186124,Zayyin Achmad,5,2026-08-13 17:44:37,sangat membantu sekali terimakasih,positif,sangat bantu sekali terimakasih
e443c06e-3052-4cd4-8092-4e43fe90a6ab,Kardiaman Sinaga,5,2026-09-12 12:27:36,"untuk titik jemput tolong dong di perbaiki,tiap pakai gojek titik jemput selalu bermasalah udah berkali2 di ketik tetap blok lain yg dapat,akhirnya selalu chating driver ngasih tau blok sebenarnya,pernah lupa chat driver dia nunggu di blok lain saya nunggu di depan rumah,keseringan map selalu nunjukin blok disebrang rmh",positif,titik jemput baik tiap pakai gojek titik jemput selalu masalah kali ketik tetap blok akhir selalu chating driver ngasih tau blok benar pernah lupa chat driver nunggu blok nunggu depan rumah sering map selalu nunjukin blok disebrang rmh
4628ff65-31c1-4b56-b1f7-43642bfba2de,Kodok Laalover,5,2026-09-08 07:16:55,Tolong bantu kasih tau saya min .. akun saya tidak bisa masuk aplikasi gojek . Karena harus masuk verifikasi kode OTP email .. sedangkan saya lupa password email saya min. nomer hp saya masih ada .. jadi bagaimna saya buat untuk Proses nya .. di sini masih ada saldo saya ..,positif,bantu kasih tau akun tidak_bisa masuk aplikasi gojek masuk verifikasi kode otp email lupa password email nomer hp jadi bagaimna proses sini saldo
7c2d4ecf-fb60-4cd4-be01-d3516d761389,ummi liany,5,2026-08-23 10:04:58,sangat terbantu dimanapun berada di seLuruh Indonesia,positif,sangat bantu mana ada seluruh indonesia
d0cb6cc2-4abd-4140-9835-767d31d40e5f,Agus Riyanto,4,2026-08-23 18:29:02,sayang semakin sering menggunakan semakin berkurang promonya,positif,sayang makin sering guna makin kurang promonya
6bba53a7-8036-4f33-beaf-cb56df909523,Jaelani Ganteng,5,2026-08-30 13:17:04,pulang kerja males keluar atau hari weken males macet2tan antri2an tinggal pesen gofood saja duduk santai di rumah sambil nonton tv pesananya sudah sampai depan rumah,positif,pulang kerja males keluar hari weken males macet tan antri an tinggal sen gofood duduk santai rumah nonton tv sana depan rumah
cecc134b-3157-4827-b9ce-16df474cd86a,Vrimer Vibro,4,2026-09-04 14:22:18,sekarang makin susah dapet drivernya payah,positif,sekarang makin sulit dapet drivernya payah
342dc9d7-bd11-452d-8e0c-7b341eff2599,Farhan Fauzi,4,2026-08-27 15:44:41,Berguna banget buat saya pergi ke berbagai tempat selama training di Yogya.,positif,guna banget pergi bagai tempat lama training yogya
0767aa36-5f0b-4993-a262-7f6086186134,Rochman udin,5,2026-08-19 11:50:33,mudah gampang cepat,positif,mudah gampang cepat
a7728bbb-2b9a-4ec1-a075-9343ccd398b3,Renzzz,5,2026-09-07 06:45:14,mendapat driver yang baik dan asik,positif,dapat driver baik asik
e87776ae-0a1e-442e-8af3-88be1e63ab86,Nday2,5,2026-08-22 02:30:23,"ayolah ka, saya sudah cape2 ngumpulin ruby buat main game bolak balok, main udah 6 jam dan tembus 10k lebih yang harus nya dapat coin 20k malah jaringan eror, padahal wifi dan Kouta aman, di tungguin 2 jam masih eror ayolah ka",positif,ayo ka lelah ngumpulin ruby main game bolak balok main jam tembus lebih coin malah jaring error padahal wifi kouta aman tungguin jam error ayo ka
e795aded-60e1-408b-a263-09985b7793c5,DeDe Mouljadie,5,2026-08-12 15:32:02,bagus dan membantu,positif,bagus bantu
6c248735-fa79-4a9e-b5ff-b0a4b9dc4abe,Mella Yulita,5,2026-08-17 18:10:00,Selalu jempol buat gojek,positif,selalu jempol gojek
f0acf9e2-211d-44cd-8bd5-39f77aa4218e,M NAWI NAWI,5,2026-08-23 16:07:35,sangat mmbntu sekali,positif,sangat mmbntu sekali
134e91ec-ae38-4be6-afea-3535123476ca,Iwan Setiawan,5,2026-08-22 11:44:57,sangat membantu untuk kami yg membutuhkan perjalanan yg nyaman dan aman.,positif,sangat bantu butuh jalan nyaman aman
9c9540d4-4760-41cb-8050-658e92e5cbc9,Raff.,5,2026-08-13 17:14:04,trip menjadi lebih mudah,positif,trip jadi lebih mudah
54447504-d928-4787-b9a8-5fc7f36d2d90,Nurhayati Nupus,5,2026-09-07 06:44:24,memuaskan setiap butuh keluar sangat di mudahkan terima kasih semoga menjadi yg terbaik sll sehat Aamiin,positif,muas butuh keluar sangat mudah terima kasih moga jadi baik sll sehat aamiin
3e08d494-cbb3-472a-a1c5-3990dd3f65d6,muhammad ali,5,2026-08-16 20:02:08,ok mantap dan bagus,positif,baik bagus bagus
d3b6515f-dc70-404a-8952-98b3acaeef8c,Zidanmeiga Zidan,5,2026-08-27 17:46:07,GO go go go gojex,positif,go go go go gojex
115fbb81-b3b5-4082-88af-d3b1002abe86,RJT teknik,5,2026-08-21 12:06:08,top deh pelayanan nya,positif,top layan
e159c113-f82d-4cca-829e-91f810d18d6f,Jerapah kecil,5,2026-08-29 07:08:14,lebih cepqt dan mudah,positif,lebih cepqt mudah
3565a298-a157-4cb9-8862-af996da8e65c,zoegik tanalin,5,2026-09-05 08:55:50,cepet rjngkas memudahkan,positif,cepet rjngkas mudah
ead59cf2-f861-4e8f-99d0-86f4a02488e2,I-nuel Hendro,5,2026-09-08 14:39:51,pengiriman dan transportasi membantu,positif,kirim transportasi bantu
f99153a2-0598-411e-abd5-ccafbc1b5c71,Nur Aini,5,2026-08-14 19:24:38,tampilan baru maps liat musti di tarik kebwh,positif,tampil baru maps liat musti tarik kebwh
cab8d143-5070-4a48-9383-8722a47b1334,Satria Adesta,5,2026-09-10 00:22:47,sejauh ini baik baik aja aplikasinya dan penggunaan nya,positif,jauh baik baik aplikasi guna
1458dcbb-cafb-4b13-901d-0f783c9522b4,Rusdiyansyah,5,2026-09-07 09:38:16,JAYA SELALU GOJEK SELALU YANG TERDEPAN,positif,jaya selalu gojek selalu depan
fb4a1942-14ff-4188-8d35-dc3f6f0bf1ac,Gita Suci Ramadhani,5,2026-09-02 12:11:42,pelayanannya oke banget,positif,layan baik banget
6b12d2cd-c255-4bae-8791-e69264e25c73,Agung Hendro Widodo,5,2026-08-25 08:42:29,Driver baik dan ramah 👍,positif,driver baik ramah
5d2cd3f3-d5dd-4c8e-a0d4-0088fcb2f8a4,De'iQis Windi Susanti,5,2026-08-20 22:54:45,ok banget pokok nya,positif,baik banget pokok
963e8264-ace3-44ab-a843-97353c220834,rizky ruchfiansyst,5,2026-09-04 14:46:51,oke tarifnya mumerloh,positif,baik tarif mumerloh
09ea5a9d-bff3-4fce-812c-03ff12642605,Nur Ayu Rizki,5,2026-09-09 23:09:04,terbaik! sangat membantu sekali,positif,baik sangat bantu sekali
43cc5915-7fe0-49d7-a84d-a83691803606,Yeni Minarti,5,2026-08-26 07:37:03,menarik luar biasa,positif,tarik luar biasa
07f849dd-080b-4c90-b6da-652efbc21fca,Elinda Ramasari,5,2026-08-29 08:56:29,senang ketemu driver anak muda yg semangat cari nafkah. gak mager.,positif,senang ketemu driver anak muda semangat cari nafkah tidak_mager
beabdd21-3179-4da4-9257-ef681d6ce96a,Samin Bismillah,5,2026-09-01 07:19:39,dapat nengatasi masalah dengan cepat,positif,nengatasi masalah cepat
e4eabf88-82dd-4c2e-9862-0623b4a4f9ef,Ade Atma,5,2026-08-31 08:36:12,mantap banyak discount nya👍👍👍👍👍,positif,bagus banyak discount
899e31b6-3d38-43a3-929b-5403ab726141,David D Mega,5,2026-08-24 18:26:01,Transportasi jdi mudah praktis dan cepet,positif,transportasi jadi mudah praktis cepet
92bdaf50-71b1-4652-ac82-b224ab9c70e3,Aldo L.S.,5,2026-09-08 16:33:03,"the best indo app, better than grab",positif,the best indo aplikasi better than grab
37a2210c-8c59-482b-a9b6-4db5d74bfd9e,Leo Tiko,5,2026-09-05 09:40:00,selalu menemaniku kemana aku menuju,positif,selalu teman aku tuju
d03f24c6-f6cd-472f-9260-000eea1eceb9,Harris H.D,5,2026-09-04 11:22:22,"Sabar Sabar ya Customer... driver yg Deket lokasi Sampean gak kebagian Order... jadi driver YANG POSISINYA JAUH, yang dapet orderan sampean.... emang bgitu Stelan aplikasi GojekDriver nya !!!",positif,sabar sabar customer driver deket lokasi sampean tidak_bagi order jadi driver posisi jauh dapet order sampean emang bgitu stelan aplikasi gojekdriver
11a28242-f529-4a46-bf69-c3a9f7acdda7,Dadang Farid,5,2026-08-22 14:32:43,"Min, tolong diteruskan ke tim operasional. Kondisi armada GoRide di lapangan banyak yang tidak layak jalan dan helm penumpang tidak pernah diperbarui. Sangat membahayakan. Mohon ada program cek kelayakan & peremajaan helm. Terima kasih.",positif,terus tim operasional kondisi armada goride lapang banyak tidak_layak jalan helm tumpang tidak_pernah baru sangat bahaya mohon program cek layak remaja helm terima kasih
a657c17f-80c5-41cd-80ba-d3555b642657,Agus Zaini,5,2026-09-02 07:05:43,"pesanan datang sesuai dengan waktu yang dijanjikan, diantar dengan aman sampai tujuan",positif,pesan datang sesuai waktu janji antar aman tuju
2dc8e95b-aa98-4c32-8fe5-710d21ebdf60,Ruhanah Abdillah,5,2026-08-23 19:29:04,ok banget naik gojek mantab,positif,baik banget naik gojek bagus
c7099f3a-3bf3-4aad-bf4e-2fc60ac472f0,M. Dwi Cahyono,5,2026-08-13 17:57:34,Karya anak bangsa.,positif,karya anak bangsa
f59626be-72b6-4d8b-a252-8940925ecaef,Muhammad Ridwan Sidik,5,2026-09-08 04:06:31,"terimakasih, sangat membantu",positif,terimakasih sangat bantu
a090c772-d159-40e3-b54d-c272c36f5bbb,jaelanih bravo,5,2026-08-24 15:53:08,klw order ko jauh2 ya drivernya coba kyk grab deket2.,positif,klw order ko jauh drivernya coba kyk grab deket
cf901dc6-1189-4f4a-891c-9d9c9c4f50a7,bintang kecil,4,2026-08-16 18:42:16,"pdhl di sekitran banyak driver tapi gda yg nyantol satu pun, aku pnya bukti",positif,pdhl sekitran banyak driver tidak_ada nyantol satu aku pnya bukti
24ba9f3f-9b6a-449a-9e61-f24127c39e6c,Wijaya Suparno308,5,2026-08-17 00:44:05,best and driver amanah,positif,best and driver amanah
6573110e-0bd6-44e4-8df1-d58a03852d53,Abiku Kuu,5,2026-09-03 12:12:30,alhmdlh berkatbada gojeg bs membantu mobilitas sy. mksh,positif,alhmdlh berkatbada gojeg bantu mobilitas mksh
8fb345c4-2be2-4ca8-863a-b1862e4c2152,Febriana05,5,2026-08-13 08:09:21,kemana mana lebih mudah,positif,mana lebih mudah
34d69a7b-fca9-4e57-ba01-be77315c9bfa,"Arif G, SH",5,2026-08-17 12:12:37,sangat membantu mobilitas,positif,sangat bantu mobilitas
fe687cac-f548-4578-b946-a171a79d1e05,Aldi Suhardi,5,2026-08-13 03:39:54,APLIKASI TRANSFORTASI TERBAIK👍📍,positif,aplikasi transfortasi baik
6af57811-b3f7-48ae-b2ee-8e173045a79b,Tung tung Sahur,4,2026-08-17 07:31:11,banyak diskon dan cepat (kadang kadang gak),positif,banyak diskon cepat kadang kadang tidak
426c457f-fd2c-4e3b-8b56-986bfe320da4,Febri Febrian,4,2026-08-25 12:16:27,please tim it mohon tambahkan fitur pencarian lokasi berdasarkan titik koordinat agar memudahkan pencarian & pengiriman lokasi di peta,positif,please tim it mohon tambah fitur cari lokasi dasar titik koordinat mudah cari kirim lokasi peta
4b7dbd24-4b0c-4411-b549-4ce54aa15ea8,Sabayy madani,5,2026-08-11 06:38:52,Mantap APL Yg sesuai Di saat Lapeerrr👍,positif,bagus apl sesuai lapeer
7f6bab2b-f5b4-4f98-80e8-25f681e57eaf,Sang Eka Megantara,5,2026-08-18 16:42:25,aplikasi yang sangat membantu,positif,aplikasi sangat bantu
4462f5ec-e7bf-402e-9b47-d45634ef9f6c,Datu Oktrifiandri,5,2026-09-01 14:53:19,bonus Coin nya bisa dipake,positif,bonus coin dipake
bf7ad18a-6908-4c88-bba7-68157d4a18e8,Nuni Darma,5,2026-08-22 11:48:54,"Sangat praktis, klo laper Gofood aja💙 klo butuh kendaraan Gojekin aja💙 super cepat dan murah👍👍👍",positif,sangat praktis kalau laper gofood kalau butuh kendara gojekin super cepat murah
5f92d5d3-6ab6-474d-a8b9-e8c3da4a9852,R.lucky Hendro,5,2026-08-19 09:41:56,"Mantap jangan di update lagi,sudah bagus aplikasinya",positif,bagus jangan_di update bagus aplikasi
ee1cc3e2-2326-4a89-8d9d-b47535dac1d4,Siti Indriyani,5,2026-09-09 09:14:26,sejauh ini blm pernah kecewa,positif,jauh belum_pernah kecewa
f79435e9-0ed9-4b67-93f2-94e547ef1a5f,hendi rakasiwi,5,2026-09-02 18:28:11,mantap sangat terbantukan....,positif,bagus sangat bantu
4af5daa8-7205-4c45-a262-cf894fabf872,Elvio Bintang,5,2026-08-14 09:22:36,sangat membantu kegiatan sehari2,positif,sangat bantu giat hari
dd1b7367-2c8f-4cb2-ba10-64459a20e97e,reinhard bokang,5,2026-08-26 01:54:41,bagus sih walau kadang mau pesan gojek malam hari agak susah 😁,positif,bagus kadang mau pesan gojek malam hari sulit
fe368802-fe67-429c-b5ca-544303500434,iswan jogja,5,2026-09-02 17:46:47,dinggo golek sandang pangan,positif,dinggo golek sandang pangan
3ab3abca-99a9-4dad-9893-3c993a41abc6,iie noor ilahi,5,2026-08-16 18:21:44,"selalu pakai ini, sangat membantu saya dalam hal transportasi 👍🏻",positif,selalu pakai sangat bantu transportasi
29c7f820-b90a-4d10-b7b9-dd3b79920902,Sese Alsfore,5,2026-08-29 23:17:57,sangat membantu saat mengantar ibu untuk cuci darah,positif,sangat bantu antar ibu cuci darah
cf2bea78-5fa8-4f4a-aba7-837e9bc7553b,dionisius given,5,2026-08-24 08:41:37,"karena sepeda motor harus overhaul maka saya gunakan gojek untuk pergi ke kantor, kecepatan sedang dan saya sampai di kantor dengan selamat",positif,sepeda motor overhaul guna gojek pergi kantor cepat sedang kantor selamat
44d99351-3594-4d61-b887-5a1badae2136,Faqih Alawy,5,2026-08-13 16:46:55,simple gak ribet,positif,simple tidak_rumit
613b00db-9f10-4153-bae0-e99950df233e,Isman Bala,5,2026-08-26 23:24:24,cukup bagus mntap,positif,cukup bagus mntap
aaf4ae2c-3cc0-4672-a788-ccf262aeec40,bambang antariksa,5,2026-09-01 21:29:57,pesanan cepat dan tepat waktu,positif,pesan cepat tepat waktu
2ab97318-72b6-4c0f-897c-e28ad08cf9a8,Mamazayn Nisa,5,2026-09-01 05:02:39,driver ramah..cara mengendarai santai bikin nyaman..top markotop lah pokonya,positif,driver ramah cara kendara santai bikin nyaman top markotop poko
c737a460-1cfc-41f5-84aa-37640ca5daed,Ch ella,5,2026-08-25 18:44:24,muda dan hemat..niceeee,positif,muda hemat nice
7a1e5939-1274-409a-9f53-b5263765dfed,Triyanti Sukarman,5,2026-08-25 13:26:10,"Pelayanan bagus,tepat waktu 👍👍",positif,layan bagus tepat waktu
49d4437f-e60e-4bac-9c2d-e27140421466,Rika Oktaviani,5,2026-09-03 07:40:10,baik dan nyaman,positif,baik nyaman
03e59d7c-e763-4b49-acf2-86eecc1818f3,Ridwan Firdaus,5,2026-08-11 21:37:55,sangat mudah bertransaksi gampang di lacak untuk interaksi👍,positif,sangat mudah transaksi gampang lacak interaksi
fea8cefd-397b-4dc8-9a03-0821c5145aed,AFAF AF,5,2026-08-15 19:23:48,bagus sekali memuasakan😁😁,positif,bagus sekali puasa
72144687-6560-4cb8-8497-5f6ed9ff6a68,Suryanti Yanti,5,2026-08-20 14:54:41,drivernya selalu ramah dan datang selalu tepat waktu,positif,drivernya selalu ramah datang selalu tepat waktu
4a833d98-8390-4b72-a831-745d12117beb,Fauzan Septiadi,5,2026-08-27 17:47:53,"Mohon agar Gojek menambahkan fitur pembayaran via QRIS, supaya pilihan metode pembayaran lebih beragam, terimakasih, 🙏🏼🙏🏼🙏🏼🙏🏼🤧🤧",positif,mohon gojek tambah fitur bayar via qris pilih metode bayar lebih agam terimakasih
8300d2ab-36a9-4a09-b051-5ae86335f767,Sheptin Wulan,5,2026-08-18 20:56:15,Sekarang nyari driver susah bangettt,positif,sekarang nyari driver sulit banget
d64f3b5c-1b07-4a8a-956b-0fe6296426b9,ollay ibrahim,4,2026-08-10 13:31:17,kekurangan nya untuk gocar.. kenapa gak ada notif dari penumpang yang sudah turun.. kalau ada barang penumpang yg tertinggal jadi gak ketahuan kalau penumpang chat.. saya pernah dapat dari Cawang ke Balaraja..pas saya otw balik ke Tebet baru ada wa dari penumpang yg barang nya tertinggal.. wa nya sudah sampai Pancoran..pas buka aplikasi gojek lalu liat pesan. ternyata banyak chat dari penumpang itu yang ngabarin klau barang tertinggal..,positif,kurang gocar tidak_ada notif tumpang turun kalau barang tumpang tinggal jadi tidak_tahu kalau tumpang chat pernah cawang balaraja pas otw balik tebet baru wa tumpang barang tinggal wa pancoran pas buka aplikasi gojek lalu liat pesan nyata banyak chat tumpang ngabarin klau barang tinggal
23a8c665-2704-4e14-abe6-8923e5e9e832,Amdiahbilqis Amdiah,5,2026-08-12 06:08:39,gojek nya tepat waktu,positif,gojek tepat waktu
2b60c483-03a1-494c-a7be-8d475650f4a8,Dhea,4,2026-08-13 14:40:22,"serius nanya, fungsi gojek cepaat tuh apa ya? biar dapet driver lebih cepat? terus kalo posisi drivernya dikasih yang jauh dari lokasi, bedanya apa bang. sama sama nunggu juga jatohnya ^^",positif,serius nanya fungsi gojek cepaat tuh apa biar dapet driver lebih cepat terus kalau posisi drivernya kasih jauh lokasi beda apa bang sama sama nunggu jatohnya
8cc4dc00-9794-4096-a36f-eb16de9cf6e9,akbar hansome,5,2026-08-14 18:48:43,mantap aplikasi nyooooo debessss👍🏼👍🏼,positif,bagus aplikasi nyo debes
1b57968d-3c62-413b-a8df-e057e5962a99,An Angelika,4,2026-08-16 10:13:34,"Tolong dong aplikasinya di benerin, maps sering eror, jarak dekat tapi dibikin muter jauh,bikin driver nyari alamat susah, konsumen emosi nungguin driver malah muter muter gak jelas karna maps nya belibet. kalau kayak gini bukannya mempermudah , tapi nyusahin pengguna sama driver.",positif,aplikasi benerin maps sering error jarak dekat bikin muter jauh bikin driver nyari alamat sulit konsumen emosi nungguin driver malah muter muter tidak_jelas maps belibet kalau kayak gin bukan mudah nyusahin guna sama driver
8e4c23ed-344d-4c43-99ed-c04219c494ff,Suyat no,5,2026-09-10 11:29:33,cepet dlm mnjemput penumpang,positif,cepet dlm mnjemput tumpang
399f917f-d300-4283-819f-db8ee10a8314,Centrindo Artha Prima Mandiri,5,2026-09-02 09:51:55,selama ini enak aja pakai aplikasi Gojek...TRIms Nadiem Karim,positif,lama enak pakai aplikasi gojek trims nadiem karim
61422bfa-ff20-4d7e-aa1a-ea0d05f8a685,Audzubillahi Bissmillah,5,2026-09-06 16:19:12,syukur ALLHAMDULILAH. cukup baik,positif,syukur allhamdulilah cukup baik
86fe62b0-ce4d-4d15-a27f-8e24626c2f35,Ramadhan Salatin,4,2026-08-17 17:32:51,cepat dan Aman,positif,cepat aman
44ed7050-31ad-45d8-a644-ce503f5653c6,Mubarikah Nursat,5,2026-09-12 14:26:47,"Pelayanan cepat, dan ramah drivernya",positif,layan cepat ramah drivernya
9cf28561-f9a3-4701-8e7f-c864e74d4d1f,Nmax Merah,5,2026-08-17 05:17:46,saran ajh buat driver yang nongol di maps klw Gk mau ngambil kaga ush di aktifin aplikasi nya padahal Deket lokasi saya sama driver nya tapi kaga ada yang ngambil sampe nunggu lama‼️,positif,saran ajh driver nongol maps klw tidak_mau ngambil kaga ush aktifin aplikasi padahal deket lokasi sama driver kaga ngambil sampe nunggu lama
b521b8d5-738c-4027-a63a-fafe744c493e,Immanuel Yadika Sukandar Silaen,5,2026-09-06 06:34:48,"Sebagai pengguna, saya suka gojek. Ekosistem yang diterapkan sangat bagus dan terintegrasi satu sama lain, selain itu banyak promo menarik yang dapat dilirik oleh pengguna. Semoga dapat lebih baik dalam memperhatikan mitra pengemudi dan pengguna non pengemudinya.",positif,guna suka gojek ekosistem terap sangat bagus integrasi satu sama banyak promo tarik lirik guna moga lebih baik perhati mitra kemudi guna non mud
c0b35651-6925-48e2-aaea-aaa404187a49,wahyudin,5,2026-08-14 18:11:57,sangat membantu untuk bepergian tanpa harus punya kendaraan,positif,sangat bantu pergi tanpa_harus punya kendara
a796983c-da15-4c2d-9add-0599cefc5789,Edy Susanto,5,2026-08-14 22:58:14,mantap driver ny ramah 🚀,positif,bagus driver ny ramah
93abf722-9027-4051-a954-fbf33fceded1,Angel Chatrin Sitorus,5,2026-08-12 06:05:50,aku sayang gojek,positif,aku sayang gojek
5daed7fb-3e6a-4d4e-9edc-6d122aff1597,Shafa Permana,5,2026-09-10 01:07:38,biar bisa gunakan paleter bismillah,positif,biar guna paleter bismillah
aff08ef2-7463-4d9e-bf8a-22370c32c5f7,Febby Febby san renanta,5,2026-08-16 02:07:47,suka banget pakai gojek harganya sangat terjangkau,positif,suka banget pakai gojek harga sangat jangkau
8c806e60-3e20-4d0f-998c-264d5c7604d2,aliisa syafarani,5,2026-09-02 12:09:56,keren mudah..murah..pelazanan okee,positif,bagus mudah murah pelazanan okee
e8ca8710-a684-45d1-8829-c7357df02f92,mukhlis family's,5,2026-08-15 12:39:36,"baik ,mudah ,aman",positif,baik mudah aman
bf8ff6a9-1976-42fe-b818-f260648b688d,Stepanus Kilimandang,5,2026-08-21 14:23:45,"sangat membantu, dan terpercaya, 100%",positif,sangat bantu percaya
18150539-a89b-4439-9514-30c064e43e38,Agus Muslim,5,2026-08-16 15:45:32,aplikasi ini sangat membantu,positif,aplikasi sangat bantu
259cf2e3-865d-4621-8277-75ab562cf058,Mas Hartono,5,2026-08-14 07:08:22,Ekonomis cepat akurat saya telah lebih dari 5 tahun menjadi pelanggan aplikasi ini puas dan tidak pernah mengecewakan,positif,ekonomis cepat akurat lebih tahun jadi langgan aplikasi puas tidak_pernah kecewa
1fb2853f-2cd3-4d68-953c-cbb586d9e625,TANTRI DwiOctavia,4,2026-09-04 06:47:20,"mohon maaf, harus banget ya ambil yang mahal biar dapet driver? padahal drivernya ada yang deket, banyak juga tpi kok g bisa dapet, saya sampe telat kerja gara² ga dapet²",positif,mohon maaf banget ambil mahal biar dapet driver padahal drivernya deket banyak dapet sampe telat kerja gara tidak_dapet
7eb29358-0a20-4fd4-a637-6a9aa48155eb,Sulvi ariandriyani,4,2026-08-25 09:53:12,sebagai pemakai go food...biaya2 jgn dimahalin plz. disc go food jg mohon di buat sebaik mungkin utk kita2 dijaman ekonomi sprti ini. trims,positif,pakai go food biaya jgn dimahalin plz disc go food jg mohon baik mungkin jam ekonomi sprti trims
f5f00d8c-db07-461b-8dad-cfbebf674724,risun ARIF OFFIAL COM,5,2026-08-24 22:56:36,"Sekali Gojek..., ya tetap Gojek... 👍👍👍",positif,sekali gojek tetap gojek
b8c86b18-a706-4170-8e79-6e32b058c76d,Yusi Syahrianti,4,2026-08-14 20:23:14,promonya lagi banyak dan murah . thanks gojek,positif,promonya banyak murah terima kasih gojek
f76e6c4b-4d1b-47f6-ac21-7f35f7960f0d,Soekarno Wijaya,5,2026-09-03 13:08:50,sampai dengan aman,positif,aman
1b24dd35-bbf9-4120-855f-db3e5b68f824,Rafa Naufal,5,2026-09-14 07:40:57,Sangat membantu sekali,positif,sangat bantu sekali
dbdd983c-9a87-4803-b5f6-54a9cffc46ea,Afriansyah Apri,5,2026-08-13 17:04:49,mantap dan menyenangkan,positif,bagus senang
98883206-0208-4df4-a07a-7b313e9a824c,Nurul Azkia,5,2026-08-16 21:46:51,"bagus, driver nya ramah bangett",positif,bagus driver ramah bangett
5d6e5c5a-dfe6-4a39-9807-95f2205ef27b,Valentino Rio,5,2026-09-09 22:46:01,sangat profesional dan cepat aksesnya,positif,sangat profesional cepat akses
cf08ea11-9cb0-45b9-8ee2-79b30ee1bb6c,Ariyanto Iswardoyo,5,2026-08-15 12:57:33,driver cepat datang,positif,driver cepat datang
785d4047-a990-48c6-81d9-7240cbd345a2,Rakhmat Teguh Prabowo,5,2026-08-24 12:13:40,"kenapa ini check-in point gabisa dibuka, gopet juga gabisa dibuka karena masalah jaringan dan server error",positif,check in point tidak_bisa buka gopet tidak_bisa buka masalah jaring server error
da162885-624e-4e16-81c4-57d65a04d413,Qelha dyandra admuandy,5,2026-08-18 23:20:28,pokoknya gojek the best,positif,pokok gojek the best
f4d883b3-874b-46b8-9b1a-dd287d56cb0e,Rusman Pamungkas,5,2026-09-12 06:08:58,Alhamdulillah paylater kembali lagi 😍 terimakasih gojek 🫠🥳,positif,alhamdulillah paylater terimakasih gojek
354fa20e-bad3-458b-a243-4731770b27d9,Acmilan Milano,5,2026-09-12 15:32:47,ok lumayah buat order jika lapar mendesak malam sip lah,positif,baik lumayah order lapar desak malam sip
83b09bcd-45f6-4f23-a7aa-af0c377fe7e1,Yunasril Padang,5,2026-09-04 13:46:58,lebih nyaman dan cepet,positif,lebih nyaman cepet
199b2844-653a-4cef-97b4-bae78862c06b,lielie djaya,4,2026-09-07 19:46:02,kak saya gak pernah minta kode verifikasi gopay kenap ada kirim kode ..... pengirim ......2947,positif,kak tidak_pernah minta kode verifikasi gopay kenap kirim kode kirim
d18783be-88cf-49e6-bd18-19a9aa287c7f,Airaa Alyciaa5,4,2026-09-12 16:51:22,"ini emang kalau mau gosend itu kadang suka gonta-ganti driver ya? cuma amu ambil sertifikat olimpiade di satu universitas aja harus gonta-ganti driver, mana sampai batas jam yang ditentukan sama pihak kampus nya 😞🙏🏻",positif,emang kalau mau gosend kadang suka gonta ganti driver cuma amu ambil sertifikat olimpiade satu universitas gonta ganti driver mana batas jam tentu sama pihak kampus
54a9cff8-a91f-4422-8be5-f94b48a75f4f,Subehan Saefudin,5,2026-08-10 11:29:47,sip...0rangnya ramah mengedarainya hati hati,positif,sip rang ramah dara hati hati
0477f6ca-7ea3-422c-8968-93558f116df4,Bilqis Earlyta,5,2026-09-02 21:31:18,Kalo lagi mager gojek solusinya,positif,kalau mager gojek solusi
06fd9a25-edfe-44c9-8277-330ac3066f77,Winandi Gusti Pratama,5,2026-08-19 18:12:22,"sudah bagus, sangat membantu",positif,bagus sangat bantu
1deb262c-73f9-49b3-9922-bc5f89bc0015,Vera Riadianny,5,2026-08-25 17:30:47,"Saat ini gojek lgi kurg bersahabat ,, males saya pake jasa aplikasinya 👎 saya perbaiki saat ini GOJEK BAIK pesan saya jgn dzolim ya sama drivernya harus jujur dlm pendapatan dan transfaran dlm bekerjasama terima kasih",positif,gojek kurg sahabat males pake jasa aplikasi baik gojek baik pesan jgn dzolim sama drivernya jujur dlm dapat transfaran dlm bekerjasama terima kasih
19221455-a3b7-471c-a01e-6ccbf8c0df5a,Rifa Atun,5,2026-08-31 17:38:18,"memudahkan bgt, TPI kdng klo emng lgi padat kaya lebaran gitu dia susah bgt di dptnya ga lama si bbrpa menit doang best deh",positif,mudah banget kdng kalau emng padat kaya lebaran gitu sulit banget dptnya tidak_lama si bbrpa menit doang best
f14320c9-295c-44a6-830d-15cdfe39a0d5,Puji Astuti,5,2026-08-23 18:02:23,iklan tampil di layar hp ku setiap ku buka hp tapi tak mengganggu,positif,iklan tampil layar hp ku ku buka hp tak ganggu
dcdde86c-2d96-4aed-8a22-d3451ade2f41,Hayfa Yani,5,2026-08-25 10:10:29,"suka sekali menggunakan gojek, harganya juga murah, drivernya baik dan jika ada masalah dengan pembayaran, gojek selalu sigap menyelesaikan masalah tersebut.terima kasih gojek kedepannya harus lebih baik ya ,semangat untuk maju dan berkembang",positif,suka sekali guna gojek harga murah drivernya baik masalah bayar gojek selalu sigap selesai masalah sebut terima kasih gojek depan lebih baik semangat maju kembang
e326f42d-9831-490d-8002-1a85f697fec5,Deni Gunawan,4,2026-08-14 20:05:47,aplikasi petanya tertutup keterangan pesanan,positif,aplikasi peta tutup terang pesan
c0847109-b603-4ed0-80a8-bd529a75d65a,Suharjo Jo,5,2026-08-19 07:29:12,saya kasih bintang 5 aplikasi ini semakin ada kemajuan,positif,kasih bintang aplikasi makin maju
2de34596-04d7-4814-9491-4f8de607927f,M Amin Rasyidi,5,2026-09-07 15:44:47,"MasyaAllah, nyaman saat berkendara..",positif,masyaallah nyaman kendara
7990a551-cbcc-4974-be94-8cc2aa17419d,Badri Tangguh,5,2026-09-11 08:04:18,saya melakukan salah transfer dari plafon dana ke plafon gopay dengan nomor tujuan sudah tidak aktif mohon info dan solusinya admin,positif,laku salah transfer plafon dana plafon gopay nomor tuju tidak_aktif mohon info solusi
9842a9bc-9f98-44f8-a9d7-2c745ad08e6a,suputra manuaba,5,2026-08-20 16:21:47,bagus dan bermanfaat,positif,bagus manfaat
419a5a81-6607-4907-a814-c46ca27c90cb,Vina Amelia,4,2026-09-08 07:15:28,"tolong dong di perbaiki bagi para driver yang belum siap Nerima orderan matiin apk nya, saya sebagai customer sangat kecewa sudah dapat driver tidak jalan2 tidak ada ngabarin. saya pernah sampai telat 1 jam kerja yaampun jangan buat resah kita dong. dlu saya sering pakai gojek ini. dan saya juga pernh dapat Driver minta bayar nya di luar apk jadi dia matiin apk nyaa",positif,baik driver belum_siap nerima order matiin aplikasi customer sangat kecewa driver tidak_jalan tidak_ada ngabarin pernah telat jam kerja yaampun jangan_untuk resah dlu sering pakai gojek pernh driver minta bayar luar aplikasi jadi matiin aplikasi nyaa
2558b466-0d20-4a39-993a-babe9ddaea16,Sri Marini,5,2026-08-10 21:30:58,selalu dapet driver yang baik dan sopan,positif,selalu dapet driver baik sopan
93b97c5b-314f-4b69-9b1c-9f17b61c5a72,Gusman Setiawan pandi saputra,5,2026-08-17 20:13:37,alat pakai mengunakan tranfortasi dalam darurat.,positif,alat pakai mengunakan tranfortasi darurat
eff5bb8e-aa91-461a-a5fa-2d5c3e7b4274,kurnia rubianto,5,2026-09-11 07:13:01,"aplikasi paket hemat,, lokasinya lengkap akurat",positif,aplikasi paket hemat lokasi lengkap akurat
7a576a6c-2427-4c89-bcac-30ef5c2f694f,Mudjie Wae,5,2026-09-13 17:03:08,cepat aman dan nyaman,positif,cepat aman nyaman
802734c2-ae9d-4b8c-b0a0-1b5b1f07ecc5,Neneng Kurniawati,5,2026-09-06 17:59:57,"Murmer ,gerak cepat",positif,murmer gerak cepat
cd477a8b-b908-4b87-bbfb-f8dcacd61375,Asep “Anom”,5,2026-09-12 11:18:47,layanan dan informasi ok dan tidak lelet. tarip akurat sesuai dengan yang tertera di aplikasi.,positif,layan informasi baik tidak_lambat tarip akurat sesuai tera aplikasi
7153d09a-ed1e-4a75-9132-eda1ba0d75ff,Hasan Hasan,5,2026-08-19 14:52:45,baik & bags,positif,baik bags
e3a0a4b1-f00c-4d0a-80f9-2f45f9857642,Sofy Nirwana,5,2026-08-25 17:07:10,"aplikasi yang menurut aku udh bagus bgt sih. tapi plis, adain metode pembayaran saldo gopay + cash dong. kadang pernah tuh mau pake tunai kurang mau pake saldo juga kurang. kalo bisa di gabung kan enak tuh",positif,aplikasi aku bagus banget plis adain metode bayar saldo gopay cash kadang pernah tuh mau pake tunai kurang_mau pake saldo kurang_kalau gabung kan enak tuh
be987d02-32a4-43bf-9717-21bf66c2000b,Arifah Nurainip,4,2026-09-05 08:43:03,"baguss ,,gampang jugaa",positif,baguss gampang jugaa
ab35be86-7c83-48bf-9c47-792c78832a3d,Indah97 97,5,2026-09-03 14:19:28,"Terima kasih aplikasi gojek saya,suka makan Jawa ,di gojek semua assalamualaikum syaa mau izin bnget, sebelum minta maaf, bosnya mau kirim makan ke teman, sedangkan saya tidak ada di rumah, wajar nggak saya, sebelum Pak maaf saya izin foto ya pak, pacar saya enggak foto bapaknya saya foto bapaknya Mega makanan mukanya saya tutupin, terus di bilang ke saya kaya gini, mbanya saya foto juga,lah saya yang krim pak,dan foto makan untuk bukti ke bosnya saya pak,",positif,terima kasih aplikasi gojek suka makan jawa gojek semua assalamualaikum syaa mau izin bnget minta maaf bos mau kirim makan teman tidak_ada rumah wajar tidak_saya pak maaf izin foto pak pacar tidak_foto bapak foto bapak mega makan muka tutupin terus bilang kaya gin mbanya foto krim pak foto makan bukti bos pak
ce5325f0-24c6-4670-954a-e546387c2d4c,Lampunk,5,2026-09-11 18:07:53,"tolong buat admin gojek, aplikasi gojek driver di buat verifikasi waktu seperti aplikasi Grab sudah menggunakan fitur verifikasi waktu, untuk mencegah adanya penyalahgunaan akun gojek driver, saya sebagai Castemer sangat merasa di rugikan, apa lagi jika mendapat driver yg tidak sesuai dengan yang terdaftar di aplikasi gojek driver, terimakasih",positif,gojek aplikasi gojek driver verifikasi waktu aplikasi grab guna fitur verifikasi waktu cegah ada penyalahgunaan akun gojek driver castemer sangat rasa rugi apa dapat driver tidak_sesuai daftar aplikasi gojek driver terimakasih
e29dc1bd-f5d1-42b6-8571-7dfbcf7a1874,Pawela Ambon,5,2026-08-28 09:51:21,"Mau ganti nada notifikasi, tp ngak jdi..",positif,mau ganti nada notifikasi ngak jadi
f8bd3794-aff7-487e-8cda-020f5aefde54,injunie,4,2026-08-31 07:57:43,"susa bgt dpt driver, uda pilih yg cepet tetep lama + dapet yg jauh drivernya, pdhl mesen dari jam 7.45 masuk kerja jam 8, sampe nya jam 8 pas, aga gila",positif,susa banget dpt driver uda pilih cepet tetep lama dapet jauh drivernya pdhl mesen jam masuk kerja jam sampe jam pas aga gila
50dbf270-fe3c-4ff4-bd89-72a63fd724e5,Safari Purwadi,5,2026-09-01 23:44:32,aplikasi mudah digunakan,positif,aplikasi mudah guna
d5be68d6-66f3-4bb3-beb1-982751732d8b,David Sutarno,5,2026-08-21 13:14:19,Asal ngasih bintang gak dosa kan ya?,positif,asal ngasih bintang tidak_dosa kan
eeff0a42-8ab3-4e3f-8ac6-e49fbdad5c34,Herlin Octavio M,5,2026-08-21 20:31:02,"terpantau dari 2017 sampai skrg masih stay, setia pake gojek.. bagus bgt pelayanannya sejauh ini.. terimakasih gojek semoga selalu memberikan yg terbaik utk semua..",positif,pantau sekarang stay setia pake gojek bagus banget layan jauh terimakasih gojek moga selalu beri baik semua
09ed3ab0-180b-4be3-b1f5-652a2b4b1239,zahrotun nissa,5,2026-08-10 06:48:13,driver nya lebih bersih dan sopan daripada yang di sebelah dan promo nya banyak,positif,driver lebih bersih sopan belah promo banyak
386fa52c-b26b-4adb-8b95-d188852bf76f,Andy Rachman,5,2026-09-01 13:06:50,sangat membantu dalam apa pun,positif,sangat bantu apa
e980c4aa-cb1f-473a-ac13-177c78b68bcc,Amalia Widia,5,2026-09-04 11:41:25,alhamdulillah nemu aplikasi yang cocok untuk bepergian saya,positif,alhamdulillah nemu aplikasi cocok pergi
4d0a7cd3-dacc-456d-a18f-d053fa90960b,Giselloo yustantyo,4,2026-09-06 15:01:09,"susah dapet driver pas gofood, padahal baru jam 7-8 malem",positif,sulit dapet driver pas gofood padahal baru jam malem
005da4ec-5997-4c68-9b50-3f0df3529a94,Fatimah N J,4,2026-08-16 11:30:03,kenapa tombol nya pada berdekatan sih? mau cek harga gofood goride gocar dulu ehhh malah kepncet order beneran. mana gak bisa dibatalin. apalagi gofood 🙂‍↔️🙂‍↔️🙂‍↔️,positif,tombol dekat mau cek harga gofood goride gocar dulu eh malah kepncet order beneran mana tidak_bisa dibatalin gofood
436c01d9-0c76-478f-8b95-b8dad3611904,Doli Family,5,2026-08-24 15:58:09,saya minta para driver motor dan mobil harus hubungi langsung ke konsumen,positif,minta driver motor mobil hubung langsung konsumen
6a0c6b09-acc1-4a59-b2bf-192dc89d3985,JEFFRY DJAUHARI,5,2026-08-20 10:33:20,"cepat respon, bahkan saat darurat express with safety",positif,cepat respon bahkan darurat express with safety
d3a9ac5e-bcbb-4a1a-8493-6530ff1090f2,Lionel Caesar damai putra,5,2026-09-09 16:47:29,bagus waw deym keren emezing well,positif,bagus waw deym bagus emezing well
9f02ad78-563a-4189-ade7-ede68ba4f8a4,Sandi Al,5,2026-08-15 20:53:07,bagus apl nya buat harian,positif,bagus apl hari
85c740b3-9ad8-4709-a231-f052e04e8937,Axcel Theo,5,2026-08-25 11:36:48,pengalaman cepet banget,positif,alam cepet banget
7bd1182e-2de5-4ea2-b7b5-c9725c9031c1,Rafi Hidayat Yuda Praja,5,2026-09-14 10:53:06,"Hebat,, Ramah Pengemudi nya",positif,hebat ramah kemudi
0ce5306d-20c6-48be-9915-771c038e14d7,Siahaan Felix,4,2026-08-12 09:29:16,"tingkatkan lagi pelayanan., kl musim hujan agak susah dapat gojek dsbnya",positif,tingkat layan kalau musim hujan sulit gojek dsbnya
dff03b8e-92f1-4f59-8fd3-96b296dc76c1,farid337 Bawenti,5,2026-08-16 06:17:53,Simpati dengan kasus pak Nadiem🙏,positif,simpati kasus pak nadiem
639a5173-74b4-4c97-9927-6860ce34a878,Beautiful Life,5,2026-09-10 14:07:57,terima kasih gojek sudah membantu keluhan saya kemarin dan sudah diatasi sama pihak gojek. terima kasih.,positif,terima kasih gojek bantu keluh kemarin atas sama pihak gojek terima kasih
bbc9f0b3-ecf4-4b82-afbd-aa483af75700,Suyoto Suyoto,5,2026-09-04 07:27:51,aplikasi serba guna,positif,aplikasi serba
ae136a7f-1355-4e67-8856-00bdc2ef301b,Falih Murfid,5,2026-09-12 14:54:08,aplikasinya sangat mantap,positif,aplikasi sangat bagus
78ecd742-987d-4eb6-bdf6-c20bd590c808,Hermawan Purnawarman,5,2026-08-18 17:43:50,terima kasih sopir sangat baik,positif,terima kasih sopir sangat baik
173b01f6-a52d-44a8-a3ce-efec2c5f4c47,Chandra Mahesa,5,2026-08-22 23:46:01,gojek selalu terbaik..,positif,gojek selalu baik
dcb04056-3abf-45e6-be7c-e259635ff321,Fery Fernando,5,2026-08-21 22:03:23,"Nih gojek harus perhatikan orang seperti ini nih,tolong dong di notif pesan saya. salut dengan pekerjaan bapak ini. saya orang nya profesional menilai dengan fakta yang terjadi dilapangan . bapak ini hebat . harapan saya gojek bisa nih angkat bapak ini menjadi the best driver in years ✨ Di account ku ada TRX terakhir bapak dengan kondisi spesial namun berhati luar biasa sabar nya minta ampun . tolong gojek notice pesan saya dong .",positif,gojek perhati orang notif pesan salut kerja bapak orang profesional nilai fakta jadi lapang bapak hebat harap gojek angkat bapak jadi the best driver in years account ku trx akhir bapak kondisi spesial hati luar biasa sabar minta ampun gojek notice pesan
cc09e8f6-b4ad-4586-9a76-b2ab4e10c9e1,Sa Sya,5,2026-08-26 16:44:43,dengan adanya aplikasi ini banyak orang terbantu,positif,ada aplikasi banyak orang bantu
82e48e15-2de8-4000-aab9-cc6db82c12ba,Putu Agus,5,2026-09-10 07:03:09,"sangat membantu, efektif dan aplikatif.",positif,sangat bantu efektif aplikatif
1ecb9a46-2296-49ff-a8c4-94fa25f31d29,Asep Nandang Sukandar,5,2026-08-28 06:38:00,panjemputan pas .mantap trimakasih,positif,panjemputan pas bagus trimakasih
01b3642c-bbb1-480f-9abb-d55231ea987d,Panggih Setia,5,2026-08-16 00:50:44,"Please min, hapus sistem double order. Kami sebagai pelanggan sangat keberatan. Kita sudah bayar ongkir normal (bukan yang hemat ongkir 3K) tapi kerap kali driver dapat driver yang kena double order yang tentunya mengakibatkan keterlambatan pesanan saya. Intinya makin kesini Gojek makin kapitalis banget dah sumpah",positif,please hapus sistem double order langgan sangat berat bayar ongkir normal bukan_yang hemat ongkir kerap kali driver driver kena double order tentu akibat lambat pesan inti makin kesini gojek makin kapitalis banget sumpah
d3c5937a-e895-41a5-bc45-fa2fbf71c939,Work Around,4,2026-08-27 19:08:49,Membantu disaat darurat,positif,bantu saat darurat
2c1ee922-aa4a-4795-ab1b-f8161718e911,Cumil,5,2026-09-02 11:35:49,biasa aja sih,positif,biasa
46ebeb1d-7c32-46d7-9711-92bc98e5e0cc,boyy,5,2026-09-13 18:19:05,apk yg sangat bgus,positif,aplikasi sangat bgus
a4f3a350-e54b-4bcc-8150-ac0b12292300,feldy maulana,4,2026-08-30 06:49:15,"Kenapa akhir akhir ini pesan Gojek lama banget dapat driver nya, tolong perbaiki",positif,akhir akhir pesan gojek lama banget driver baik
8f7acc1b-c46b-4851-a774-dbe2ad0a2c7b,RESI Theresia,5,2026-08-14 12:32:42,keren bisa menghasilkan koin,positif,bagus hasil koin
0a9883d0-7ded-43ff-9f17-17e236873641,Novi Tania,4,2026-08-25 11:59:38,cukup bagus tapi utk pesan makanan nya lumayan harganya lebih mahal daripada aplikasi sebelah dan ongkir nya jg mahal,positif,cukup bagus pesan makan lumayan harga lebih mahal aplikasi belah ongkir jg mahal
03cadcf1-b11e-4368-bb00-219f08489114,Nana Sumarna,4,2026-09-01 12:04:18,sangat di perlukan buat bepergian,positif,sangat perlu pergi
4921cd27-a7bc-4c09-977f-c0617ed703d8,Baraspati Kanjeng Raja El Jio Project0089,5,2026-09-06 10:27:09,gojek ini tercepat dan termurah bgt ak suka pke apk ini sampe ak pesen itu puas bgt deh pengantaran ny bgs bgt sy percaya sm gojek nymn dn rmh,positif,gojek cepat murah banget ak suka pke aplikasi sampe ak sen puas banget antar ny bgs banget percaya sama gojek nymn dn rmh
3fd0b95d-0f85-4272-9ab1-58e9ba03d7dc,Citra Tiara,5,2026-08-10 09:28:04,driver bermacam macam karakter sebagai konsumen harus sabar & pengertian,positif,driver macam macam karakter konsumen sabar erti
f0f5a7fc-d183-4a64-9c18-2295b445102a,Lena Sri,5,2026-08-12 16:42:55,"Bagus, tepat waktu.. sesuai",positif,bagus tepat waktu sesuai
2b584a95-561d-41fe-9bb0-f115ff1ed295,Otodan Zayan,5,2026-08-19 21:24:52,gak bisa berkata-kata ini aplikasi bagus banget,positif,tidak_bisa kata kata aplikasi bagus banget
e206e89d-7316-4f13-b768-2b89a5c3380f,Iin Kuraesin,5,2026-08-10 20:49:41,Kali ini banyak promo discon di gofood lanjutkan terus promo diskon nya,positif,kali banyak promo discon gofood lanjut terus promo diskon
6b4706f1-d79f-4c91-98e9-1432c0425a1d,FERI INDRIYATI,4,2026-08-18 21:07:08,masih belum ada keluhan..,positif,belum_ada keluh
472323a4-745e-442a-9569-84b2f2dc3fbd,Norman Gray 45,5,2026-09-02 09:12:18,sangat membantu sekali di saat kepepet mengejar waktu,positif,sangat bantu sekali pepet kejar waktu
134a6f44-7132-4096-8a70-59d61615e64c,Aska Motor,5,2026-08-15 20:22:04,sangat membantu n mudah,positif,sangat bantu mudah
5f1fbe28-01e9-4ac1-b7af-288b54f7888d,Aimar Aimar ganteng,5,2026-08-16 05:13:51,good job 👍,positif,bagus job
b645fcc4-9757-4af0-879b-23ca942752ca,Framudya Wacana,5,2026-09-05 07:30:32,bagus dan membantu banget,positif,bagus bantu banget
4011b985-1c5e-4248-ae05-56dfbb324829,Siti Serut,4,2026-08-20 12:15:23,bagus sekali kak mohon doanya supaya saya cepat menikah,positif,bagus sekali kak mohon doa cepat meni
7f41bd81-d860-4eca-8566-5effd7704b08,Dwi,5,2026-08-18 15:21:00,"gojek selalu di hati,membantu dan mempermudah saya dlm segala urusan",positif,gojek selalu hati bantu mudah dlm segala urus
f08b696c-ccfa-4f26-848e-a1851922cffc,Nur Pajrih,5,2026-09-11 11:14:03,kak tolong tambahkan fitur pembayaran Qriss,positif,kak tambah fitur bayar qriss
4b5711c4-a46f-4903-b907-210f70fafe4e,Daneen Nararya,5,2026-08-20 13:54:40,⭐️ 5 soalnya aku pulang pergi sekolah naik gojek,positif,soal aku pulang pergi sekolah naik gojek
7e9097b4-02bb-45bd-aa6f-ffd28a3159cb,Ichsan Mochtar,5,2026-08-16 06:19:56,susah apk gojek hrus update pmbaruan trus klu jrg d pakai,positif,sulit aplikasi gojek hrus update pmbaruan terus klu jrg pakai
88f69ffc-db5c-457d-b754-d210158e8024,Akhmad Solikhin,5,2026-09-01 23:21:36,"support terus buat drivernya, biar lebih sejahtera",positif,support terus drivernya biar lebih sejahtera
92506008-d6df-49b5-a0ab-d0fb4963bebe,Rabiatul Adawiyah,4,2026-09-13 05:36:02,"gojek selalu jadi pilihan saya walaupun ada 2 kali transaksi yg bkn saya lakukan dan dilakukan oleh org2 yg tdk bertanggung jawab, kedepannya saya harapkan pihak gojek dpt mengamankan aplikasinya agar tdk bs di tembus atau di salahgunakan, terimakasih gojek sudah jd bagian keseharian kami selama ini, semoga gojek bertambah sukses dan maju aaminnn",positif,gojek selalu jadi pilih walaupun kali transaksi bukan_saya laku laku orang tidak_tanggung jawab depan harap pihak gojek dpt aman aplikasi tidak_bisa tembus salahgunakan terimakasih gojek jadi bagi hari lama moga gojek tambah sukses maju aamin
fda8b45a-6222-4111-b4d2-3b5e8b04eff9,Topan Saja,5,2026-08-30 09:20:44,pertama kali pakai gomark...mantap...tp kalau malam sepertinya susah utk cari drivernya,positif,pertama kali pakai gomark bagus kalau malam seperti sulit cari drivernya
bd94b297-adfd-49ab-923c-e21b5c98456c,Bambang Catur Supriyadi,5,2026-08-21 15:22:37,Pelayanan ramah dan cepat,positif,layan ramah cepat
0ee68f43-91be-4c05-ac66-2c6e57e05aa5,Agus Setiawan,5,2026-09-06 15:43:23,sangat membantu perjalanan lebih mudah,positif,sangat bantu jalan lebih mudah
44e86415-98ec-4d2a-a3b4-8583da8aca69,fredy_ d'firha,5,2026-09-01 08:44:18,d anggap mitra z kaga..makin males on bit..,positif,anggap mitra kaga makin males on bit
eebe14a7-25fb-4c8f-a1d9-bcd5ed34a6d6,Dita aulia,5,2026-09-05 06:05:50,pelayanan nya mantap,positif,layan bagus
e8572ced-553c-4cd8-a27f-5a1838e26df3,Indah ukekyk87,5,2026-08-25 13:06:18,Pokoknya suka dan suka aplikasi ini sangat membantu dahh pokoknya 👍🏼👍🏼👍🏼⭐⭐⭐⭐⭐,positif,pokok suka suka aplikasi sangat bantu dahh pokok
9ed7d3f2-3264-4828-b80e-a7d49eb22042,Ecihh Mega Silvia,5,2026-08-23 20:49:25,asalamualaikum semoga sukses,positif,asalamualaikum moga sukses
d6c51475-90c8-4d7a-ba0e-73dc0eda50db,Ghali Wira,5,2026-08-19 15:02:50,plis tambahin fitur bayar pake qriss 😭🤌,positif,plis tambahin fitur bayar pake qriss
ec8259cb-50d7-41aa-b8d2-e19a445a7d41,Syafruddin Saleh,5,2026-08-27 22:18:41,"waktu tunggu yang tidak lama dan pengemudi rapih,bersih dan ramah, motor terawat",positif,waktu tunggu tidak_lama kemudi rapih bersih ramah motor awat
86aab1fa-2d63-4207-9e21-72ae2322e539,Rama Doni,5,2026-08-30 13:07:17,sangat memudahkan kita,positif,sangat mudah
44a18c4b-1c75-4603-925b-8c59c6a36ad9,Anggun Bitami,5,2026-08-12 03:00:18,aplikasi yang sangat membantu,positif,aplikasi sangat bantu
a03a13a6-b877-414a-8b38-ea64aa97b4f5,Ochi Mochi,5,2026-09-08 02:16:27,dari seluruh aplikasi pengantaran. aplikasi ini cuma beberapa mengalami kesalahan kecil,positif,seluruh aplikasi antar aplikasi cuma beberapa alami salah kecil
ce6ce771-e30f-4f1f-b04a-d1c4cac6be31,Aeni Nur,5,2026-08-11 21:53:27,untuk naik kendaraan,positif,naik kendara
89825278-6ee9-4b26-ab95-0f4faa2caafc,Citra Tri Rahayu,5,2026-09-09 21:30:00,tolong kembaliin mapsnya klo lg d anter jdi bisa liat udh nympe mana,positif,kembaliin mapsnya kalau anter jadi liat nympe mana
7b7d5ba1-ea3a-4db4-b83f-6b95ab742f3a,Ugeng Wantoro,5,2026-08-26 05:34:28,bagus tingkatkan lagi,positif,bagus tingkat
a6584b7f-5ff8-45f2-b514-f10a0dd20959,Permata Agustina,5,2026-09-10 11:05:08,sangat nyaman berkendara dengan memesan lewat app gocar,positif,sangat nyaman kendara mes lewat aplikasi gocar
4c803455-faf2-44fe-a8b7-3a2ce288e26e,lattifah ningrum,4,2026-08-21 15:49:26,pesen gosend lama banget dapetnya hhuhuhu,positif,sen gosend lama banget dapetnya hhuhuhu
fe2fe556-9afb-47cf-8258-12b7f3ee54de,Pengguna Google,4,2026-08-28 19:39:29,tingkatan terus..gratis ongkirnya dan diskon makanannya jangan kalah sama shopee,positif,tingkat terus gratis ongkirnya diskon makan jangan_kalah sama shopee
80015d54-e12d-4478-81cf-335a238b95bb,Eka Darmawan,5,2026-09-03 17:51:10,Bagus dan ramah,positif,bagus ramah
c22c155f-545e-47cf-a9fa-e07d1b449b32,Adi Pargama,5,2026-08-21 11:14:50,aplikasi game laris manis nya error tolong di fix terima kasih,positif,aplikasi game laris manis error fix terima kasih
f6851e22-2580-4f07-8c9f-6f40d979f088,Samsony igo,5,2026-09-08 18:34:04,"so far never dispointed ,thanks",positif,so far never dispointed terima kasih
6773a864-f4af-4d04-95d4-2016bc77c285,Joni iskandar,5,2026-08-13 21:50:04,Alhamdulillah sampe cisauk,positif,alhamdulillah sampe cisauk
90801dca-4015-4c90-ac31-1a8c5b13fab5,Alexsa erica,4,2026-09-13 08:01:10,"Hello saya ingin bantuan nya, untuk ditampilkan semua aktivitas gofood dari tahun ke tahun bulan ke bulan, saya kesulitan menemukan toko makanan yang pernah saya beli, jadi hanya aktivitas status ini lah yang bisa bantu saya untuk menemukan toko food tersebut, namun kendalanya kenapa aktivitas status hanya di tampilkan sebagian hanya sedikit jadi saya kesulitan untuk menemukan toko food tersebut, saya mohon untuk ditampilkan semua aktivitas status supaya saya menemukan toko itu 🙏",positif,hello bantu tampil semua aktivitas gofood tahun tahun bulan bulan sulit temu toko makan pernah beli jadi aktivitas status bantu temu toko food sebut kendala aktivitas status tampil bagi sedikit jadi sulit temu toko food sebut mohon tampil semua aktivitas status temu toko
57366266-fc00-44c6-938f-72ab074f8ea0,Tiyo Iyo,5,2026-09-11 05:46:41,"mengunakan aplikasi gojek sangat mudah,untuk mencari makanan lengkap apa aja ada dan sangat membantu ada juga pinjaman nya",positif,mengunakan aplikasi gojek sangat mudah cari makan lengkap apa sangat bantu pinjam
12a73b4a-c9e1-433c-a7f6-916606b1a06a,Rizki Amelia,5,2026-09-09 16:04:14,mendapatkan driver yang baik,positif,dapat driver baik
acb727fe-3ec2-4082-9b98-da69856fd7ab,Riska Maulida,4,2026-09-01 12:56:11,kapan gojek buka driver baru lagi,positif,kapan gojek buka driver baru
b3582f41-6a58-4776-b0c3-92c9c32cec5a,Endro Aji Setiawan,4,2026-08-22 17:24:22,on time n ramah,positif,on time ramah
5385e8bc-9963-4e80-8d5a-dc1acbb1f7a9,D. WAHYUDI,5,2026-09-09 19:24:34,mantap pelayanan dan harga nya,positif,bagus layan harga
b754deca-3140-4bac-93c5-966aa83b5206,Rizky Alfinsyah,1,2026-08-22 19:01:07,"aplikasi busuk, jaringan bagus tapi didalem apknya loading terus, lagi urgent ngirim barang apknya malah lemot, payah.",negatif,aplikasi busuk jaring bagus dalem apknya loading terus urgent ngirim barang apknya malah lambat payah
2eaf5a64-10dc-4daa-8436-58506e22fb15,Yosefa Ayu,1,2026-08-17 19:33:32,"customer service/ layanan pelanggan nggak membantu sama sekali, semua dibuat template sedangkan kendala user bukan hanya yg ada di template. seharusnya dibuka field tersendiri yang customable, sehingga user bisa menyampaikan keluhan yg lebih spesifik dan relate dengan casenya",negatif,customer service layan langgan tidak_bantu sama sekali semua buat template kendala user bukan_hanya template buka field sendiri customable user sampai keluh lebih spesifik relate casenya
e09e0a28-d46b-4f64-8542-449f9eb41ef8,stefanus dwi kristianto,2,2026-08-12 10:42:36,"susah untuk dpt driver gofood, jarang ada yg mau pickup.padahal pake yg normal bukan promo Rp.1..",negatif,sulit dpt driver gofood jarang mau pickup padahal pake normal bukan_promo rp
5c01345b-b211-4541-a717-ab9511663fcf,15. Muhammad Wildan Rifqi,1,2026-09-07 15:42:23,"ada bug di fitur gofood kah? ada warung yg rangkuman ratingnya *5 dari 20+ rating. tapi pas ditekan detail ulasan, cuma ada 3 ulasan dengan *1 ; *2 ; dan *3. itu sangat menipu pembeli sih. dan memang pas dibeli layak dikasih *1 itu warungnya.",negatif,bug fitur gofood warung rangkum ratingnya rating pas tekan detail ulas cuma ulas sangat tipu beli memang pas beli layak kasih warung
0c06f0b8-cd35-46a0-afb8-b4067a2f6304,Daurent Hs,1,2026-09-08 21:50:55,"kecewa banget sama ini aplikasi gua order dari jam 6 sore sampe jam 7.30 ga ada yang ambil, disuruh cancel dan order ulang sampe jam 8.48 yang harusnya ham 6 ini masa sampe jam 8.48 mana ga di cancel orderan yang kedua mohon balikin duit gua, gua ga nerima makanan nya",negatif,kecewa banget sama aplikasi gua order jam sore sampe jam tidak_ada ambil suruh cancel order ulang sampe jam harus ham masa sampe jam mana tidak_di cancel order dua mohon balikin duit gua gua tidak_nerima makan
098b2837-62eb-4d2d-a2c0-ff70e391120f,Berak,1,2026-09-04 02:44:33,"driver nya tolong dikondisikan, telalu anarkis",negatif,driver kondisi talu anarkis
9b2e3795-0648-41e4-8af7-8d302ff8ed0b,Cyro Loft,1,2026-09-08 19:40:55,"Kecewa dengan gofood sekarang yang tidak kompeten sama pesanan opsi hemat, nunggu hampir 2 jam sama sekali gk dapat driver, sekalinya dapat driver langsung mereka batalin, parah.",negatif,kecewa gofood sekarang tidak_kompeten sama pesan opsi hemat nunggu hampir jam sama sekali tidak_dapat driver sekali driver langsung batalin parah
c727dcf7-3f4b-4463-a69e-561b68777c6f,Muhammad Nafis Ammar,1,2026-09-08 00:14:47,"Susah banget cari driver buat gofood. Bikin nunggu lama banget, jadi harus cancel pula. Mungkin harus ada yang dievaluasi dari opsi murah di ongkir, karna saya rasa ini bikin driver ga mau ambil orderan. Masalahnya ongkir opsi cepat kemahalan.",negatif,sulit banget cari driver gofood bikin nunggu lama banget jadi cancel mungkin evaluasi opsi murah ongkir rasa bikin driver tidak_mau ambil order masalah ongkir opsi cepat mahal
d079de80-6e09-4d24-813f-923964366269,Hasbi Bakri,1,2026-09-05 14:09:43,"gofood sekarang kenapa mengalami kemunduran,harga mahal cari driver sulit lagi ,klu seperti ini akan banyak pindah ke layanan lain payah",negatif,gofood sekarang alami mundur harga mahal cari driver sulit klu banyak pindah layan payah
989e0346-8920-40ab-b4d5-41a3c6ee8c27,Saidan Pahmi,2,2026-08-29 15:50:20,Sekarang tidak bisa memantau posisi gofood,negatif,sekarang tidak_bisa pantau posisi gofood
82073a5e-723c-490e-9b0d-80fcdb915474,Akhmad Syaifudin,1,2026-09-06 13:22:57,Kenapa di aplikasi customer slalu d bales ya keluhanya. Sedangkan di aplikasi driver gk ada balesan dari pihak gojek. Maaf sbelumnya buat gojek tlong donk d tindak lanjut buat para driver yang pke aplikasi tuyul dan fake gps. Kasihan driver yg pada jujur. Sepi order krna byk yg msuk k driver yg sering pke tuyul dan fakegps. Apa g bisa sistem gojek cari tau mna yg jujur dan mna yg g jujur. Sekian. Trimakasih,negatif,aplikasi customer slalu bales keluhanya aplikasi driver tidak_ada balesan pihak gojek maaf sbelumnya gojek tlong donk tindak lanjut driver pke aplikasi tuyul fake gps kasihan driver jujur sepi order krna byk msuk driver sering pke tuyul fakegps apa sistem gojek cari tau mna jujur mna jujur sekian trimakasih
217a4fce-98e7-4dfb-b8cf-3baa46864521,Ikhwan Alfiansyah,1,2026-09-06 21:31:08,"sering dicancel sepihak, sudah nunggu 2 jam, perut sudah lapar, tp seenaknya dicancel oleh gojek, uninstall saja, pengelola tidak profesional 👎👎👎",negatif,sering dicancel pihak nunggu jam perut lapar enak dicancel gojek uninstall kelola tidak_profesional
8e6bbdfa-f836-4e38-82b6-b27cc9a46c97,Mayda Inayati,1,2026-08-12 15:54:53,"pengalaman pesen gojek, awalnya milih HEMAT tapi ga dapet-dapet. terus di alihin ke goride CEPAT, udah dapet nih drivernya. pas udah sampe rumahku, kok beda ga sesuai sama yang di layarku, ku kira kan ya udah palingan pake akun temen or smth. udah selesai nih nganterin ke sekolah. eh TERNYATA, drivernya ke DOUBLE, ini gara gara SISTEMNYA. ngerugiin 2 pihak. BUG nya benerin ya. kan aku ga expect y, jadi ga tau & panik pas tau, KOK BISA. MALU. drivernya g btalin, ak jg bru tw pas ktm di rng guru.",negatif,alam sen gojek awal milih hemat tidak_dapet dapet terus alihin goride cepat dapet drivernya pas sampe rumah beda tidak_sesuai sama layar ku kira kan paling pake akun temen or smth selesai nganterin sekolah eh nyata drivernya double gara gara sistem ngerugiin pihak bug benerin kan aku tidak_expect jadi tidak_tau panik pas tau malu drivernya btalin ak jg bru tw pas ktm rng guru
983921e6-6012-4911-abbb-a315e4d8afdf,Elly Rahmiyati,1,2026-08-22 22:18:14,Sudah tutup dan menghapus akun aplikasi kenapa masih terlihat aktif dan dapat menerima saldo.,negatif,tutup hapus akun aplikasi lihat aktif terima saldo
acb4c1ac-cd1e-498e-9e25-652b87a0ae0a,Cut Fny,1,2026-08-30 21:49:02,ga driver ga app lama.,negatif,tidak_driver tidak_aplikasi lama
c464ce4d-117b-48a8-b1da-3e4c79d0350d,Liuw Benita,1,2026-09-03 17:26:07,"pesanan saya bolak balik di batalin, udah nunggu 3 jam nggak diantar"" kirain saya apa gk dikirim"" makanannya",negatif,pesan bolak balik batalin nunggu jam tidak_antar kirain apa tidak_kirim makan
8a00ecde-03c8-477f-9797-e3e820076ec4,M R,2,2026-09-09 16:37:52,chat di cust service tidak ada solusi. kalau mmg aplikasi keberatan dan tidak mau ada pilihan ongkir hemat lebih dihapuskan saja,negatif,chat cust service tidak_ada solusi kalau mmg aplikasi berat tidak_mau pilih ongkir hemat lebih hapus
4a935b13-f8bf-4c54-ae9a-a9a6341d6742,Ade,1,2026-09-13 08:49:44,gopaylater saya ga bisa di gunakan lagi padahal limit nya 10 jt,negatif,gopaylater tidak_bisa guna padahal limit jt
49621a29-ff52-4bb6-8825-e44fdaf36f4d,Ridwan Setiawan,1,2026-08-11 06:07:46,lama banget ga maju maju driver nya hahaha,negatif,lama banget tidak_maju maju driver hahaha
5c9ad3df-38dc-4af1-82cc-2c388ca842d0,Fadil Rifqi,1,2026-09-12 18:27:47,"aplikasi lambet, tiap kali mesen gangguan kayanya kebanyakan mencet, aneh tolol",negatif,aplikasi lambet tiap kali mesen ganggu kaya banyak mencet aneh tolol
71db0656-3274-4631-8faa-f80521b1942b,Ambalan,1,2026-08-31 18:19:17,"Kecewa dengan sistem GoTransit dan penanganan customer service-nya. Saya memilih GoTransit karena harganya lebih murah meskipun harus mengorbankan waktu dan tenaga untuk transit. Namun ketika perjalanan saya tidak berjalan sesuai tujuan yang seharusnya, saldo GoPay saya tetap dianggap akan terpotong Rp47.000 dengan alasan transaksi “terjadwal”.",negatif,kecewa sistem gotransit tangan customer service pilih gotransit harga lebih murah meski korban waktu tenaga transit jalan tidak_jalan sesuai tuju saldo gopay tetap anggap potong rp alas transaksi jadwal
ac7e8fc1-82d6-4662-be2f-82245aaef84d,Rizki Aditia Putra,1,2026-08-15 17:17:09,"kenapa kalo pesan yg antri nya lama susah dapet driver bahkan gadapet driver, minimal kasih solusi lah, atau apa kek gajelas.",negatif,kalau pesan antri lama sulit dapet driver bahkan gadapet driver minimal kasih solusi apa kek gajelas
3b1dcf8e-c99a-4d6f-a79a-48e0ece76748,Nasrul Gansss,1,2026-08-30 18:06:48,driver nya ga ramah hampir sya pesen gak sesuai dapat vario dateng nya lain aplhhhh huft,negatif,driver tidak_ramah hampir sya sen tidak_sesuai vario dateng aplh huft
c29d2efe-986e-465a-9757-a5807754e83b,Shandy Sopyan,1,2026-09-03 08:21:03,giliran dapet promo sudah banget dapet driver apa dah anjir,negatif,gilir dapet promo banget dapet driver apa anjir
8a3e5f39-829a-416a-81c3-a3a41f110be4,Lisna Rahma,1,2026-08-24 21:41:27,"Aplikasi nya jelek bgt setiap pesen udah nunggu lama"" di batalin",negatif,aplikasi buruk banget sen nunggu lama batalin
4277f5c1-8525-415f-b9ae-af8a637a13d1,Kang Shae,1,2026-09-13 07:39:39,kebanyakan notifikasi yang tidak penting...!!!,negatif,banyak notifikasi tidak_penting
1cc9c363-9572-48aa-863d-24a03a968a8d,Wilka Sihombing,1,2026-08-22 16:36:15,ga guna vouchernya,negatif,tidak_guna vouchernya
ef63268f-8d5a-42e1-ab07-8c95a4e96f7e,Anugrah Kun,1,2026-08-27 15:06:32,"parah driver nya barang saya hilang dan tidak bertanggung jawab sudah info cs,ngga ada jawaban apa apa",negatif,parah driver barang hilang tidak_tanggung jawab info cs tidak_ada jawab apa apa
39f89aed-0609-4bac-9cd0-5679512dfb30,annisanoviyanti 2,1,2026-09-06 14:13:53,"kecewa bgt, buat apa ada opsi murah klo makanan lama di antar? driver jga jdi susah bgt, cuman nyoba sekali susah bgt dapet drivernya, iya tau opsi murah tpi ini udah sejam lebih, smpe² anak toko nahan lapar, opsi batalin juga gada mau beli makanan tkutnya datang tolong di perbaiki",negatif,kecewa banget apa opsi murah kalau makan lama antar driver jga jadi sulit banget cuman nyoba sekali sulit banget dapet drivernya iya tau opsi murah jam lebih smpe anak toko nahan lapar opsi batalin gada mau beli makan tkutnya datang baik
28f09c24-f76c-4aa1-8a31-4ff02d54abeb,Mahadewa D'Saga,1,2026-09-05 22:35:48,"kebanyakan update, koin makin tipis",negatif,banyak update koin makin tipis
e96344fd-ab41-40a5-8d8f-baf1e7a89f02,Devi Ayu,1,2026-09-03 20:54:39,"pemilihan driver lama, aplikasi gajelas hapus aja, udah nunggu berjam jam malah dibatalin, aplikasi ga guna",negatif,pilih driver lama aplikasi gajelas hapus nunggu jam jam malah dibatalin aplikasi tidak_guna
1ce2908e-70d1-4ff5-89f3-111bf93f2436,Lilis Rahmawati,2,2026-08-17 21:30:07,Pesan makanan dari jam 19.49 sampai resto tutup pukul 21.00 tiba2 pesanan dibatalkan tanpa ada kejelasan.,negatif,pesan makan jam resto tutup pukul tiba pesan batal tanpa_ada jelas
6fd2852c-4552-4edb-b2d0-0eca44775f0a,M.farhan Alrafif,2,2026-08-19 16:23:44,woy ngotak lah kalo cancel makanan masa udah 1 jam nunggu baru di cancel ya kalo emang driver nggak ada di daerah pesanan cancel lebih awal Napa bukan waktu ni nggak berharga gimana dahhhh,negatif,woy ngotak kalau cancel makan masa jam nunggu baru cancel kalau emang driver tidak_ada daerah pesan cancel lebih awal napa bukan_waktu ni tidak_harga gimana
8a51daa3-0749-4ddd-bae9-afe5f1ff027e,alexa nder,2,2026-09-09 05:33:25,"gak tauu yaa kenapaa akhir2 ini udaah 4 kali akuu selalu yang namanya gak dapat driver buat anterin makanan binguung akuu, mana udah lapor tapi pihak sana cuman bilang terima kasih kamu sudah menerima laporan mu dan ituu tidak ada kelanjutan dalam solusi gituu yaa 4 kali aku ngelapor nya bjiir lah",negatif,tidak_tauu yaa kenapaa akhir udaah kali akuu selalu nama tidak_dapat driver anterin makan binguung akuu mana lapor pihak sana cuman bilang terima kasih kamu terima lapor mu ituu tidak_ada lanjut solusi gituu yaa kali aku ngelapor bjiir
c35e0f28-b2a2-4e02-8fc4-86388508bc2c,Luvena Anindya,2,2026-09-02 18:50:27,"Kenapa ya gojek itu nyebelin bgt, udah 4x kejadian selalu nunggu makanan selama hampir 2jam ternyata gaada driver yang nganter. udah hubungi cs juga ga guna",negatif,gojek nyebelin banget jadi selalu nunggu makan lama hampir jam nyata gaada driver nganter hubung cs tidak_guna
e463572b-bb6b-4dab-9894-f747d465d7d5,Nsdiri Hij,1,2026-08-27 17:14:35,susah nyari driver,negatif,sulit nyari driver
e45c51e0-cd5c-48ee-a269-a9d7225b7ca2,jess,1,2026-09-13 15:44:26,"Ada fitur chat resto tp ga bisa digunakan kalau resto ga chat duluan, udah nunggu 1 jam tiba tiba dicancel oleh sistem dengan alasan driver sibuk. Kalau gitu apa gunanya fitur chat resto? Mana tidak ada tombol untuk cancel pesanan mana udh nunggu lama voucher promo juga ga balik ga niat kasih promo. Kejadian lagi gw pesen gofood udah nunggu hampir 2 jam, seenaknya di cancell. mau pesen lagi di toko lain udah terlanjur TUTUPPP. Ongkir gofood Ga ngotak jarak ga sampai 1 km ongkir 16k 🙄",negatif,fitur chat resto tidak_bisa guna kalau resto tidak_chat duluan nunggu jam tiba tiba dicancel sistem alas driver sibuk kalau gitu apa guna fitur chat resto mana tidak_ada tombol cancel pesan mana nunggu lama voucher promo tidak_balik tidak_niat kasih promo jadi sen gofood nunggu hampir jam enak cancell mau sen toko lanjur tutup ongkir gofood tidak_ngotak jarak tidak_sampai km ongkir
9b8ab35e-e4f7-47fa-a3b9-3219c0dcacaa,Fahmi amyk,1,2026-08-16 21:12:21,pesanan hampir 1 jam lebih menunggu e malah di cancel parah,negatif,pesan hampir jam lebih tunggu malah cancel parah
34a3a7f9-69dd-4c32-9c54-a383321fbd6e,Akun Ff disini,1,2026-08-11 14:41:04,"pas selesai mesen gojek dan udah dianterin sama drivernya ke titik tujuan, beberapa menit kemudian app nya mesen mesen sendiri rutenya sama kayak itu, pas dapet driver aku cancel eh malah nyari driver lagi, aku mesen aja kaga, tolong diperbaikin",negatif,pas selesai mesen gojek dianterin sama drivernya titik tuju beberapa menit kemudian aplikasi mesen mesen sendiri rute sama kayak pas dapet driver aku cancel eh malah nyari driver aku mesen kaga diperbaikin
80e817c4-b283-4f04-995f-a602d6dbd2b9,shafira shasie,1,2026-09-02 20:24:06,"aneh jelas jelas saya mesen 1 yg datang malah 2, jadi saya tetep harus bayar 2👎🏻",negatif,aneh jelas jelas mesen datang malah jadi tetep bayar
709ad2d2-f58d-43ed-9a34-fd94a9c95493,Mujim Al majid,2,2026-09-12 18:13:22,"Qa nya gimana sih, kok bisa bisa nya bug sebesar ini muncul dan lolos test case : jadi, saya order go ride kendala nya tidak dapat driver terus menerus, saya cancel donk pencarian driver nya nah di apps itu di latar belakang malah terus cari driver kembali yang mengakibatkan double order ketika ingin mencoba cari driver kembali, tolong Qa dan tim Dev gojek evaluasi bug ini, saya sudah mengalami hal serupa sebanyak 2x front end apps anda sudah bagus masa penanganan di dapur nya seperti itu🫠😅",negatif,qa gimana bug besar muncul lolos test case jadi order go ride kendala tidak_dapat driver terus terus cancel donk cari driver nah aplikasi latar belakang malah terus cari driver akibat double order coba cari driver qa tim dev gojek evaluasi bug alami rupa banyak front end aplikasi bagus masa tangan dapur
033a563b-b717-4b41-844a-7cc823b818b3,Azani,1,2026-08-22 20:58:59,"LAMA NYARI DRIVER, UDAH LAMA TRUS TIBA2 DI CANCEL",negatif,lama nyari driver lama terus tiba cancel
112675e4-76b4-4bda-89b3-ff412afe1962,Edison Sitorus,1,2026-09-07 07:22:12,aplikasi sampah busok lama kali masa saya dah ambil eh 1 jam gak datang datang terus maksudnya itu dah ku prioritas kan pun sampe 9000 naiknya eh ga datang datang drivernya . aplikasi aneh,negatif,aplikasi sampah busok lama kali masa ambil eh jam tidak_datang datang terus maksud ku prioritas kan sampe naik eh tidak_datang datang drivernya aplikasi aneh
740f77a5-00bb-48ae-ae56-1e00017ff7cc,Jenar Dj,1,2026-08-10 17:55:42,aneh saya punya gopay tidak bisa di pakai buat bayar gojekk ganti grab aja,negatif,aneh punya gopay tidak_bisa pakai bayar gojekk ganti grab
a99e2b50-9bcd-458a-9f99-fc73b18c8deb,Senja Riska maharani,1,2026-09-02 05:44:22,"tolong ya gojek, driver kalian tuh tolong diajarin caran bedain titik jemput sama titik tujuan. udah beberapa kali aku ketemu driver yg bilang nya udh di titik jemput tapi trnyt dia di titik tujuan, mana driver nya pake marah marah lagi.",negatif,gojek driver kalian tuh diajarin caran bedain titik jemput sama titik tuju beberapa kali aku ketemu driver bilang titik jemput trnyt titik tuju mana driver pake marah marah
08083dac-f358-41a9-8380-3eb3892146ed,Nura AM,1,2026-08-18 00:52:39,"sangat jelek bayar cicilan sebelum tempo,, limit malah berkurang...kacau gopaypinjam",negatif,sangat buruk bayar cicil tempo limit malah kurang kacau gopaypinjam
fa4b4158-e005-41e7-9268-0f6c64458b70,Warkop Kalog,1,2026-08-23 14:51:02,"diskon ongkir RP1 tpi nunggunya sampe 2 jam, gilaaa!!!",negatif,diskon ongkir rp nunggunya sampe jam gila
c5f037cb-1645-4882-9f0d-b5cad1a1b272,Achmad Fauzan,1,2026-08-29 09:12:01,"khusus buat pelanggan kojek khususnya manusia yg suka mesen food...kalian itu kalo mesen makanan jangan suka nyuruh2 driver naro makanan diteras rumah kalian, yg mana pelanggan nyuruh driver buka pager rumah kalian cuma buat naro makanan (ini udah bukan zaman COVID) kalian kan masih punya kaki, keluar buat nerima makanan emang kenapa sih...",negatif,khusus langgan kojek khusus manusia suka mesen food kalian kalau mesen makan jangan_suka nyuruh driver naro makan teras rumah kalian mana langgan nyuruh driver buka pager rumah kalian cuma naro makan bukan_zaman covid kalian kan punya kaki keluar nerima makan emang
90e7fb21-7fb2-4289-b569-8895acc859c7,putri alyssa ramadhani,2,2026-09-12 22:03:57,"Apknya overall oke ajaa. TAPI IKLAN PLIS DIMANA MANA, mana kadang tu gaada tombol x nyaa terus org gaada mencet apa apaa tiba tiba beralih sendiri ke apk nyaa. Tolong lah kak iklannya ini di anuin, minimal tanda x lah. Kadang saya lagi ngedit atau kerjain sesuatu jadi hilang ggra iklan gojek ni, dia masuk sendiri ke apk gojeknya padahal gaada yg mencet, pas dikeluarin dari apk kerjaan saya jadi hilang, harus ngulang lagi dari awal. GAJELAS BGT IKLANNYA TU NAH.",negatif,apknya overall baik ajaa iklan plis mana mana kadang tu gaada tombol nyaa terus orang gaada mencet apa apaa tiba tiba alih sendiri aplikasi nyaa kak iklan anuin minimal tanda kadang ngedit kerjain jadi hilang ggra iklan gojek ni masuk sendiri aplikasi gojek padahal gaada mencet pas dikeluarin aplikasi kerja jadi hilang ngulang awal gajelas banget iklan tu nah
7c999aaa-7658-43f4-b924-628e8383e025,Cinta Youlwa,1,2026-08-16 12:21:57,"driver tidak sopan, apalagi go car. kalo ganiat jemput yaudah batalin, gtu aja susah",negatif,driver tidak_sopan go car kalau ganiat jemput yaudah batalin gtu sulit
05682a3f-15f6-4779-8ce1-3e40baddecd2,Ema Darwini,1,2026-09-07 12:01:43,"sangat sangat menyebalkan, beberapa kali sya order makanan lewat gojek selalu ujung""nya batal, karna drivernya gak dapet lah, karna ini lah itu lah, kemarin udah sempat sy uninstal aplikasinya, terus tadi pagi sy coba instal lagi karna sy pikir kali ini tidak terulang lagi kejadian kemarin"", dan akhirnya terulang lagi dong, udah nunggunya lama, ujung""nya batal, 😡",negatif,sangat sangat sebal beberapa kali sya order makan lewat gojek selalu ujung batal drivernya tidak_dapet kemarin sempat uninstal aplikasi terus tadi pagi coba instal pikir kali tidak_ulang jadi kemarin akhir ulang nunggunya lama ujung batal
a7ff7894-cf83-43e3-9a83-8aeeadeb9fde,Fitri faqih,1,2026-08-17 18:45:57,"makin kesini makin kaya aplikasi merah telkomnyet,semakin sering beli harga semakin naik ,untuk gofood ongkir saja misa nyampe 20lebih padahal jarak dekat ,voucher kaga guna harus pake bank terus",negatif,makin kesini makin kaya aplikasi merah telkomnyet makin sering beli harga makin naik gofood ongkir misa nyampe lebih padahal jarak dekat voucher kaga pake bank terus
f372ee50-06d2-4d2a-b2d6-36252098ef5f,avertue,1,2026-08-15 09:12:42,"banyak masalah, mengecewakan sekali",negatif,banyak masalah kecewa sekali
c7ddb9c0-d6a8-44e4-a187-351d6463b983,Jessica Vianni,1,2026-09-06 12:16:11,"Kalau ga niat kasih promo mending gausah deh. Beli gofood dapat promo lumayan banyak, tapi sampai waktu yg seharusnya makanan saya sudah harus datang malah masih ga nemuin driver dan dikasihnya opsi cancel atau menunggu dengan ketidak pastian. Saya udah nunggu sejam cmn buat dicancel kah? Saran aja, kalau emg ga niat ngasih promo mending gausah dikasih drpd udah nunggu lama sambil nahan lapar tp endingnya zonk.",negatif,kalau tidak_niat kasih promo mending gausah beli gofood promo lumayan banyak waktu makan datang malah tidak_nemuin driver kasih opsi cancel tunggu tidak pasti nunggu jam cmn dicancel saran kalau emg tidak_niat ngasih promo mending gausah kasih drpd nunggu lama nahan lapar endingnya zonk
cadfd4ca-432a-4511-a536-92f5e37530c1,Ometrix,1,2026-08-20 20:22:24,"perbaiki metode gofoot nya,nunggu 1 jm di batalkan sama penjual alasanya driver tidak di temukan,harusnya ada solusi lain kalo gini kan yang di rugikan kita konsumen yang udah nunggu lama 😫😫",negatif,baik metode gofoot nunggu jm batal sama jual alasanya driver tidak_di temu harus solusi kalau gin kan rugi konsumen nunggu lama
8d2c6bb1-fba2-456f-b95e-364ca4622fd1,Ade Tri Prasetya,1,2026-09-10 13:43:49,"susah mencari drive untuk gocar, pdahal itu yg reguler, sekalipun dapat, tidak ada pergerakan untuk menuju lokasi, tdk ada respon..",negatif,sulit cari drive gocar pdahal reguler sekalipun tidak_ada gera tuju lokasi tidak_ada respon
08e639ba-e696-4a1a-bb3f-063e54706607,syifa asyifa,1,2026-08-19 08:03:53,"gojek makin susah untuk dapat driver , pesan driver sampai 30 menit baru dapat driver lalu belum nunggu driver nya paling cepat 5 menit , bukannya mempermudah orang untuk bekerja tapi malah mempersulit , tolong diperbaiki sistemnya",negatif,gojek makin sulit driver pesan driver menit baru driver lalu belum_nunggu driver paling cepat menit bukan mudah orang kerja malah sulit baik sistem
f02f1dca-44ca-449b-bef1-a8d4050463fe,Luthfianti Alfahira,1,2026-08-17 23:10:44,"pengiriman lama bangetttttt, drivernya cuma diam aja ga mau ambil pesanan nya dan tidak balas sama sekali dihubungi, dan harus beberapa berganti driver, payah banget",negatif,kirim lama banget drivernya cuma diam tidak_mau ambil pesan tidak_balas sama sekali hubung beberapa ganti driver payah banget
48ea1887-c054-4804-b3ba-f7cb83aa6b9b,Andika Nasution,1,2026-08-16 21:21:03,"apk tolol,saya mesen gofood dari jam 8 sampe nunggu jam 9 ga ada informasi samsek,giliran pesen ulang baru di porses",negatif,aplikasi tolol mesen gofood jam sampe nunggu jam tidak_ada informasi samsek gilir sen ulang baru porses
f49e8863-9b24-4166-a8ff-a0a2d1e50832,Dwi Ferdi,1,2026-09-01 22:23:48,"GOFOOD SAYA KENAPA DIBATALIN SEPIHAK, DIKIRAN SAYA GALAPER GITU? MIKIR DIKIR KLO BIKIN SISTEM",negatif,gofood dibatalin pihak kir galaper gitu mikir kir kalau bikin sistem
be24a79e-111d-4c96-9412-bbcd0c211969,Herwin Saputra,1,2026-09-06 19:28:35,ga cocok gofood terlalu di lebih2kan,negatif,tidak_cocok gofood terlalu lebih kan
a7ec37c0-d8fc-472a-aaca-1f59ca72793d,ursula ayunidya shasikiara,1,2026-08-26 21:07:21,"Lama banget dapet driver, nggak bisa dicancel, udah laper. Mending grab atau shopeefood aja",negatif,lama banget dapet driver tidak_bisa dicancel laper mending grab shopeefood
600b8096-50da-484d-863f-9f3f569bc9a4,M Adam,1,2026-09-02 09:47:06,gila tagihan gopay later telat 1 hari aja di denda 50,negatif,gila tagih gopay later telat hari denda
9fe54b1d-7f9c-4010-a2ef-e651224c5045,Achmad Romadlon,1,2026-08-11 07:13:55,MAP YG KAMU PASANG SLALU TERGESER!!!,negatif,map kamu pasang slalu geser
d9f8136f-205d-40de-8032-affbfa746a14,Aaiikks 24,1,2026-08-18 00:00:25,tak bagus harga pembelian nyaa ga sesuai saat kita checkout,negatif,tak bagus harga beli nyaa tidak_sesuai checkout
51746fda-227a-484d-b710-919e90acf583,suko aji saputro,1,2026-08-22 23:37:00,"pesan makanan nunggu sampai 2 jam, akhirnya cuma dibatalkan",negatif,pesan makan nunggu jam akhir cuma batal
b4280b0b-eac9-4689-b66f-bcaac2959bb9,Caqsp5 Lovely,1,2026-09-13 11:25:35,sangat mengecewakan grab foodnya. driver tidak pernah ngambil orderan kalau cash. di ambon. tegas donk,negatif,sangat kecewa grab foodnya driver tidak_pernah ngambil order kalau cash ambon tegas donk
ca109f13-d714-4e4a-9cef-d505229d2e64,bora bora,1,2026-08-17 22:16:35,"seumur-umur pake shopee food ga pernah sampe sejam nyari driver, ini lu sok iye bgt gabisa cancel, nunggu sejam, nunggu makanan jadi juga sejam ih setan bener-bener diuji bgt first time pake gofood ya Allah",negatif,umur umur pake shopee food tidak_pernah sampe jam nyari driver kamu sok iye banget tidak_bisa cancel nunggu jam nunggu makan jadi jam ih setan bener bener uji banget first time pake gofood allah
01eee366-8f01-41b1-ad95-99457af0e687,A _,1,2026-09-07 16:24:02,"setiapkali pesan pakai hemat selalu dibikin nunggu sampe berjam jam ini bkn skli aja tp berkali kali, tiapkali mau chat ke tokonya gk pernah bs dan ini bkn cuman gofood alias Gojek jg. kalau saya chat ke cs bknnya membsntu mlh menjswab hal yg sama aliaS BALASAN SISTEM! BUKAN BALASAN CS SUNGGUHAN UNTUK MEMBANTU! nah kalo udh fitunggu berjam jam kalo udah driver gak dpt trs dibatslin dari ssna lah emangnya dipikir yang sibuk driver foang semuanya jg sibuk kalau pengganguran gk akan sy pakai gojek!",negatif,setiapkali pesan pakai hemat selalu bikin nunggu sampe jam jam bukan_skli kali kali tiapkali mau chat toko tidak_pernah bukan_cuman gofood alias gojek jg kalau chat cs bknnya membsntu mlh menjswab sama alias balas sistem bukan_balas cs sungguh bantu nah kalau fitunggu jam jam kalau driver tidak_dpt terus dibatslin ssna emang pikir sibuk driver foang semua jg sibuk kalau pengganguran tidak_akan pakai gojek
9b01b42c-16ba-45ab-bcc3-3acc490c0b5c,Muhammad Chelvin Pratama,1,2026-09-01 21:30:10,sering2 aja kyk gini GK bener udah,negatif,sering kyk gin tidak_bener
370b0644-40a0-4829-90bf-19c693d5004d,Nurul Azmiyah,1,2026-08-10 03:45:45,"padahal selalu bayar tepat waktu, belum waktunya udah dilunasi tapi mau minjem lagi ditolak jujur kecewa banget",negatif,padahal selalu bayar tepat waktu belum_waktu lunas mau minjem tolak jujur kecewa banget
2e785ccf-473c-4a56-b24a-397d40863d81,Arum AL,2,2026-09-04 10:59:00,"agak kecewa sama gojek, kalo ongkir murah para driver gak ada yg mau nerima , pada batalin semua , meskipun gofood nya jg gitu , nominal sedikit langsung drivernya batalin klo minta bantuan jg gk ada solusi",negatif,kecewa sama gojek kalau ongkir murah driver tidak_ada mau nerima batalin semua meski gofood jg gitu nominal sedikit langsung drivernya batalin kalau minta bantu jg tidak_ada solusi
5c9d7066-75a3-4663-8a48-e8c2431d7a66,Ach Mad,1,2026-08-28 20:58:13,Saya tidak akan membayar tagihan sunco 1 literan 7 dus karna sudah jelas penjual salah kirim 2 literan 7 dus terimakasih,negatif,tidak_akan bayar tagih sunco liter dus jelas jual salah kirim liter dus terimakasih
f65b6ed6-c9ff-4821-bb0f-847ff5139a3c,Radit Tya,1,2026-09-05 09:47:30,susah kalau mau tutup akun,negatif,sulit kalau mau tutup akun
5783534c-77ce-4c1b-802f-0e53d68a8e67,Medan More,1,2026-08-17 14:34:02,"woi perbaiki dulu aplikasi klen ini lah.. pake logika sikit bikin aplikasi klen ini, harus kali awak nunggu beberapa menit untuk batalin makanan yang awak pesan..? memang aku salah untuk mesan makanan tapi enggak sampe harus kali ber jam2 awak nunggu untuk batalin pesanan itu kan.? tolong lah perbaiki, dan 1 lagi ojol klen ini mau dapat duit atau enggak? awak pesan motor mahal2 padahal dekat tapi gak di terima2, kena marah awak ama atasan karena aplikasi ini..,!!!",negatif,woi baik dulu aplikasi klen pake logika sikit bikin aplikasi klen kali awak nunggu beberapa menit batalin makan awak pesan memang aku salah mesan makan tidak_sampe kali ber jam awak nunggu batalin pesan kan baik ojol klen mau duit tidak_awak pesan motor mahal padahal dekat tidak_di terima kena marah awak ama atas aplikasi
7b74900b-913e-469b-b4f7-b2dff3d444cb,Iqmal Rahulian,1,2026-08-18 20:30:08,kok punyaku gk bisa daftar menjadi mitra ya,negatif,punya tidak_bisa daftar jadi mitra
130dccef-d0d9-4d3d-ab63-bda1de1cae84,Rayhaan Keren,1,2026-09-03 18:36:04,"ongkir mahal banget, padahal makanan ga begitu jauh, not recomended mending aplikasi lain",negatif,ongkir mahal banget padahal makan tidak_begitu jauh not recomended mending aplikasi
33055305-d15b-4fee-a518-afd5a1d0feba,Mochammad Daffa Gustiana,1,2026-09-06 19:01:43,"perbaiki lagi deh aplikasi gofood, masa nunggu makanan 2 jam",negatif,baik aplikasi gofood masa nunggu makan jam
0044fe23-06b4-4cee-8ea9-4dd949c1d4c7,Jenz,1,2026-08-31 12:04:48,Chat ke CS seperti chat dgn robot!! minta bantuan cancelin orderan makanan saja tidak terbantu sama skali. akhir2 ini para driver ngak mau ambil orderan terus sampai berjam2 lamanya nunggu buat dapat driver!!!,negatif,chat cs chat robot minta bantu cancelin order makan tidak_bantu sama skali akhir driver ngak mau ambil order terus jam lama nunggu driver
4581f218-1680-4c1c-91b9-cae53404b21c,ARIS SAD ID,1,2026-09-11 21:26:12,"SISTEM GOJEK SEKARANG UDAH KAYAK PREMAN, SEPERTI MALAK PELANGGAN. KALAU PAKAI ONGKOS MURAH AKAN DI PERSULIT DAPAT DRIVER, KALAU PAKAI CEPAT ONGKOS NYA TERLALU MAHAL. SANGAT TIDAK NGOTAK. PESAN GOFOOD, LEBIH SETENGAH JAM GAK DAPAT DAPAT DRIVER, SAMPAI PESANAN BATAL.",negatif,sistem gojek sekarang kayak preman malak langgan kalau pakai ongkos murah sulit driver kalau pakai cepat ongkos terlalu mahal sangat tidak_ngotak pesan gofood lebih tengah jam tidak_dapat driver pesan batal
d1a836a3-1721-4b45-82d9-2d7c18edd05c,rifky afriandi,1,2026-08-16 00:43:32,kurangin dikit itu notif sehari bisa puluhan udah dimana mana ada iklannya ni aplikasi,negatif,rangin dikit notif hari puluh mana iklan ni aplikasi
38852831-3780-4a56-be05-2149733e173e,Risky Prayugo,1,2026-09-04 23:12:47,"tolong dong benerin sistemnya, udah berkali kali kejadian susah dapet driver, harus nunggu Sampek batas waktu pencarian driver habis baru muncul pembatalan, dan keseringan harus nunggu bener bener sampai waktu habis sampai akhirnya di batalin system tolong dong, kasih opsi kekita jika misal 30 menit gak dapet driver, kita bisa batalin, udah mah nunggu lama lama endingnya dibatalin system, tau orang kelaparan gak sih, ngerugiin customer banget, makin kesini makin gak jelas nih aplikasi",negatif,benerin sistem kali kali jadi sulit dapet driver nunggu sampek batas waktu cari driver habis baru muncul batal sering nunggu bener bener waktu habis akhir batalin system kasih opsi kita misal menit tidak_dapet driver batalin mah nunggu lama lama endingnya dibatalin system tau orang lapar tidak_sih ngerugiin customer banget makin kesini makin tidak_jelas aplikasi
bb2094ac-6869-4d0c-b791-b5c944e417f0,Ryuu メ Tempest,1,2026-08-10 06:31:18,mesen dari jam 6 pas udah 30 menit ga dapet dapet segini udah pake gojek cepat malah ga dapet dapet tau gini mending pake grab aja,negatif,mesen jam pas menit tidak_dapet dapet gin pake gojek cepat malah tidak_dapet dapet tau gin mending pake grab
73eaeaa5-d11f-4865-8753-d65017107ab6,Ilham Panca Prakosa,1,2026-08-30 19:25:28,nge bug di masalah pengiriman makanan,negatif,nge bug masalah kirim makan
6a341e5e-85f2-469e-8f0e-f180f9cf7a20,Nurul Izza Syaninditha,1,2026-09-08 17:58:27,"buruk seburuk buruknya, chat cs dijawab BOT gaada kontak email gofood, DM Ig disuruh tunggu tim sosmed lebih dari 20menit ga muncul muncul dan yg paling penting permasalahan sama dengan 2 akun berbeda artinya gaada perbaikan. Kalau gini terus mending gausah pakai gofood",negatif,buruk buruk buruk chat cs jawab bot gaada kontak email gofood dm ig suruh tunggu tim sosmed lebih menit tidak_muncul muncul paling penting masalah sama akun beda arti gaada baik kalau gin terus mending gausah pakai gofood
0f7b8233-b629-4fc3-b20c-582fab2af33e,Mika Mei Hutagaol,1,2026-09-02 23:20:12,makin gak jelas semua driver gojek ini. kayak tidak menghargai pekerjaan. berkali-kali mesan tidak ada dapat driver satu orang pun. padahlah udah nunggu sampai 2jam lebih. gak ngerti lagi sama pelayanan gojek ini. alasan selalu sibuk. muak banget sama aplikasi ini.,negatif,makin tidak_jelas semua driver gojek kayak tidak_harga kerja kali kali mesan tidak_ada driver satu orang padah nunggu jam lebih tidak_ngerti sama layan gojek alas selalu sibuk muak banget sama aplikasi
a5f05488-8486-4fd9-94a7-160eb2b0dc75,Algi Firdaus,1,2026-09-12 06:39:00,"aplikasi aneh, tiba2 di keluarin terus verif face id",negatif,aplikasi aneh tiba keluarin terus verif face id
e6ac7122-d880-4bd2-8629-2e68e7163bc1,Roy Ray,1,2026-09-08 10:44:44,ini aplikasi kek tr*vel*ka. ada algoritma yang kalo ngecek harga 2 atau 3 kali akan berubah.. ga rekomendasi,negatif,aplikasi kek tr vel ka algoritma kalau ngecek harga kali ubah tidak_rekomendasi
614add3b-409a-4fe5-8a3e-cd14766c099e,Rizky Hariady,1,2026-08-29 12:23:23,mau mesan makanan udh mengatur semua alamat tapi peta di tunjukan selalu beda dengan alamat saya tidak senang dengan aplikasi ini!!!,negatif,mau mesan makan atur semua alamat peta tunjuk selalu beda alamat tidak_senang aplikasi
fca7e1ee-b297-4f5a-a5a6-fd3138ea1f49,StinkBeanZ,1,2026-09-04 04:54:31,"GUI-nya gak praktis, terutama pembayaran tunai/cash, masa nyempil sendiri....",negatif,gui tidak_praktis utama bayar tunai cash masa nyempil sendiri
868df7e6-5ced-4fe2-97f5-9a1e0fd76699,lutfi gunawan,1,2026-09-05 01:14:46,nunnggu mencari driverny lama,negatif,nunnggu cari driverny lama
316bfc22-a282-4dd0-bad5-3ed65c4b72e5,kelompok informatika,1,2026-08-10 17:22:17,susah dapat driver,negatif,sulit driver
46c19c12-abd7-4ed7-922d-940d0cdb0951,Rizky Jupentus,1,2026-08-16 18:13:03,malas la pakek aplikasi ini harga barang nya 26.900 karna uwang ku 30 GK ada kembalian malah maksain di paskan 30 kan gak logika benci kali,negatif,malas la pakek aplikasi harga barang uwang ku tidak_ada kembali malah maksain pas kan tidak_logika benci kali
d05efeb3-c782-4870-ab68-69a4e30804d9,Nathania Shakila Putri,1,2026-08-17 07:52:27,akun padahal baru buat tp kenapa terdeteksi pemakian tidak biasa ganti hp pun tetap sama mau order jadi gak bisa. padahal ini rekom dari pihak gojek lo malah balik ke sebelah lagi hapus akunpun juga gak bisa sering terkendala di aplikasi dan gopaynya juga,negatif,akun padahal baru deteksi maki tidak_biasa ganti hp tetap sama mau order jadi tidak_bisa padahal rekom pihak gojek kamu malah balik belah hapus akun tidak_bisa sering kendala aplikasi gopaynya
34d78ae2-7236-4b95-a116-a5196417802e,Maō Sama,1,2026-09-12 21:33:03,"setiap pesan maknan. selalu lama bngt pengirimanya. pdhl saya klu beli maknan selalu saya lebihkan uangnya. hadeh payah di gojek sungguh pilih"" driver nya.",negatif,pesan maknan selalu lama banget pengirimanya pdhl klu beli maknan selalu lebih uang hadeh payah gojek sungguh pilih driver
c0a94507-02db-4f77-b10b-bba32b6b7552,GANONG OFFICIAL,1,2026-08-13 23:53:51,"ngapa lebih mahal dahh, terus daftarr gojek plus biar murah,malah tambah mahal,gak jelas",negatif,ngapa lebih mahal dahh terus daftarr gojek plus biar murah malah tambah mahal tidak_jelas
6534af6e-36aa-4ef1-9c2c-9fdf1fadb9c1,Eriggs Ball,1,2026-08-29 18:30:51,"driver pemalas, mau minta antar atau pesan makanan masa nunggunya hampir 2 jam + ujung ujungnya batal😂",negatif,driver malas mau minta antar pesan makan masa nunggunya hampir jam ujung ujung batal
96d7dcbd-0934-40de-9936-3d1457fb8bef,Azria Salsabila,1,2026-09-06 20:03:10,"sudah nunggu sejam setengah setelah pesan makanan, tiba2 di batalin , dasar babi, babi, babi,",negatif,nunggu jam tengah pesan makan tiba batalin dasar babi babi babi
d3c0e53e-a4e2-4b2d-9381-8efdf8abebfd,Ade Jaya,1,2026-08-22 12:30:59,"Saya pesan makanan, ditunggu 30 jam gojek nggak datang-datang. Gak beres. ---- Pengemudi di Serang, Banten, banyak yang nggak beres. Saya disuruh nunggu, tapi pengemudi nggak datang-datang.",negatif,pesan makan tunggu jam gojek tidak_datang datang tidak_beres kemudi serang banten banyak tidak_beres suruh nunggu kemudi tidak_datang datang
6d18f6bc-b65f-45d2-a508-cb540a77adf0,Nubsyour 849,1,2026-08-24 08:15:02,driver nya di bina dulu sebelum ke jalan,negatif,driver bina dulu jalan
37f0cdb4-f4fb-4391-b7dc-60ceb0798ab1,Blue ice one,1,2026-09-09 18:15:52,"belanja goofod paling bener itu di Grabfood vouchernya konsisten 24 jam. sedangkan di jogek vouchernya tergantung waktu makin sore loe belanja voucher makin sedikit bhkn ada yg tdk pny lagi voucher belanja,wajar aja deh saham loe gak jauh2 dr Rp50,-/lmbr dan bentar lg klo diterapkn aturan baru bisa2 hrg saham loe tinggal Rp1,-/lmbr paling lama 1 thn keluar dr bursa saham dan dlm 5 thn perusahaan bakal bangkrut",negatif,belanja goofod paling bener grabfood vouchernya konsisten jam jogek vouchernya gantung waktu makin sore loe belanja voucher makin sedikit bhkn tidak_pny voucher belanja wajar saham loe tidak_jauh rp lmbr bentar kalau diterapkn atur baru hrg saham loe tinggal rp lmbr paling lama thn keluar bursa saham dlm thn usaha bakal bangkrut
fae5d00a-f3b2-42b9-a2e4-75e61d4792c3,fadhil-aysar shop,1,2026-08-30 10:32:23,makanannya kurang 2,negatif,makan kurang
316d56b5-e729-4540-b526-4028ecb72488,Admin Pelopor,1,2026-09-13 00:40:23,"Tolong drivernya di pantau, harga udah deal, setelah sampai tujuan malah minta tambah 20ribu. kacaaaauuuuu, kapok pakai gojek, cukup sekali aja...!!!!",negatif,drivernya pantau harga deal tuju malah minta tambah ribu kacau kapok pakai gojek cukup sekali
4e4ccd9e-4899-4a7f-80c2-57be3751f1f5,Usen Kyu,1,2026-08-12 01:35:15,aplikasi tukang scam udah main game bolak balok berjam² pas skor udh 10rb mala alibi error. buang² waktuk👎,negatif,aplikasi tukang scam main game bolak balok jam pas skor rb mala alibi error buang waktuk
343b3751-ac3f-4f6f-9721-adfe4c235b0b,Lupluppp Yee,2,2026-09-02 05:51:14,"woilah, kalo drivernya mau isi bensin tu suruh matiin aplikasi napa, daripada ketolak mulu taik",negatif,woilah kalau drivernya mau isi bensin tu suruh matiin aplikasi napa tolak mulu taik
c7c6a9ee-d4eb-403e-82d5-8980c141598d,Aqim Prakoso,1,2026-08-28 06:46:02,"lagi buru buru, aplikasinya eror. Berkalo kali suruh coba lagi karena ada gangguan. hssss",negatif,buru buru aplikasi error kalo kali suruh coba ganggu hs
7ef58d05-2b08-4a5d-8fc3-3c9988dbf0ad,Resty Triyanto,1,2026-09-13 20:40:40,"driver gojek nya ribet- ribet kita customer, dan bayar juga bukan GRATIS",negatif,driver gojek rumit rumit customer bayar bukan_gratis
547e6874-590f-4c68-a33e-9fd9c3b6dbdf,Sholahur Robbani,1,2026-09-03 18:05:26,"apk g jelas, pesen makanan udh 2 jam ga selesai """,negatif,aplikasi jelas sen makan jam tidak_selesai
94de7971-c40d-444b-bb06-e0fcd8d0ce86,rafi ajah,1,2026-08-21 00:31:10,saya pesan makanan belum sampai tapi ditulis sudah diantar yg mana saya sudah bayar makanannya,negatif,pesan makan belum_sampai tulis antar mana bayar makan
2f16ea89-bafc-4e85-bf7a-7be864a6fe94,Naurah Syamilla,1,2026-08-20 10:14:23,kenapa lokasinya berubah jadi jauh bgt?? padahal udh nyimpen alamat rumah. jadi ngabisin waktu nyari alamat lagi,negatif,lokasi ubah jadi jauh banget padahal nyimpen alamat rumah jadi ngabisin waktu nyari alamat
d9ac78da-d03e-43cf-8945-ab6559b2d44e,Iman Hendryan,2,2026-09-13 11:39:02,"halo gojek,saya tgl 9 bln ini order gojek yg mobilnya tujuan hotel ke kost an ,saya kehilangan barang di mobil tpi setelah saya tanya drivernya dia bilang ga ada dan chat kita langsung di putuskan itu gimana ya kelanjutan nya?saya binggung mau tanya driver udh di putusin chatnnya",negatif,halo gojek tgl bln order gojek mobil tuju hotel kost an hilang barang mobil tanya drivernya bilang tidak_ada chat langsung putus gimana lanjut binggung mau tanya driver putusin chatnnya
4300b5bb-b037-41e3-a34b-b00578296a9f,dlwlrma,1,2026-09-01 20:35:46,sulit mendapatkan driver,negatif,sulit dapat driver
413d707a-76a0-4daa-b296-1f6433287c9f,LiNa80,1,2026-09-01 05:47:08,"kenapa tidak bisa masuk di aplikasi game go cat dan butuh loading lama padahal dirumah pakai wifi,mohon diperbaiki bug nya 👏",negatif,tidak_bisa masuk aplikasi game go cat butuh loading lama padahal rumah pakai wifi mohon baik bug
7e137149-6fe4-4adf-ada6-6863608e3860,Rhadika,2,2026-08-27 06:13:13,"bilangin ke driver nya, kalo emng ga mau ambil di cancel aja, ini udh nunggu lama kaga gerak",negatif,bilangin driver kalau emng tidak_mau ambil cancel nunggu lama kaga gerak
b5bdb787-df63-401a-9706-10cf7b6722bb,Garcia Simanjuntak,2,2026-08-23 03:32:21,benerin dikitlah aplikasinya,negatif,benerin dikit aplikasi
3341ce74-109a-4856-98b2-8e79d193192c,Theodore Channel,1,2026-09-08 17:36:23,aplikasi ter tolol,negatif,aplikasi ter tolol
d8b73f25-2d50-4317-9097-eb92d9ab04c4,iseng Aja,1,2026-08-19 22:11:27,"masa udh nunggu gofood hampir satu jam tiba2 dibatalin otomatis krna toko sudah tutup, pdhal sblmnya blm tutup",negatif,masa nunggu gofood hampir satu jam tiba dibatalin otomatis krna toko tutup pdhal sblmnya belum_tutup
0c0e712a-b96e-4b49-8dcb-d521e33c103f,Risky Albiyan,1,2026-08-12 18:25:51,"udh cukup lah ya pake ini apl untuk sampe akhir bulan karena udh bener"" dibuat kerepotan, kejadian baru bngt lah. mesen gojek tujuan st tebet dan titik jemput di depan axa tower dan yap mental titik jemputnya di stasiun Manggarai gila! Jauh bngt ga tuh! udh jelas naruh titik jmput di depan axa tower tapi malah kepental jauh bet bngst! wah udh cukup dari kejadian tiket kereta hingga goride lah yah, jadi beralih ke apl lain yg lebih jelas, kasian ke abang gojeknya sih daripada gw sendiri!",negatif,cukup pake apl sampe akhir bulan bener buat kerepot jadi baru banget mesen gojek tuju st tebet titik jemput depan axa tower yap mental titik jemput stasiun manggarai gila jauh banget tidak_tuh jelas naruh titik jmput depan axa tower malah pental jauh bet bngst wah cukup jadi tiket kereta hingga goride jadi alih apl lebih jelas kasi abang gojek sendiri
e67f62bf-442d-469d-ba00-1cddf9a3ce62,Siti afiah,1,2026-09-06 15:54:43,Untuk apa diadakan promo besar-besaran jika membuat para driver tidak mau ambil pesanan,negatif,apa ada promo besar besar buat driver tidak_mau ambil pesan
86ef6b74-eb21-4f81-89e7-92917dc4b541,Resky Apriliah,1,2026-08-15 13:26:02,"Bayangin, lo lagi lapar banget terus lo mesen makanan. Nunggu Driver di jam ""sekian"" terus belum dapat setelah 1 jam.",negatif,bayangin kamu lapar banget terus kamu mesen makan nunggu driver jam sekian terus belum_dapat jam
58c212a8-b5ae-4520-be54-672acc97efec,Nef _,2,2026-08-18 12:55:47,"Apasi aplikasi gojek ga jelas😡 Promo udah terpasang dan tinggal pembayaran aja. Tapi pas gopay udah diisi, promonya langsung hilang dan itu terjadi udah dua kali. Kocak emang",negatif,apas aplikasi gojek tidak_jelas promo pasang tinggal bayar pas gopay isi promonya langsung hilang jadi kali kocak emang
73348cdb-4c5d-48fd-a962-fccca96038ea,Ibrahim Syahreza,1,2026-09-06 17:59:32,"Di perbaiki lagi, buat komplennya, makin sini makin jelek, pesanan sering telat",negatif,baik komplennya makin sini makin buruk pesan sering telat
294cec53-5292-4c90-a1bd-4d296ecc5019,Pratama Satya,1,2026-09-08 20:20:19,"sekarang dikit2 cek akun,, semakinlama semakin RUWEET",negatif,sekarang dikit cek akun semakinlama makin ruweet
3a496ee4-54f8-4e14-bf1d-52644dceffa9,Kesya Wulandari,1,2026-08-11 14:05:54,Apaan banget tiap udh dapet malah di cancel sebernya niat kerja apa engga sih heran mana suka aplikasi ga bergerak padahal saya bukan orang yang termasuk pelih Sering ngasih tip cancel,negatif,apa banget tiap dapet malah cancel sebernya niat kerja apa tidak_sih heran mana suka aplikasi tidak_gerak padahal bukan_orang masuk pelih sering ngasih tip cancel
c72767a7-1232-48ce-8af9-5dfabb286a1f,Reviewqquuu,1,2026-08-19 18:29:50,"TIDAK ADA KEMAJUAN APLIKASINYA INI. APLIKASI LAIN UPDATE VERSI BARU KARNA ADA FITUR BARU, INI MALAH SIBUK GONTA-GANTI LOGO GOJEK🤣KALAU SALAH KIRIM FOTO KE DRIVER MASA GAK BISA DIHAPUS FOTONYA. KADANG NGIRIM FOTO RUMAH AGAR MUDAH DICARI DRIVER EH MALAH TERKIRIM FOTO LAIN YG GAK PENTING, UNTUNG BUKAN FOTO SYUR.",negatif,tidak_ada maju aplikasi aplikasi update versi baru fitur baru malah sibuk gonta ganti logo gojek kalau salah kirim foto driver masa tidak_bisa hapus foto kadang ngirim foto rumah mudah cari driver eh malah kirim foto tidak_penting untung bukan_foto syur
98d9a49f-c2fe-41f2-8004-5df0d9f482a8,Oki Uwais,1,2026-08-17 15:25:01,Pelanggan ada masalahpun full chat bot? ga ada pegawai emangnya?,negatif,langgan masalah full chat bot tidak_ada pegawai emang
fe2940f4-3efd-42cb-94a3-958a4bd79fdd,firman rudiansyah,1,2026-09-05 14:57:06,"mesen jam 12 sampek jam 4 sore gak ada dirver, kalo sudah mati kelaparan baru dapet driver",negatif,mesen jam sampek jam sore tidak_ada dirver kalau mati lapar baru dapet driver
6f5d1c98-0a59-4fbc-bc6f-1a3302e277ab,Alsah Azkyah Kautsar,1,2026-08-22 07:38:20,ih knp sih semua hadiah di gojek games pada jd ruby semua pdhl dl bnyk coins. mls la.,negatif,ih knp semua hadiah gojek games jadi ruby semua pdhl dl bnyk coins mls la
053b4f6d-1ce5-4512-81de-dca5e033de51,Wibu Taubat,1,2026-09-06 11:34:59,ngelag terus... pesen gofood lama banget cari drivernya. paling parah lag nya,negatif,ngelag terus sen gofood lama banget cari drivernya paling parah lag
12cf9a0c-b9ec-4630-967d-2a82a497ec05,Athaya Laily Syafitri,1,2026-09-10 19:00:25,"Aneh saya langganan Gojek PLUS yang Signature 90 hari tapi malah gak dapat diskon makanan di resto GoFood, sedangkan teman saya yang gak berlangganan dan jarang pakai Gojek malah dapat diskon makanan gede. Sudah coba reach out bantuan di app, tapi selalu diselesaikan sama chatbotnya karena ""gak ada masalah sama akun."" Tolong dong ini kalo emang dipersonalisasi setiap akun, kenapa gak adil banget padahal saya udah spend banyak buat langganan?",negatif,aneh langgan gojek plus signature hari malah tidak_dapat diskon makan resto gofood teman tidak_langgan jarang pakai gojek malah diskon makan gede coba reach out bantu aplikasi selalu selesai sama chatbotnya tidak_ada masalah sama akun kalau emang personal akun tidak_adil banget padahal spend banyak langgan
277b2342-1396-4966-ba57-24e7d04ec22f,tharita 98,1,2026-08-16 18:52:43,"pas susah cari driver, gak bisa dibatalin. malah harus nunggu sesuai estimasi. mana lama bgt lagi.",negatif,pas sulit cari driver tidak_bisa dibatalin malah nunggu sesuai estimasi mana lama banget
f374be9b-91a5-4598-9f2e-be7e6b20c860,Dwi Dyaz,1,2026-09-12 17:04:03,aplikasi gajelas masa mau gofood berkali² gadapet driver mulu udh nunggu lama tau² dibatalin dari pihak sana alasan ga dapet driver,negatif,aplikasi gajelas masa mau gofood kali gadapet driver mulu nunggu lama tau dibatalin pihak sana alas tidak_dapet driver
3e3aa1f1-6a03-483a-b818-b219773d83e9,Rizeli Satudualima,1,2026-09-10 06:34:00,daerah saya cari driver susah. tutup aja dari pada gk guna banget,negatif,daerah cari driver sulit tutup tidak_guna banget
42fc4b50-39ec-49c6-ad8d-b8fde8751159,Adim kholifah Firdausi,1,2026-08-16 14:57:46,di cancel mulu tiap beli,negatif,cancel mulu tiap beli
338b6acc-a625-48aa-bf03-03d13e72a81d,Ahmad Izza,1,2026-09-02 21:23:57,udah nunggu gofood 2 jam di cancel otomatis dari sistem,negatif,nunggu gofood jam cancel otomatis sistem
c51c06c1-804a-428b-9f38-b89f300eaf99,Muhammad Huda Syahidin,1,2026-08-17 09:46:01,gofood makin lama dapet drivernya.,negatif,gofood makin lama dapet drivernya
61cca848-2d55-455d-b509-83c536cacc70,Fico Widyatama,2,2026-08-31 06:50:39,tolong kasih fitur perbaiki titik jemput,negatif,kasih fitur baik titik jemput
b4f35691-2942-4bc9-a832-be6366801b36,D a r,1,2026-09-05 15:19:18,"Masa harus nunggu dulu 45 menit baru bisa cancel gofood, udah ditunggu ttp aja ga dapet driver",negatif,masa nunggu dulu menit baru cancel gofood tunggu ttp tidak_dapet driver
9fcca879-d1ae-4edc-bdd0-2a2c027a3ab6,Mada Sia,1,2026-08-27 06:54:08,gojek tolong buat goride nya gausah pake banyak macem2 gojek murah lah gojek cepat lah gojek comfort lah RIBET jd lama dapat driver nya,negatif,gojek goride gausah pake banyak macem gojek murah gojek cepat gojek comfort rumit jadi lama driver
d0c9ed24-2d2e-49d9-a68e-b3fe4a01e3f0,Dini Diani,1,2026-08-16 23:42:54,"bener2 ngecewain bgt gopay pinjam, udah 3x minjem gapernah telat bayar. skrg dilunasin mau ngajuin lagi di tolak, ga jelas uninstall dah",negatif,bener ngecewain banget gopay pinjam minjem gapernah telat bayar sekarang dilunasin mau ngajuin tolak tidak_jelas uninstall
534d47cb-6bd4-4cce-86cc-8cf71095f788,Bur Hans,1,2026-09-10 22:55:11,saya mau login pas udah selesai verifikasi muka malah tiba tiba keluar sendiri aplikasinya,negatif,mau login pas selesai verifikasi muka malah tiba tiba keluar sendiri aplikasi
45e8a091-466a-4cea-9f04-5b3d84b61b87,Felix Ega,1,2026-08-22 16:10:55,dapat driver lama amat nih aplikasi,negatif,driver lama aplikasi
9ac7aa5a-a916-47fc-aa3a-693f01d8bfd3,Roni Winandar,1,2026-09-02 13:45:47,gosend aja cari driver ditolak terus !,negatif,gosend cari driver tolak terus
0abc437d-2075-40e7-ab48-4f8277066bf3,Bagus Permadi,1,2026-08-19 21:31:24,Di bagian game bolak balok gak fair. giliran udah mau sampai ke skor tertinggi biar dapat gopay coin game nya macet..Di tungguin sampai sejam gak bisa dilanjut lagi..akhirnya ngilang dari awal... buang waktu dan tenaga,negatif,bagi game bolak balok tidak_fair gilir mau skor tinggi biar gopay coin game macet tungguin jam tidak_bisa lanjut akhir ngilang awal buang waktu tenaga
1263487b-f511-4d45-aae7-cfc7c300e94f,Denaa imut04_,1,2026-08-20 06:27:20,"masa udh ng cancel tapi otomatis mesenin lagi si, tolong dong d perbaikin jngn ada otomatis pesen lagi",negatif,masa ng cancel otomatis mesenin si perbaikin jngn otomatis sen
34b3cced-d226-4afc-a2a7-f69955ea82aa,Fiyya Sabila,1,2026-09-09 23:31:25,"kalo pesan tidak bisa dibatalkan,ini sangat menyusahkan bikin double order, sangat mengecewakan, bikin rugi, harusnya ada sistem dibatalkan, lama mendapat driver lagi! giliran bisa dibatalkan harus nunggu 45 menit, eh setelah itu driver langsung muncul, tp tetap tidak bisa dibatalkan, sangat minus sekali sistemnya",negatif,kalau pesan tidak_bisa batal sangat susah bikin double order sangat kecewa bikin rugi harus sistem batal lama dapat driver gilir batal nunggu menit eh driver langsung muncul tetap tidak_bisa batal sangat minus sekali sistem
147e702f-a271-4829-9ee1-654592b5529b,Sant Laurant,1,2026-08-31 08:32:48,"gajelas pesen makan udah sejam lebih ga sampai2 mana susah dpt driver juga, lapor ke cs nya juga ga di apa apa in.",negatif,gajelas sen makan jam lebih tidak_sampai mana sulit dpt driver lapor cs tidak_di apa apa in
3af047f4-db74-4022-bd67-1ca041c92863,DERRY MIFTA FADDILLAH,1,2026-08-15 19:57:18,aplikasi kocak org lagi buru-buru ngedadak error jadi telat masuk kerja dapet driver di cancel Mulu giliran goride cepat error,negatif,aplikasi kocak orang buru buru ngedadak error jadi telat masuk kerja dapet driver cancel mulu gilir goride cepat error
9782dafd-06ab-4e38-bab9-3b94d4bd78dd,Stc rafa,1,2026-08-31 16:30:53,apa k untungn gojk KLO d aplikasi customer driver GK jalan jlan pdahal driver SDH sampe .. aplikasi adu domba dongo gjk d pegang s Dora/cahtrine pea,negatif,apa untungn gojk kalau aplikasi customer driver tidak_jalan jlan pdahal driver sampe aplikasi adu domba dongo gjk pegang dora cahtrine pea
ce893b50-e49a-473a-88ea-ced7425db938,tri wahyudi,1,2026-08-22 22:43:38,resto kalau udah tutup kenapa di aplikasi masih buka .... bikin lama ...,negatif,resto kalau tutup aplikasi buka bikin lama
f7ffc0dc-9729-42de-af2b-d62c28bd402d,Sahid Budi Kurniawan,1,2026-08-31 18:42:48,apk nggak jelas,negatif,aplikasi tidak_jelas
592879e8-0d83-4bb0-b4fb-911522c5f75e,Yuni Efendi,1,2026-08-09 23:46:12,"sekarang semua harga naik tidak kira-kira jadi males pakai jasa ojol , enakan langganan ojek biasa lebih murah dan lebih sat set. mungkin ini akan jadi kejatuhan ojol yang tanpa memikirkanĥù",negatif,sekarang semua harga naik tidak_kira kira jadi males pakai jasa ojol enak langgan ojek biasa lebih murah lebih sat set mungkin jadi jatuh ojol tanpa_pikir
c6dd038d-942d-4851-8654-68d2c8786d05,Oktareza Ramdani (Rezz),1,2026-09-06 14:47:10,sekarang lama nyari driver. udah hampir 5x seminggu ini gk dapet driver,negatif,sekarang lama nyari driver hampir minggu tidak_dapet driver
dfbc5f51-d899-457c-b045-f63abfe05fff,inoy nurjanah,1,2026-08-15 21:55:49,"sekalinya pakai yang cepat, hemat gaada lagi yang mau ambil orderan, gapapa lama tapi tetap diantar makanannya, lah ini sama sekali gaada yg mau ambil. bener bener ngabisin waktu banget",negatif,sekali pakai cepat hemat gaada mau ambil order gapapa lama tetap antar makan sama sekali gaada mau ambil bener bener ngabisin waktu banget
ff926e3a-29b0-4f03-b062-1d66396eeeb7,Rasyid Setiawan,1,2026-08-13 22:18:56,"aplikasi lawak, udh habis 5 juta lebih dengan point tinggi, tiba tiba akun di ban tanpa alasan, tidak ada solusi customer service, merugikan! udh klik bantuan, isi formulir. tetap gak ada jawaban",negatif,aplikasi lawak habis juta lebih point tinggi tiba tiba akun ban tanpa_alas tidak_ada solusi customer service rugi klik bantu isi formulir tetap tidak_ada jawab
de8c7eb8-65e4-4e19-99d4-d6e8d9bcfe95,aalyaxf,2,2026-08-31 14:55:25,kenapa sekarang untuk gofood gabisa masukin voucher sihh?,negatif,sekarang gofood tidak_bisa masukin voucher sihh
4ba8818c-1515-4b67-9f4b-3f71c16b3835,Joy Patra Sijabat,1,2026-08-23 18:04:33,gofood yang buruk,negatif,gofood buruk
a779ce35-b891-4ca0-a783-c06b2d5c67d2,VIDYA ELMARETA,1,2026-09-07 19:49:03,"parah. pesen grab food 2x gak bisa terus nunggu sejam lebih endingnya dibatalin. gojek makin stres, sampe asam lambung gue nungguinnya.",negatif,parah sen grab food tidak_bisa terus nunggu jam lebih endingnya dibatalin gojek makin stres sampe asam lambung nungguinnya
6f9c41a3-7504-49f2-b8f0-f6016f8013f2,Ari Pratama,1,2026-08-30 17:10:33,ongkir berubah tiba2 naik harganya ada ngebug atau gmna? aplikasi jelek mending pake grab,negatif,ongkir ubah tiba naik harga ngebug gmna aplikasi buruk mending pake grab
9b2e52ce-8496-41d2-a293-e137fa4cc55a,Samsung A05s,1,2026-09-07 06:12:58,"area denpasar makin hari makin susah dpt driver,mau ojek,food,send.",negatif,area denpasar makin hari makin sulit dpt driver mau ojek food send
cff3584e-9db6-430f-990d-dbf41b1d2738,christian bryan53,2,2026-09-02 05:37:29,banyak yang ngaret driver lu males sumpah,negatif,banyak ngaret driver kamu males sumpah
ce712707-7de7-4aa3-8f28-6690c3f138a5,Kurob Karepku,1,2026-08-13 14:34:21,nunggu makanan 2 jam ujung ujungnya di cancel.,negatif,nunggu makan jam ujung ujung cancel
c500507d-bd00-40de-a389-5da789402de5,OPPO Hardiyansah,1,2026-08-16 10:47:34,"setiap order gosend pasti bisa sampe 10x ganti driver , anehh",negatif,order gosend sampe ganti driver anehh
4b93acd5-7997-4747-920b-e62c9d3fa2fd,Alfadi Tsakif,1,2026-08-10 14:32:51,kenapa tidak bisa didownload,negatif,tidak_bisa didownload
1b6764ab-fdfe-4412-afce-2c086ae3d50d,Rafif Fharka,1,2026-09-12 16:30:19,lama dapat drever,negatif,lama drever
9b98af54-9f03-40d1-b7c3-6a2b8472228c,AFRI JAYA Chicken,1,2026-09-11 20:12:55,Gofoodnya kacau... Udah nunggu 1 jam lebih malah ga jelas,negatif,gofoodnya kacau nunggu jam lebih malah tidak_jelas
35156095-a0ba-4e52-8708-3edb34869d83,Rian 05,1,2026-08-19 11:21:48,"gabisa buat cencel gofoodd, saya order gofood dgn estimasi tiba 40-50 mnt, saya uda prepare pesen 2jam sblm keberangkatan ke kereta biar bisa di bawa di perjalanan. malah ada kendala lain2 sampe di last call kereta jg blm dateng, mau cancel sendiri gabisa, driver gabisa, resto ga bisa, ga jelas bgt",negatif,tidak_bisa cencel gofoodd order gofood estimasi tiba mnt uda prepare sen jam sblm berangkat kereta biar bawa jalan malah kendala sampe last call kereta jg belum_dateng mau cancel sendiri tidak_bisa driver tidak_bisa resto tidak_bisa tidak_jelas banget
07684739-222e-4f67-8d38-009ce9fd6dd1,Wahyu Guruh,1,2026-09-08 14:13:28,"driver kalo jarak Deket GK mau respon, driver sering tidak bergerak. busuk banget. harusnya jangan diterima kalau akhirnya di chat TDK bales, trs ditunggu GK gerak posisinya.",negatif,driver kalau jarak deket tidak_mau respon driver sering tidak_gerak busuk banget harus jangan_terima kalau akhir chat tidak_bales terus tunggu tidak_gerak posisi
77fdc254-e42e-4418-a2fc-6f3f3fdd158f,Kads,1,2026-09-01 19:02:10,"L app! ditanya mau mamam apaaaa? makan resto????? udh ketik menu knp gak MUNCUL MENUNYA AJAAA! NOT HELPING AT ALL! GRAB NOH! LANGSUNG ADA SUGGESTIONS TO MENU! semakin kesini makin jelek. tidak ada peningkatan baik, malah SENGAJA dibuat jelek. This app already lost the soul. Awal2 milih ini app karena embel2 punya anak bangsa. Aku dh nyerah sama app ini. ganti ke ijo sebelah.",negatif,aplikasi tanya mau mamam apa makan resto ketik menu knp tidak_muncul menu not helping at all grab noh langsung suggestions to menu makin kesini makin buruk tidak_ada tingkat baik malah sengaja buat buruk this aplikasi already lost the soul awal milih aplikasi embel punya anak bangsa aku dh nyerah sama aplikasi ganti ijo belah
abe4574c-50c1-411b-a639-851c7ef74ee4,Ade Achdiyat,1,2026-09-01 15:00:59,"Tidak MANUSIAWI dan tidak PANCASILA is ongkos untuk driver² nya. Padahal driver lah yg banyak keluar modal, motor, hp, bensin, quota, dll Driver sendiri yg keluarin dgn uang sendiri, aplikator cm modal aplikasi doang, tapi ongkos cm 8000, 7000, 5000. Murahan bgt. CUKUP APA uang segitu??? Pake otak dong, kasihan jerih payah driver². JANGAN BIKIN CAPE DAN SAKIT HATI SEMUA DRIVER, DURHAKA TAU...!",negatif,tidak_manusiawi tidak_pancasila is ongkos driver padahal driver banyak keluar modal motor hp bensin quota driver sendiri keluarin uang sendiri aplikator cm modal aplikasi doang ongkos cm murah banget cukup apa uang segitu pake otak kasihan jerih payah driver jangan_bikin lelah sakit hati semua driver durhaka tau
b2c99d21-678c-4e2c-8350-2f9a2da0d4fa,Vooks Nyozt,1,2026-08-10 12:55:59,beli mie gacoan 1 sama harganya klo pesen 3 mie via goofood .. hargai sangat mahal dan di luar nalar.. mending pakai shopyfood,negatif,beli mie gaco sama harga kalau sen mie via goofood harga sangat mahal luar nalar mending pakai shopyfood
eb690c1e-94d5-4cba-bb5b-0dd2c27a5a75,Ivone Greyse,1,2026-09-01 01:45:58,"PESAN GOFOOD DGN PENGANTARAN 1000 TIDAK BERGUNA SAYA NUNGGU LAMA HINGGA 1 JAM AN TP PROSESNYA GAK BERUBAH, PDHL APLIKASI GOJEK YG MEMBERIKAN PENAWARAN ONGKOS KIRIM 1000 TERNYATA 3000 PEMBOHONG APLIKASI GOJEK",negatif,pesan gofood antar tidak_guna nunggu lama hingga jam an proses tidak_ubah pdhl aplikasi gojek beri tawar ongkos kirim nyata bohong aplikasi gojek
fa9b6a6a-cee7-4881-bb3f-f7ddea62e255,Jener Sabrina syahrani,2,2026-08-18 12:48:33,kenapa si gojek yang pilihan goride comfort nya dihilangkan? PLS LAH JANGAN DI HILANGKAN GUE UDAH BERTAHU-TAHUN PAKE YANG PILIHAN GORIDE COMFORT KECEWA BERAT JUJUR... 😢😢😢,negatif,si gojek pilih goride comfort hilang pls jangan_di hilang tahu tahun pake pilih goride comfort kecewa berat jujur
794d2c1f-770d-4c61-8b46-0578c85f6063,Arjuna Pradipta,1,2026-08-16 01:41:10,butut aplikasi teh,negatif,butut aplikasi teh
b4e03fdb-0dbd-4ba0-a216-cbfdde2915cf,Jonatan Silitonga,1,2026-08-29 12:24:37,"langganan 7000 perjalanan,masa iya gk bisa dipakai,jarak 500m aja 8000,mana gk bisa dibatalkan dan balik dana gopay nya",negatif,langgan jalan masa iya tidak_bisa pakai jarak mana tidak_bisa batal balik dana gopay
e7f53723-ebbe-4e9a-8081-96dd1e615f78,Lik Herp,1,2026-09-11 16:45:20,"ini gimana sih penanganan nya prihal top up yg ngga masuk udah seminggu proses ngga selesai selesai mau sampe kapan saya di suruh nunggu,tlfn customer service udah sampe 3x masih aja di suruh nunggu",negatif,gimana tangan prihal top up tidak_masuk minggu proses tidak_selesai selesai mau sampe kapan suruh nunggu tlfn customer service sampe suruh nunggu
b5bbcffe-0fb5-4254-b5eb-5e52085b02fa,Jihad Faiz Baihaqi,1,2026-09-06 14:28:54,kalau pesen go food sudah berkali kali tidak bisa dapat driver,negatif,kalau sen go food kali kali tidak_bisa driver
9fb6b1d7-4554-40c8-95bd-0f5788f8266b,Rinto Hutauruk,1,2026-08-11 17:33:06,jauh jauh drivernya,negatif,jauh jauh drivernya
427d0c16-113c-4044-bcf0-629740805128,Saman Maulana,1,2026-09-01 11:41:33,sulit dapat driver saat pesan gofood tolong lah pihak gojek gimana mau make gojek terus pelayanan nya saja sulit,negatif,sulit driver pesan gofood pihak gojek gimana mau make gojek terus layan sulit
90ceb9c4-b5a4-4740-9058-f757a629d615,Ovina Indiani,1,2026-08-30 19:06:06,"saya pesan gofood hampir 4 jam bela""in nunggu malah d cancel trus, klau gk demi ortu pengen beli itu makanan gk akan aku bela""in nunggu sebegitu lama nya . driver pilih"" orderan giliran gk d kasih orderan sambat sepi . gojek pun klau kasih diskon juga jgn terlalu gede"" banget itu bikin para driver kalian malas buat trima orderan. PARAH",negatif,pesan gofood hampir jam bela in nunggu malah cancel terus klau tidak_demi ortu ken beli makan tidak_akan aku bela in nunggu begitu lama driver pilih order gilir tidak_d kasih order sambat sepi gojek klau kasih diskon jgn terlalu gede banget bikin driver kalian malas trima order parah
88c2e831-6660-42e8-bc19-bb0b0907d81e,Henry Yanuar,1,2026-08-23 21:45:40,"Buang driver driver nakal, nolak order tapi nggak mau batalin. Kasian driver yang niat kerja, jadi kena batunya.",negatif,buang driver driver nakal nolak order tidak_mau batalin kasi driver niat kerja jadi kena batu
7a05895d-2662-43ec-971f-7cf65c739633,Randy Wilyani,1,2026-09-10 19:48:54,gocar ga jelas kalau udh malam. maksa penumpang yg cancel. driver ga mau cancel suruh penumpang cancel sendiri ga jelas,negatif,gocar tidak_jelas kalau malam maksa tumpang cancel driver tidak_mau cancel suruh tumpang cancel sendiri tidak_jelas
95a463b2-128b-45b2-b2c3-53af1d62f487,azkya davina n,1,2026-09-07 19:09:32,"Fitur nya mungkin sangat membantu driver, tapi untuk pengguna pelanggan fiturnya sangat kurang apalagi dalam gofood, saya mencoba mesen udah di 2 outlet dri restoran yang sama, penangan nya sama semua. Di buat nunggu sejam lebih, driver ga dapet padahal dri aplikasi akan di carikan driver sampe jam tertentu tapi 30 menit lebih dri waktu yg di tentuin tetep ga dapet. Sekalinya dapet driver langsung hilang. Saya chat CS minta bantuan untuk crosscheck lagi ke restaurant, tida membantu sama sekali.",negatif,fitur mungkin sangat bantu driver guna langgan fiturnya sangat kurang_apalagi gofood coba mesen outlet dri restoran sama nang sama semua nunggu jam lebih driver tidak_dapet padahal dri aplikasi cari driver sampe jam tentu menit lebih dri waktu tentuin tetep tidak_dapet sekali dapet driver langsung hilang chat cs minta bantu crosscheck restaurant tida bantu sama sekali
a884ce12-109b-42ca-a8e4-7e08aabb10b5,Fajar Razqween,1,2026-09-06 18:28:42,"aplikasi tidak lengkap pelayanan, mau di batalkan pesanan lewat aplikasi aja tidak bisa? kek gini lama lama pada males pesan lewat gofood, gara gara salah pencet menu mau ganti aja ga bisa , mana yang kepencet menu mahal lagi ... gofood Masalah pelayanan aplikasinya JELEK",negatif,aplikasi tidak_lengkap layan mau batal pesan lewat aplikasi tidak_bisa kek gin lama lama males pesan lewat gofood gara gara salah pencet menu mau ganti tidak_bisa mana pencet menu mahal gofood masalah layan aplikasi buruk
666fe9e7-6997-4d36-b84e-9fd622c7f488,Sanggitha Ade Marta,1,2026-08-30 13:05:41,"mentang² pakai yang pengiriman murah gofood saya gak dapat² driver, padahal anak kost hemat",negatif,mentang pakai kirim murah gofood tidak_dapat driver padahal anak kost hemat
3b518cbc-9285-41d3-a546-523e256d8a0c,Harniati,1,2026-08-17 21:57:46,banyak iklan saya ke ganggu banget padahal saya sedang belajar apa apa ada iklan kurangin iklannya 🤦‍♀️🙏,negatif,banyak iklan ganggu banget padahal sedang ajar apa apa iklan rangin iklan
38104a4c-caff-41f7-b7fb-af89a24f35ec,Niko,1,2026-08-17 16:27:51,aplikasi error menyebabkan double order,negatif,aplikasi error sebab double order
d98f8083-2afc-4080-9179-049e666ec766,Ivan Tama,1,2026-08-26 10:45:39,waktu pemesanan yanh sangat lamaa,negatif,waktu mesan yanh sangat lamaa
25ffcccd-b9c8-426b-9c26-da885a7dc928,paulus purnama,2,2026-08-20 06:33:04,terkadang jika mau pesan gojek anak sekolah pagi...susah dan gojeknya jauh-jauh sehingga gojek minta cancel...sehingga lebih baik pilih aplikasi lain yg pilihan gojeknya dekat dekat,negatif,terkadang mau pesan gojek anak sekolah pagi sulit gojek jauh jauh gojek minta cancel lebih baik pilih aplikasi pilih gojek dekat dekat
391f3ac3-7fe9-4dc0-8aea-58dac715a2cf,Tari Dwi,1,2026-09-13 17:34:51,"driver yang pakai celana pendek/ sepeda motor nya tidak sesuai aplikasi tolong pm, satgas gojek di malang juga diem aja tugasnya apasih satgasnya itu",negatif,driver pakai celana pendek sepeda motor tidak_sesuai aplikasi pm satgas gojek malang diem tugas apasih satgasnya
4367502d-c677-4737-84f7-2c92f9e8fb1d,sabar arifin71,1,2026-09-02 09:28:59,"Promo penipu, bayar hagra normal",negatif,promo tipu bayar hagra normal
76b48c05-c179-4f61-8f88-dc3fc1f4d556,Lintang Sevriana,1,2026-08-19 13:27:24,"UDAH INI ITU TRANSFER NYA KENAPA GAGAL TERUS , NGGAK SEMUA ORANG SELALU PUNYA DUIT BUAT BAYAR TEPAT WAKTU YA",negatif,transfer gagal terus tidak_semua orang selalu punya duit bayar tepat waktu
78dee2d5-97b8-43d8-ac07-ecb25353911d,Yusron Nurdian,1,2026-09-09 13:05:15,MAKANYA PERHATIKAN DRIVERNYA. KALAU PELANGGAN GOJEK PINDAH KE APLIKASI LAIN HANCUR GOJEK. DRIVER TU MARKETING KUNCI BISNIS ANDA GOJEK. TIDAK ADA ORDERAN KE APLIKASI LAIN DAN APLIKASI LAIN DAPET PELANGGAN BARU YANG LARI DARI GOJEK,negatif,makanya perhati drivernya kalau langgan gojek pindah aplikasi hancur gojek driver tu marketing kunci bisnis gojek tidak_ada order aplikasi aplikasi dapet langgan baru lari gojek
6b90f697-f80c-445e-92e0-b2f4f296131b,Rin nda,1,2026-08-17 17:52:24,"susah bgt dapet driver udh beberapa kalii , gimana sih",negatif,sulit banget dapet driver beberapa kali gimana
88e24c42-3dbe-4b4a-8b19-1b83ef54ec3d,denny setya wijaya,1,2026-09-13 16:19:27,ga bisa ngirim foto ke abang drivernya. buat apa ada fitur kamera sama file klo ga bisa dikirim,negatif,tidak_bisa ngirim foto abang drivernya apa fitur kamera sama file kalau tidak_bisa kirim
a1b492a3-20fa-4892-a4e6-c6a60da3be78,Ernando Yoga Kusti,1,2026-08-14 10:43:35,"untuk gosendnya aneh, saya selalu pesan gosend untuk pengiriman paket toko saya tapi sulit sekali dapat driver. selalu berganti driver sampai berhari-hari, saya dapat keluhan dari drivernya langsung katanya itu karna driver dapet argonya kecil atau ada argo yang numpang. jadi untuk gosend janganlah kau kasih driver argo-argo yang kecil, agar kami pelanggan setia gosend tidak ikut terdampak seperti ini.",negatif,gosendnya aneh selalu pesan gosend kirim paket toko sulit sekali driver selalu ganti driver hari hari keluh drivernya langsung kata driver dapet argonya kecil argo numpang jadi gosend jangan kau kasih driver argo argo kecil langgan setia gosend tidak_ikut dampak
46843a82-4ec3-4c5a-88b8-a96b603d0755,Yeni Nuraeni,1,2026-09-05 11:55:59,susah dapet driver untuk gofood sudah 4 kali kena cancel. atau karena pakai pengiriman murah makanya susah banget makanan diantar,negatif,sulit dapet driver gofood kali kena cancel pakai kirim murah makanya sulit banget makan antar
bf978d35-e6ef-4962-a82e-aa37df536069,Lisa Dewi,2,2026-09-07 08:47:56,"SUSAH DAPET DRIVER MENTANG MENTANG DISKON GEDE SUSAH DPT DRIVER, 3X PESEN GA DPT DRIVER",negatif,sulit dapet driver mentang mentang diskon gede sulit dpt driver sen tidak_dpt driver
605773ec-ebf6-4fa8-948e-5e36fd3c0e5b,marzuki ardi,1,2026-09-09 08:15:06,"sistem kacau, orderan gilak",negatif,sistem kacau order gilak
7872a42e-4c12-4619-84a9-8ae7f64e33c3,Linda Oktavia,1,2026-09-04 13:10:14,apk ga jelass,negatif,aplikasi tidak_jelass
8f020ffc-7218-416f-918d-545125c0b63e,Yehezkiel Napitupulu,2,2026-09-08 14:21:55,"Tolong knp kdng kdng pas masuk gojek nya tiba tiba ngelag yah kek masih kosong semua fotonya, trus padahal wifi lancar, penyimpanan masih banyak,tlong diperbaiki yah,kalo tetap sama aja di turunin lagi",negatif,knp kdng kdng pas masuk gojek tiba tiba ngelag kek kosong semua foto terus padahal wifi lancar simpan banyak tlong baik kalau tetap sama turunin
cdccbb6e-1b39-445d-aaf2-d30f47b69c7a,Dedy Krisnady,1,2026-09-12 20:21:33,"Mau Transaksi Tidak Bisa,Karena Terlambat Bayar Di Produk Lain... Gak Jelas",negatif,mau transaksi tidak_bisa lambat bayar produk tidak_jelas
e43da086-fe6a-4753-a6e1-5b2cbe15ee8c,072_Dzaki Bastian,1,2026-08-26 19:24:58,driver gabisa di lacak. nyusahin. padahal krusial banget kalo lagi penting,negatif,driver tidak_bisa lacak nyusahin padahal krusial banget kalau penting
37b01a03-2749-447b-946c-9e89fab01a75,Chece Satoru,2,2026-09-06 09:30:43,"udah gofood makanan 2 kali, tapi gak ada driver yang mau ambil. dengan alasan driver sibuk...",negatif,gofood makan kali tidak_ada driver mau ambil alas driver sibuk
c719c17a-0c55-48ac-aafa-9512d65f5dbd,serly lestari,1,2026-08-20 18:54:11,MAHAL TIDAK ADA PROMO,negatif,mahal tidak_ada promo
db6e8aa9-1ff2-4c33-b70c-01f93d64622c,Jumaidil Makmur,1,2026-09-09 13:30:08,gojek SOP nya emang lambat ya pengantaran nya? makanan yang harusnya datang 30 menit pun jadinya 1 jam 30 menit,negatif,gojek sop emang lambat antar makan harus datang menit jadi jam menit
d6784e67-6698-44fa-b04a-f7c1430311d7,Siti zulaikha,1,2026-09-07 08:34:52,setiap pesan grabcar dpt hrg murah selalu tidak mau nerima driver beda sama apk sebelahh,negatif,pesan grabcar dpt hrg murah selalu tidak_mau nerima driver beda sama aplikasi sebelahh
c377529a-e872-499b-9875-f73b0324510f,Reza Sianipar,1,2026-09-01 03:13:38,hapus aja aplikasi kau ni gak guna stiap kali mesan pasti gak pernah ada driver,negatif,hapus aplikasi kau ni tidak_guna stiap kali mesan tidak_pernah driver
e63b15a9-0eb8-4154-bd20-fbef20ee6f3d,Turen Indah Properti 354,1,2026-08-23 12:47:52,"belanja di alfa depan hotel,dapat driver jauh dimana,jadinya lama nungguin",negatif,belanja alfa depan hotel driver jauh jadi lama nungguin
c1fbf1e0-939e-41ed-9170-7b7eabc9b02f,Talitakumillah Pattipeilohy,2,2026-08-16 23:17:12,"apaan sih ini gk jelas bgt, driver udh terima orderan saya, tapi saya chat gk dibls, dan sudah melewati titik penjemputan! TOLONG YA DIPERBAIKI LAGI UNTUK DRIVER²NYA! KALO BISA YG NIAT CARI DUIT AJA!!!",negatif,apa tidak_jelas banget driver terima order chat tidak_dibls lewat titik jemput baik driver kalau niat cari duit
a953106d-4500-4e16-8743-33cec5656a38,putu januraga,1,2026-08-15 17:02:45,hari ini 3 x saya di tolak driver. mengecewakan sekali. tolong perbaiki aplikasi dan sejahterakan driver.,negatif,hari tolak driver kecewa sekali baik aplikasi sejahtera driver
4d9f390b-2304-4f3d-92ad-356912d87e68,Eshal Zanira,1,2026-08-11 10:04:53,"gak jelas lama lama gojek,, sdh jadi member prioritas dan selalu menggunakan aplikasi malah tiba tiba go food sya d hilabgkan tub semua diskon d semua merchent,, jd buat apa kau jadikan aq customer prioritas weee",negatif,tidak_jelas lama lama gojek jadi member prioritas selalu guna aplikasi malah tiba tiba go food sya hilabgkan tub semua diskon semua merchent jadi apa kau jadi aq customer prioritas we
8707b001-5855-4c15-a424-76c4386d59c2,SOBAT MUKIDI,1,2026-09-01 15:14:01,kecewa banget ya..akhir akhir ini sering dpt driver dengan helm yang (maaf) kurang layak untuk penumpang.. driver ramah tapi sayang terkadang helm tidak membuat penumpang nyaman.. terutama yang tidak ada kacanya.. mau yang comfort pun sama kadang saya dapat yang helmnya kurang layak.. sangat disayangkan.. drivernya lengkap tapi tidak dengan penumpangnya semoga ada perbaikan.. sejauh ini driver yang saya dapat pelayanan bagus hanya minus di facility aja 👌🏻,negatif,kecewa banget akhir akhir sering dpt driver helm maaf kurang_layak tumpang driver ramah sayang terkadang helm tidak_buat tumpang nyaman utama tidak_ada kaca mau comfort sama kadang helm kurang_layak sangat sayang drivernya lengkap tidak_dengan tumpang moga baik jauh driver layan bagus minus facility
374423f3-aaba-45fc-9990-47d4623bb5ae,Niken Nyssa,1,2026-08-23 13:34:03,"Tolong dong!, fitur pembatalan nya dilamain lagiiii",negatif,fitur batal dilamain
11f087c6-d436-4245-bfdb-bab438ccc79a,Mochammad Fachri,1,2026-09-13 09:01:12,wajib uninstall..udh susah dapet driver harga nya juga mahal ga kaya dulu lagi,negatif,wajib uninstall sulit dapet driver harga mahal tidak_kaya dulu
e0e66e8c-c3d3-4812-a561-d258de2c31c9,Adzka Zaidan,1,2026-09-06 17:30:55,"apaan banget dah, koneksi lancar, server kagak down, tpi loading mulu. terlambat dh gw jadinga",negatif,apa banget koneksi lancar server tidak_down loading mulu lambat dh jadinga
0ae27ff8-c94e-476b-921d-3238271f7422,Husnul Mustafidah,2,2026-09-11 22:08:55,"TOLONG YA NYARI DRIVER BUAT GOFOOD AJA LAMA BGT BAHKAN SAMPAI DICANCEL SENDIRI, SAYA UDAH NUNGGUIN 1 JAM NAHAN LAPER HABIS FULL KEGIATAN HARUS DI CANCEL ANJIR",negatif,nyari driver gofood lama banget bahkan dicancel sendiri nungguin jam nahan laper habis full giat cancel anjir
5630a24f-7908-42e8-bcb4-2813551a5221,Nizam Maruf,2,2026-09-11 03:34:46,"driver di bali sering minta di batalkan , dan bahkan kalo sudah ada penumpang minta offline saja suruh di cansel di aplikasi , dan parahnya suka minta harga 2 kali lipat ,,",negatif,driver bal sering minta batal bahkan kalau tumpang minta offline suruh cansel aplikasi parah suka minta harga kali lipat
f16505c8-c505-4b2a-86a6-73cd874107d2,Aldi Bragek,1,2026-08-14 14:08:18,Gak jelas di tengah kota pesan gojek aja sampe 2 jam lebih mana gak bisa di cancel,negatif,tidak_jelas tengah kota pesan gojek sampe jam lebih mana tidak_bisa cancel
773a6d41-223b-4fad-8ec1-60bda54e7322,Saeful Arifin,1,2026-08-16 07:12:50,"gomart bikin kecewa , harusnya kalo barangnya ga ada ga usah di pasang di daftar , aku beli bukan minta , kecewa sekali , parah",negatif,gomart bikin kecewa harus kalau barang tidak_ada tidak_usah pasang daftar aku beli bukan_minta kecewa sekali parah
85ec3c52-75cb-464d-9c7c-73648dbdd856,vician movi,1,2026-09-02 14:10:16,"Ga ngotak denda telat 1 hari, terlalu mencekik dendanya",negatif,tidak_ngotak denda telat hari terlalu cekik denda
433bc2a7-7fbb-4c64-874a-abc6357c6e5e,Xyanz genshin,1,2026-09-08 12:41:44,"udah pesan makanan dari jam 9 nunggu sampe jam 1,eh taunya batal gara² ga nemu driver, ga dapat kompesasi sama sekali pula lagi, hadeh",negatif,pesan makan jam nunggu sampe jam eh tau batal gara tidak_nemu driver tidak_dapat kompesasi sama sekali hadeh
fb4b402f-e3ca-4084-91c5-d3580050046f,Iwan Kusumadi,1,2026-08-30 11:23:25,"map di aplikasi yang salah, malah membebankan biaya tambahan ke pelanggan",negatif,map aplikasi salah malah beban biaya tambah langgan
3a6a2340-663d-4784-a41c-194cd1fb48cc,Ferdian Pramudya,1,2026-09-05 20:07:27,"di gofood lama bgt ga dpt driver, udh nunggu sejam lebih ga dpt dpt",negatif,gofood lama banget tidak_dpt driver nunggu jam lebih tidak_dpt dpt
80038326-ff3e-4228-a340-ca60eea1b43d,Muhammad arzanka tamianta Bangun,2,2026-08-10 07:04:24,aplikasi yg drivernya sibuk semua,negatif,aplikasi drivernya sibuk semua
1355f860-e5b8-4d76-8654-748d88c6cc7b,Fatimah Sudjaja Perwendha,1,2026-09-05 13:15:56,"applikasi ga jelas. pesan makanan via gofood nunggu sampai 1 jam ternyata belum disiapkan resto krn belum ada driver. dicancel dr akun pembeli ga bisa, cancel dr akun resto jg berimbas resto bakal kena tutup.",negatif,applikasi tidak_jelas pesan makan via gofood nunggu jam nyata belum_siap resto belum_ada driver dicancel akun beli tidak_bisa cancel akun resto jg imbas resto bakal kena tutup
a6c2275f-0628-4a0a-9e95-9f3ad80d419f,Pramitha Devi,1,2026-09-08 15:41:00,"saya gak mau batalkan pesanan saya, cepat kirim pesanan saya",negatif,tidak_mau batal pesan cepat kirim pesan
7b6ae241-b4d1-43d7-a512-103e018cfb7d,Sahri Alex,1,2026-09-09 21:21:40,nyalain seharian ga bunyi,negatif,nyalain hari tidak_bunyi
7303c013-52ca-4002-81db-96ccf8db6eca,King Emyu,2,2026-08-31 11:43:05,makin kesini koin yang dikasih makin dikit gg. jadi gak semangat lagi kumpulin koin kalo kaya gini mh,negatif,makin kesini koin kasih makin dikit gg jadi tidak_semangat kumpulin koin kalau kaya gin mh
531440d8-023a-4ef6-84b5-2c34371aea59,Malaka Jawa,1,2026-09-04 17:03:30,order food harus nunggu hampir 1 jam belum juga dapet driver.,negatif,order food nunggu hampir jam belum_juga dapet driver
2d7a3b78-3221-4032-b03e-a1d23b33829a,Bisri Irfan,1,2026-08-10 13:56:50,"saya kasih bintang 1 min.. karna saya kecewa banget... saya sudah deket dengan resto tapi kecancel sendiri min... jadi saya gak mood min... tolong d rubah lg sistem nya min.. jgn membuat driver lain kecewa... kasian driver lain min jarak jauh pas nyampe resto ke cancel sendiri min. .. sya sangat bener"" kecewa min",negatif,kasih bintang kecewa banget deket resto kecancel sendiri jadi tidak_mood rubah sistem jgn buat driver kecewa kasi driver jarak jauh pas nyampe resto cancel sendiri sya sangat bener kecewa
8f3b5103-517e-41be-9d6e-e797c6f80c9d,Heti Herdiana,1,2026-09-06 22:25:20,"pesan makan di cancel toko alasan tidak menemukan driver, tanya ke pusat bantuan dibilangnya tokonya yg masih menyiapkan makanan. perasaan toko mau siapin makanan kalau driver nya pasti, apalagi mendadak dibuat, kalo driver ga ada ya mereka ga akan buat dulu. yang bener aja lah",negatif,pesan makan cancel toko alas tidak_temu driver tanya pusat bantu bilang toko siap makan asa toko mau siapin makan kalau driver dadak buat kalau driver tidak_ada tidak_akan dulu bener
a8f3fdbf-af8c-46d0-a685-8eef7c572bd1,Untung Slamet P Driver,1,2026-09-12 00:45:16,Buat bayar lewat Qris...ada kendala...gak kebaca...,negatif,bayar lewat qris kendala tidak_baca
1e93dd83-f061-4359-ae73-9b0e33b71427,mavis botol,1,2026-08-16 07:12:38,pak Prabowo di kibulin gojek masih potongan mitra lebih 20% kok pak sampai saat ini,negatif,pak prabowo kibulin gojek potong mitra lebih pak
b4ba0cb7-522e-4aad-aa68-32c589884057,Ahong Trans 105,1,2026-08-20 18:41:49,tolol otp kaga masuk masuk padahal no hp Email dah bener semua,negatif,tolol otp kaga masuk masuk padahal no hp email bener semua
6e8bf894-d393-4886-815f-ac1d3de014b5,Win Egi,1,2026-08-17 21:46:34,"susah cari driver,mau dibatalin juga gabisa.",negatif,sulit cari driver mau dibatalin tidak_bisa
b8cc4946-31ac-4616-a3eb-85ad285999ae,melisasiti nz,1,2026-08-13 17:38:05,"susah dapet driver skrng,harus di perbaiki sistem nya",negatif,sulit dapet driver sekarang baik sistem
cea9c246-1687-410b-8fa9-0650ae9f0c48,Rin Riin,1,2026-08-28 12:19:58,"susah cari driver terus, masa setiap saya pesan susah cari driver,gimana ini gojek?",negatif,sulit cari driver terus masa pesan sulit cari driver gimana gojek
45b05cd4-1b19-4cc9-9575-8c2192ddd678,adelia dazzo (adelia),1,2026-08-11 21:25:13,Aplikasi paling sampah selama oemakaian saya,negatif,aplikasi paling sampah lama oemakaian
de60b3e4-f8f9-4974-a663-401e7381c3d9,Galaxy Star,1,2026-09-09 13:49:44,"di aplikasi ada promo ongkir Muraahhh cuman bayar 500-1500 rupiah, tapi pas check out gak nemu driver mulu, katanya driver lagi sibuk... saya tanya ke abang ojol yg nongki katanya dari aplikasi kalau pilih yg murah suka gitu, kecuali pilih driver yg berbayar baru cepat. padahal driver ojol masih banyak yg nggak ada orderan... sama aja kayak ngasih harga promo tapi gak bisa dipake.. skalian aja gak usah kasih promo👎",negatif,aplikasi promo ongkir muraah cuman bayar rupiah pas check out tidak_nemu driver mulu kata driver sibuk tanya abang ojol nongki kata aplikasi kalau pilih murah suka gitu pilih driver bayar baru cepat padahal driver ojol banyak tidak_ada order sama kayak ngasih harga promo tidak_bisa dipake skalian tidak_usah kasih promo
c511bc8b-d994-4730-bdd1-fbb5ba4b4068,Fauzan Zammy,1,2026-08-17 15:49:55,gofood lama dapet drivernya udah nunggu 2 jam masih ngga dapet,negatif,gofood lama dapet drivernya nunggu jam tidak_dapet
97287f86-ad7b-4c1e-8682-a9831bdb895c,Pak Uuk,1,2026-08-13 10:14:31,game bolak balok yang ada di aplikasi gojek customer di saat skor mencapai/melebihi angka 10000 sengaja dibuat gangguan/error agar game tersebut tidak mau ngasih reward alias SCAM,negatif,game bolak balok aplikasi gojek customer skor capai lebih angka sengaja buat ganggu error game sebut tidak_mau ngasih reward alias scam
69727aeb-d4b3-4309-8c50-3fa1fdd8731e,Bagus Rakhmadani,1,2026-09-07 18:50:53,"susah cari driver, alibi banyak promo biar banyak yang tertarik giliran di pakai susah cari driver yang mau, jelas banyak driver yang gamau ambil pick up promo karena kebijakan dari gojek untuk tarifnya nggak sebanding bisa di bilang rugi di driver dan imbas nya ke pelanggan, lebih di pertimbangkan lagi kalau bisa gaada yang di rugi kan dari pihak driver dan pelanggan",negatif,sulit cari driver alibi banyak promo biar banyak tarik gilir pakai sulit cari driver mau jelas banyak driver gamau ambil pick up promo bijak gojek tarif tidak_banding bilang rugi driver imbas langgan lebih timbang kalau gaada rugi kan pihak driver langgan
ef78c652-59af-4fbc-9c53-43da19d213a8,Vivo V60 lite,1,2026-09-06 18:10:25,aku udah beberapa kali pesen makan ujungnya dibatalin kek why???,negatif,aku beberapa kali sen makan ujung dibatalin kek why
dc07e0eb-c979-456d-89d8-28479bcf3340,Yuki yuki,1,2026-09-04 12:36:10,apalah verifikasi wajah masa gagal padahal gak ada masalah sebelumnya,negatif,apa verifikasi wajah masa gagal padahal tidak_ada masalah belum
b4847c72-a122-4017-a0a7-45ef3d8fc411,Sania Kharisma,1,2026-08-29 11:20:31,Payah banget sekarang,negatif,payah banget sekarang
6cddbc67-2854-4b59-b23d-c2fa5fe2ef53,Dewi Nurmalasari,1,2026-08-23 13:39:31,nilai nol sih kalo ada buat Driver nya!!!!,negatif,nilai nol kalau driver
da3f313c-81f8-43fe-b59d-89905cca4810,Deni Dwi Andriatno,1,2026-09-08 18:34:23,iklannya di beberapa sosmed memaksa untuk di tonton. ( tidak bisa di scroll ). klo nggak maksa nggak tenar gitu? tolong segera di cabut iklannya.,negatif,iklan beberapa sosmed paksa tonton tidak_bisa scroll kalau tidak_maksa tidak_tenar gitu segera cabut iklan
4bdd6cc9-9ae9-49bd-bdee-d5c3bce7bdea,Haerul Anwar,1,2026-09-05 10:36:14,"harga di gojek kenapa mahal, jauh beda dengan beli lansung ?",negatif,harga gojek mahal jauh beda beli lansung
4a3ca14c-94e7-43e8-875d-02235356320f,nina Agustin,2,2026-08-19 18:32:22,"kalau hujan aplikasi selalu error.., server sering sibuk, sekalinya dapat driver di batalin...bs sampe 30 menit lebih ga dapet2 driver",negatif,kalau hujan aplikasi selalu error server sering sibuk sekali driver batalin sampe menit lebih tidak_dapet driver
5578c29d-3d3c-4415-874f-e7167843ceb4,naya naya,1,2026-09-10 21:25:41,males driver gadapet' lemot gaada solusi pdhal dah chat cs,negatif,males driver gadapet lambat gaada solusi pdhal chat cs
44422746-c4c0-4999-927b-b80798067528,Luhung Pambudi,1,2026-08-31 15:38:28,INI KOK MALAH MAHAL BANGET ?!! ANEH NIH GOJEK,negatif,malah mahal banget aneh gojek
61de1357-fff1-4a29-9dd0-13d16d8701d1,Vira Ramadhani,1,2026-08-28 12:23:58,hanya 7 menit saya bisa menunggu tapi dibatalkan,negatif,menit tunggu batal
e2fbce9a-9260-4a97-9ad9-34d3b2c5e650,Rosa Rosdiana,1,2026-09-13 03:33:59,"ini gojek gmn si maps nya ga jalan, setingan udah bener update terus, gw mu ngorder gojek dari pisang mas Harapan Baru Bekasi ke stasiun cakung, ini ngapain titik jemput gw malah di tigaraksa kab. Tangerang..ngaco banget ga kaya grab udah auto.",negatif,gojek gmn si maps tidak_jalan ting bener update terus mu ngorder gojek pisang mas harap baru bekas stasiun cakung ngapain titik jemput malah tigaraksa kab tangerang ngaco banget tidak_kaya grab auto
87177904-3e45-4777-9f9d-9df9d28e0721,Fadli Xtei,2,2026-08-17 17:58:07,"ini apk apa sih sebenarnya, saya pesan makan, tpi gk ada yg mau anter pesanan nya, ini gk ada yg mau duit apa ya ?",negatif,aplikasi apa benar pesan makan tidak_ada mau anter pesan tidak_ada mau duit apa
e13fe9f5-5b33-491e-95a0-2163153c1496,Caca Ria (Chacha),1,2026-08-18 12:35:24,makin kesini makin jelek ini apk masak orderan aku cancel saldo gopay masih kepotong juga. udah chat d bantuan udah ikutin arahannya untuk nge refresh tetep aja saldo ga balik. udah gtu penangannya lambat banget.,negatif,makin kesini makin buruk aplikasi masak order aku cancel saldo gopay potong chat bantu ikutin arah nge refresh tetep saldo tidak_balik gtu nang lambat banget
e3867e29-7bb1-4787-91c8-bee145e932e8,Wisnu Zidan,1,2026-09-06 13:11:17,driver taii .. 5x order semua batalkan,negatif,driver taii order semua batal
b5fe3ff5-38fc-462d-b4b5-785794b00de7,Fan Brt'z,1,2026-08-29 15:36:41,"makin sini makin parah posisi dmn dapet driver jauh"" terus",negatif,makin sini makin parah posisi dmn dapet driver jauh terus
0985178c-f26a-40d7-acff-a5a3c3a5c38c,Lutfia Shiva arkhani,1,2026-09-13 04:51:03,"mitranya tukang motong jalan buat ke jalur busway, bikin kecelakaan orang doang",negatif,mitra tukang motong jalan jalur busway bikin celaka orang doang
11f97b9c-2f9e-4d4d-90fa-c4a2450c7e23,yundi esa,2,2026-08-21 20:09:13,"ini gmna sih susah amad dapet drivernya, pada males2 tah driver gojek ini ?",negatif,gmna sulit amad dapet drivernya males tah driver gojek
8bf328e0-4513-43d9-9d9e-1081f4df13b9,pitoalbani,1,2026-08-28 10:45:10,"terlalu bnyak perbedaan, layanan ekspres sama non ekspres",negatif,terlalu bnyak beda layan ekspres sama non ekspres
085cb187-2d4f-4910-9178-b028d6fd4aec,Lokkot,1,2026-09-11 23:52:07,"selain alat transportasi GOJEK sudah beralih fungsi sebagai alat buat Nagih tukang tagih,alat intimidasi, dengan ini saya ingin menghapus permanen APLIKASI GOJEK karya anak Bangsa Deb Collector",negatif,alat transportasi gojek alih fungsi alat nagih tukang tagih alat intimidasi hapus permanen aplikasi gojek karya anak bangsa deb collector
fe45d211-f15b-4dc6-9246-313507bfc2ff,Ogi Dwi Antoro,1,2026-08-30 21:28:27,makanan dah dimasak ga diambil driver spe tutup,negatif,makan masak tidak_ambil driver spe tutup
2d2f69b0-66a5-43c3-a880-8c41f763903d,Salsabila Salsabila,1,2026-09-02 22:22:55,"sesusah itu dpt driver gofood smpe nunggu 2x 2jam di cancel, apa krna ada promo jdi gamau nerima ya?",negatif,susah dpt driver gofood smpe nunggu jam cancel apa krna promo jadi gamau nerima
4a7ee5be-fd47-4ae3-8c29-423c1c7009c1,Vinn Serviant,1,2026-09-02 19:07:42,APP JELEK MENDING GRAB COK.!!!,negatif,aplikasi buruk mending grab cok
bfed74a2-dd22-43db-859d-b200ce74d717,Afwan Ghofur,2,2026-08-22 20:29:48,"tolong kalau order di daerah pegunungan jangan kasih driver yg pakai motor listrik. aku order yg datang motor listrik sampai takut motornya gak kuat, jarak juga cukup jauh. motor listrik harus di daerah perkotaan saja.",negatif,kalau order daerah gunung jangan_kasih driver pakai motor listrik aku order datang motor listrik takut motor tidak_kuat jarak cukup jauh motor listrik daerah kota
441109be-28bc-48e8-be30-dada55a74617,Indah masrofiah,1,2026-08-17 10:43:14,"driver lama, maps ga jalan jalan, kalo nyari driver juga lama",negatif,driver lama maps tidak_jalan jalan kalau nyari driver lama
2e39668e-d61f-4262-984a-5ac79b18816e,Erenz Reja,1,2026-08-11 15:19:18,ngga usah download.. kemahalan.. mendingan maxim aja..,negatif,tidak_usah download mahal mending maxim
4ee8a88e-0554-4137-b316-de0267984a51,Daraa 32,2,2026-08-16 22:38:49,"Kecewa banget. Saya sudah memesan GoFood dari sekitar jam 9 malam dengan estimasi sampai jam 10, tetapi ternyata restoran tutup dan pesanan tidak jelas penanganannya. Yang lebih mengecewakan, tidak ada opsi cancel yang jelas ketika terjadi masalah seperti ini. Sangat merepotkan, apalagi sudah menunggu lama dalam keadaan lapar. Mohon sistem pembatalan dan penanganan pesanan bermasalah diperbaiki.",negatif,kecewa banget mes gofood jam malam estimasi jam nyata restoran tutup pesan tidak_jelas tangan lebih kecewa tidak_ada opsi cancel jelas jadi masalah sangat repot tunggu lama ada lapar mohon sistem batal tangan pesan masalah baik
c754a43b-d854-401b-81c6-50e0ef6718d4,Untoro Widiyanto,1,2026-08-20 07:52:14,udah pesen gojek yang mahal tetap aja nunggunya lama payah nih aplikasi,negatif,sen gojek mahal tetap nunggunya lama payah aplikasi
fb99a9e1-a1f6-4b6d-8046-2659e55e6d5e,Adyarzak,1,2026-09-01 02:44:19,gopay plus otomatis perpanjangan. males banget udah kepotong paling mahal 90 hari. sedangkan aplikasi jarang dipakai,negatif,gopay plus otomatis panjang males banget potong paling mahal hari aplikasi jarang pakai
ca7f6e64-a304-4857-afdb-3b240ed97a33,Leonardo Aliong,1,2026-09-10 20:49:13,di makasar susah sekali dapat driver gofood klo misalnya gak ada jgn di persulit buat ngebatalin anj,negatif,makasar sulit sekali driver gofood kalau misal tidak_ada jgn sulit ngebatalin anj
09d2fc32-c47f-47a7-83a5-1120c6ea1369,Layla Dzikra,1,2026-09-08 02:26:22,"udah dapet gopay coin dari geam bolak balok 20k tapi malah malah aplikasinya eror udah mah cape cape mainnya eh malah keluar sendiri, pas masuk lagi coinnya gak bertambah parah sekali. kalau gak mau memberi hadiah jangan di adain aja geam geam ny",negatif,dapet gopay coin geam bolak balok malah malah aplikasi error mah lelah lelah main eh malah keluar sendiri pas masuk coinnya tidak_tambah parah sekali kalau tidak_mau beri hadiah jangan_di adain geam geam ny
6db9c517-a94c-41d7-9d4e-bc94c9c6fa9d,alfxrev (For LF_Rvlt),1,2026-08-16 13:28:46,"makanan telat hampir sejam gara"" driver sesuka hati cancel pesanan baru cuma di kasih kompensasi 6 ribu kocak"" ...",negatif,makan telat hampir jam gara driver suka hati cancel pesan baru cuma kasih kompensasi ribu kocak
e1a85a60-77f7-41f0-b1dc-16c500473d8b,Sangu An,1,2026-09-09 16:46:12,pesen gofood pengiriman hemat nunggu 2 jam akhirnya di batalin sistem .maksudnya gmn sih bikin kapok sumpah perasaan di sebelah hemat juga ga gini gini amat inimah keterlaluan kaya ngerjain,negatif,sen gofood kirim hemat nunggu jam akhir batalin sistem maksud gmn bikin kapok sumpah asa belah hemat tidak_gin gin inimah terlalu kaya ngerjain
160441b5-cb0e-443b-8627-cfe945355684,Niel Harefa,1,2026-09-06 19:50:47,"lama bet nyati driver gofoodnya, udah 3 kali diulang pesan tetap aja gak ada",negatif,lama bet nyati driver gofoodnya kali ulang pesan tetap tidak_ada
8b9fc3a1-845e-41e2-947b-e73c1f6e46c1,Sri Wahyuni,1,2026-09-11 14:07:22,"sumpah gua kecewa bngt sama aplikasi dan pihak manajement gojek , sya pesan makanan dan ada pilihan ongkir murah, saya cb ambl ongkir murah. malah 1 jam lbh tdk dpat driver jadi mknan tdk sampai², giliran saya batalin dan pesan ulang dan pilih prioritas (lbh mhl) malah hanya beberapa menit langsng dapat driver. sorry sy kasih bintang 1 baru kali ini syaa kecewa padahal suka berlangganan di gojek baik makanan atau pun yang lain",negatif,sumpah gua kecewa banget sama aplikasi pihak manajement gojek sya pesan makan pilih ongkir murah cb ambl ongkir murah malah jam lbh tidak_dpat driver jadi mknan tidak_sampai gilir batalin pesan ulang pilih prioritas lbh mhl malah beberapa menit langsng driver sorry kasih bintang baru kali syaa kecewa padahal suka langgan gojek baik makan
5e5b2e21-43da-456d-bbec-7b98ba7799f1,Dakota McBride,1,2026-08-21 19:43:22,uda bayar pke gopay eh drivernya mnta bayar di apk drivernya juga bayarnya jdi tunai gmna sih jdi bayar 2 kali,negatif,uda bayar pke gopay eh drivernya mnta bayar aplikasi drivernya bayar jadi tunai gmna jadi bayar kali
21fc4d86-6b4b-4836-b1ac-a91908f25bfc,Rosina Landom,1,2026-08-20 18:37:22,lama proses nya,negatif,lama proses
2956a26c-b2e7-4844-990e-838f22a097cf,dian indriana,1,2026-09-09 21:03:52,"sudah nunggu lama ,gak dapat driver. promo zonk. mengecewakan hapus saja aplikasi buruk",negatif,nunggu lama tidak_dapat driver promo zonk kecewa hapus aplikasi buruk
17d65337-c9e2-4640-9159-6a4d7b189495,Radin Ka,1,2026-08-22 16:40:06,"Driver gojek motor, nyetir nya ngebut.. ada jalan berbatu malah ngebut terus.. driver tidak sopan, tidak menurunkan saya di tempat seharusnya karena alasan yang tidak jelas, membentak saya padahal saya sudah ngalah buat turun, ga bagus banget ini aplikasi.. gk jls. Masa mitra juara gojek tapi sikapnya ngegas..",negatif,driver gojek motor nyetir ngebut jalan batu malah ngebut terus driver tidak_sopan tidak_turun tempat alas tidak_jelas bentak padahal ngalah turun tidak_bagus banget aplikasi tidak_jls masa mitra juara gojek sikap ngegas
32d51bf0-f1e6-4ea1-ab55-35ae4a1163db,joni suganda,1,2026-08-15 11:42:17,kenapasaya susah login katanya koneksi internet saya terputus pdhal saya pakai wifi saya buka tiktok dan Instagram WhatsApp masih bisa malahan sambil telp by WhatsApp Masi bisa kenapa buak gojek kendala di koneksi? tolong ini gimna,negatif,kenapasaya sulit login kata koneksi internet putus pdhal pakai wifi buka tiktok instagram whatsapp malah telp by whatsapp mas buak gojek kendala koneksi gimna
858ed74e-6a01-48e8-b151-71786c3438c8,Riansyah Saputra (CA1RST),1,2026-09-03 03:35:39,intinya kecewa. goodbye,negatif,inti kecewa goodbye
5365ec5c-308f-4b9a-84e0-fcd4010790b8,Ressy Rahmawati,2,2026-09-14 03:57:44,"sudah beberapa kali pesan makanan di aplikasi gojek, lama banget dapat drivernya. Padahal cuaca lagi bagus, jarak dari rumah ke resto pun ga terlalu jauh. Bahkan sudah 2 jam lebih belum nemu drivernya. Tapi gabisa dibatalin, Minimal kasih kepastian biar customer ga lama nunggu.",negatif,beberapa kali pesan makan aplikasi gojek lama banget drivernya padahal cuaca bagus jarak rumah resto tidak_terlalu jauh bahkan jam lebih belum_nemu drivernya tidak_bisa dibatalin minimal kasih pasti biar customer tidak_lama nunggu
94da6682-cfdd-4d12-bfbc-13c2698338e7,britama prima,1,2026-09-11 11:35:34,aplikasi yg slalu menolak banyak orderan,negatif,aplikasi slalu tolak banyak order
a4fc239d-2a4a-4e63-b466-d3660dbb0c18,Aldi Malau,1,2026-08-10 06:55:47,"maaf saya beri bintang 1, saya udah rugi 2x pakai aplikasi ini. saya pesen tp cari driver gk dapat2 trs pesan lg tp gk dapat juga, tiba2 sudah ada 2 driver yg nunggu di depan rumah",negatif,maaf beri bintang rugi pakai aplikasi sen cari driver tidak_dapat terus pesan tidak_dapat tiba driver nunggu depan rumah
ece41b70-41d9-41c1-ab0f-35085d34af08,jahraa,2,2026-09-07 20:57:52,"susah dpt driver kl gofood smpe restonya tutup, mana ndbisa di cancel",negatif,sulit dpt driver kalau gofood smpe restonya tutup mana ndbisa cancel
d1b858e6-3857-4980-b5c2-9b5f57482542,angeline,1,2026-08-19 19:13:01,udah nungguin sejam makanan dateng tiba tiba seenak jidat dibatalin cuma karena ga dapet driver gajelas banget anjir ga mungkin bgt gaada driver. kalo pun emg gaada driver jangan nunggu sejam dong baru dibatalkan orderannya mana gaada notifikasinya. kecewa banget pokonya gajelas banget. gaakan pake gojek lagi.,negatif,nungguin jam makan dateng tiba tiba enak jidat dibatalin cuma tidak_dapet driver gajelas banget anjir tidak_mungkin banget gaada driver kalau emg gaada driver jangan_nunggu jam baru batal order mana gaada notifikasi kecewa banget poko gajelas banget gaakan pake gojek
2098e1b3-e18c-4fa4-8c79-83f62cc103ad,Putri Sari Agustini,1,2026-08-30 14:24:28,gofood uda nunggu lama eh di batalin gadapat drivernya. sulit bngt yaa,negatif,gofood uda nunggu lama eh batalin gadapat drivernya sulit banget yaa
856ae3da-1e2c-40ba-8512-b7859415a339,Erwin Dianto,1,2026-08-23 18:14:26,"kasi deskripsi lebih banyak pls kalo driver lgi rame, waktu kebuang g jelas nunggu UI yang vague bgt, SLA nya gimana sih mending hapus aja opsi delivery makanan yang murah gausah malu2",negatif,kasi deskripsi lebih banyak pls kalau driver rame waktu buang jelas nunggu ui vague banget sla gimana mending hapus opsi delivery makan murah gausah malu
372c5869-554b-41ca-82ae-3cb75a526441,Isma Nurhasanah,1,2026-08-12 20:48:48,banyak driver yg bawa kabur makanan. penyelesaian juga aneh saldo tidak kembali.,negatif,banyak driver bawa kabur makan selesai aneh saldo tidak_kembali
aa57971c-3a8f-4fde-ab8b-d05fbab3502a,Rina aldi,2,2026-08-18 08:11:40,Gimana ni Go-Jek driver mapsnya ngak muncul versi terbaru 1.132.2. jadi pusing nyamperin consumer yg sy ngak paham wilayahnya,negatif,gimana ni go jek driver mapsnya ngak muncul versi baru jadi pusing nyamperin consumer ngak paham wilayah
fd0fc85a-c8da-4b6e-bc61-8a5e81c41c6e,Del,1,2026-09-03 08:35:49,pengalaman memakai sistem gopaylater kurang memuaskan,negatif,alam pakai sistem gopaylater kurang_muas
f8c304b7-a39e-464e-ae94-fc3fb7efd574,Mirantika Tika,2,2026-09-05 15:30:51,"kecewaa skrg gojek klo pesen gofood jd lama ,menjengkel kan ,, driver so sibuk, skrang tuh terlalu banyak alasan ,,perbaiki lagii seperti dulu lah,org udh kelaperan masa iya nunggu 3 jam .. menyebalkan",negatif,kecewaa sekarang gojek kalau sen gofood jadi lama jengkel kan driver so sibuk skrang tuh terlalu banyak alas baik lagi dulu orang kelaperan masa iya nunggu jam sebal
e7ff0340-cda1-4f5d-ac07-b18f3f8428da,Mutiara Fauzia,1,2026-09-07 15:51:12,selalu diminta dana lebih dan pesanan selalu terlambat,negatif,selalu minta dana lebih pesan selalu lambat
ecbf5d75-d016-4998-bf3b-008063751b31,saidi akasah,1,2026-09-05 21:16:54,pelayanan buruk. .,negatif,layan buruk
7bbfbdff-d03c-4052-9fab-e1b07414f0cb,Muhammad Rezky,1,2026-09-11 15:12:45,"SUMPAH INI APLIKASI BIKIN EMOSI PESEN MAKAN TAPI GOJEK NYA SELALU GK NGAMBIL MAKANAN NYA , BIKIN EMOSI LAMA LAMA KALO SEKIRA NYA CANCEL , CANCEL AJA GAK USAH SOSOAN TERIMA ORDERAN!!! HAPUS AJA INI APLIKASI DARI APP",negatif,sumpah aplikasi bikin emosi sen makan gojek selalu tidak_ngambil makan bikin emosi lama lama kalau sekira cancel cancel tidak_usah sosoan terima order hapus aplikasi aplikasi
568c89ba-fd8f-4187-9269-1e9f950b33dd,Rivaldo Simanungkalit,1,2026-08-18 22:00:24,"sangat buruk, driver sudah dekat tapi di telfon ga di jawab kalau ga butuh ga bakal saya pesan",negatif,sangat buruk driver dekat telfon tidak_di jawab kalau tidak_butuh tidak_bakal pesan
7929ef25-9f94-4a6e-8d02-84d57b8f63a9,Chandra Dhidhoe,1,2026-09-04 19:14:38,"gamenya dari gojek transport dan gopay transfer bermasalah tidak bisa mendapatlan gopay coin, sudah memunggu selama 4 hari tidak ada kejelasan sama sekali. penanganannya sangat tiidak memuaskan dan tidak ada kriteria untuk game error dari halaman bantuan..",negatif,gamenya gojek transport gopay transfer masalah tidak_bisa mendapatlan gopay coin munggu lama hari tidak_ada jelas sama sekali tangan sangat tiidak muas tidak_ada kriteria game error halaman bantu
c5881fd3-ff4d-42e7-a74c-537596982d30,BOT Oced,2,2026-09-01 18:51:14,jika butuh driver dalam jarak dekat selalu susah dan jarang ada yang mau,negatif,butuh driver jarak dekat selalu sulit jarang mau
9eb8c211-3061-4c03-9fb7-ed2689c3ec47,Chocopíe,1,2026-09-03 01:07:22,"setelah di update aplikasi nya jadi bermasalah mulu, udh 3X saya mesen gojek tapi statusnya gak berubah - pesanan pertama dibatalkan setelah SEJAM LEBIH saya nunggu, saya udh curiga dari awal karena statusnya ""pesanan diterima"" gak berubah2 - pesanan yang kedua dan ketiga juga sama, bedanya saking EMOSINYA saya laporkan ke pihak gojek baru statusnya berubah ke ""makanan disiapkan"" dan ""pesanan diantar"" TAPI ITU SETELAH SAYA LAPORKAN DAN SETELAH SEJAM LEBIH SAYA NUNGGU",negatif,update aplikasi jadi masalah mulu mesen gojek status tidak_ubah pesan pertama batal jam lebih nunggu curiga awal status pesan terima tidak_ubah pesan dua tiga sama beda saking emosi lapor pihak gojek baru status ubah makan siap pesan antar lapor jam lebih nunggu
25555c30-e323-497e-90c3-c76d40ee76ad,Nevin,1,2026-09-03 20:19:06,"udah nunggu 1 setengah jam, udah tau gada driver masih ttp disuruh nunggu keburu mati kelaperan, maksimal 30 menit kem biar bisa ganti aplikasi, niat ngebunh orang apa",negatif,nunggu tengah jam tau gada driver ttp suruh nunggu keburu mati kelaperan maksimal menit kem biar ganti aplikasi niat ngebunh orang apa
fd1ada01-dde5-4610-b645-377800904812,Gibran Rafif,1,2026-08-24 22:16:00,"pake hemat driver nya bs lebih dr 2km mending ilangin hemat klo nyusahin konsumen kt pilih krn ada fitur nya tp jgn gila dong masa iya driver nya lebih dr 1 km,maximal kyk grab dong 500m payah",negatif,pake hemat driver lebih km mending ilangin hemat kalau nyusahin konsumen kt pilih fitur jgn gila masa iya driver lebih km maximal kyk grab payah
b348f5e9-e0d8-464d-b079-a43d0a0ff63c,Mayor Logay22,1,2026-09-11 00:00:25,lamaaa dapet driver gila,negatif,lama dapet driver gila
a4ca18b4-0968-4276-a74d-1e56195b5c57,Che Chemex,1,2026-08-15 23:07:24,"langganan gojek plus malah gk ada prioritas, makin lelet,",negatif,langgan gojek plus malah tidak_ada prioritas makin lambat
69fad8b1-ae80-4c55-937e-6bd10b5025d9,PP LANANG,1,2026-08-12 18:50:25,gua coba ngirim barang mnggunakan go send dan gua udah lama nunggunya dan ojolnya pun susah di cari tolonglah lebih di permudah untuk mencari drive ojolnya,negatif,gua coba ngirim barang mnggunakan go send gua lama nunggunya ojolnya sulit cari tolong lebih mudah cari drive ojolnya
cae9df40-61e6-4547-825c-ba213d7df35c,hendra halim,1,2026-08-15 21:44:20,gofood sering telat,negatif,gofood sering telat
4fca7d16-1957-48ab-8f69-72e881c23bc7,Risma_sririsma29,1,2026-09-06 18:06:34,"susah dapat driver, resto lama konfirmasi",negatif,sulit driver resto lama konfirmasi
eaf37a99-4dc2-4b95-b736-0e744bbdea47,ratna kartika,2,2026-08-25 18:04:06,"sy setia pakai gojek krn goride ridernya sopan,lah..ini sdh 3x lg di phpin sm driver gocar,sampai 1 jam lamanya nunggu dan ngeselinnya sy order yg cepat byr lbh mahal tp atitude driver sok skali,cm perihal mslh titik jmpt sdh jelas2 lobby utama,lah dia jmpt sy di bwh tangga lobby yg jauh trs sok keras ngomongnya,asal batalin orderan lempar ke driver lain dgn tarif yg 2x lbh mahal?itu knp ya? mohon donk klo drivernya emg gak bisa dan gak jmpt cancel aja,gak ush sok gak butuh asal main ilang aja.",negatif,setia pakai gojek goride ridernya sopan phpin sama driver gocar jam lama nunggu ngeselinnya order cepat byr lbh mahal atitude driver sok skali cm perihal mslh titik jmpt jelas lobby utama jmpt bwh tangga lobby jauh terus sok keras ngomongnya asal batalin order lempar driver tarif lbh mahal knp mohon donk kalau drivernya emg tidak_bisa tidak_jmpt cancel tidak_ush sok tidak_butuh asal main ilang
6a49162d-f121-4eb7-b96e-c64b7f1d0a36,fikri Triplek,1,2026-09-03 14:31:12,kenapa harus ada notifikasi permanenn.. males bangett,negatif,notifikasi permanenn males bangett
97ddebf9-8e7e-4629-923e-9f013a60cc3d,nurul hardini,2,2026-08-23 19:18:33,"opsi pengiriman hemattt,murahhh hapus ajalah. Ga bakal ada driver yg angkut.",negatif,opsi kirim hemat murah hapus aja tidak_bakal driver angkut
fbc03682-e20e-456b-a53b-c3269f474509,Nazwa Az-Zahra,1,2026-08-22 06:34:55,tiba tiba uninstal,negatif,tiba tiba uninstal
48487f58-1dfd-41d6-bb3b-50e99af31dfb,Eko Widianto,1,2026-08-16 12:44:05,makin kesini makin parah aplikasinya....driver dimana mana tapi di peta kendaraan diam tidak bisa memantau dan jika pesan respon juga lama,negatif,makin kesini makin parah aplikasi driver mana peta kendara diam tidak_bisa pantau pesan respon lama
f5a6024b-aef0-4671-ab6f-715f12c08f3d,Windy Sovarina Surya,1,2026-09-12 09:11:25,"langganan plus ga worth it, pengiriman nyari driver luaamaaaaa, kapok pake gojek sekarang ga kek dulu lagi",negatif,langgan plus tidak_worth it kirim nyari driver luaama kapok pake gojek sekarang tidak_kek dulu
d2ae2d06-cf9c-4366-b851-9a41b0f77ab1,labqi iqbal,1,2026-09-06 09:57:22,pake nama sendiri gaada yang mau giliran saya ganti pake nama cewe baru banyak yang mau hadeh ini kerja apa nyari cewe si gw juga penumpang malahan gw selalu lebihin uang nya tapi kenapa buat cowo Susa banget dapet driver nya 😹,negatif,pake nama sendiri gaada mau gilir ganti pake nama cewe baru banyak mau hadeh kerja apa nyari cewe si tumpang malah selalu lebihin uang cowo susa banget dapet driver
3a52e2e7-0642-4a9f-946e-c3dbca561549,Alodya Bunga,2,2026-09-05 11:49:52,"mau gofood susah bgt dpt driver, udah 3 kaliam di cancel haduhh, bt dah",negatif,mau gofood sulit banget dpt driver kaliam cancel haduhh bt
efd19ad6-c372-4790-aaeb-ff2b91318748,berliana fitri,1,2026-08-27 09:58:02,"saya berlangganan gojek plus sdh hampir 2 thn tpi tiba tiba di akun saya tdk ada muncul sama sekli diskon yg biasa saya nikmati padahal baru 3 hari yang lalu saya perpjng sdh chat cs ,ig tpi tdk ada penyelsaian dari gojek , betul betul gojek bikin saya kecewa",negatif,langgan gojek plus hampir thn tiba tiba akun tidak_ada muncul sama sekli diskon biasa nikmat padahal baru hari lalu perpjng chat cs ig tidak_ada penyelsaian gojek betul betul gojek bikin kecewa
d8f9ac47-3391-49f8-8623-81305ca57f02,HUMVEE,1,2026-08-15 00:24:12,haduh udah nunggu dari jam set 11 sampe jam 00.23 belum tidur mau makan driver malah ga ada dari terus dari tadi ga bisa di batalin nanti di tinggal tidur malah dateng gimanasih,negatif,haduh nunggu jam set sampe jam belum_tidur mau makan driver malah tidak_ada terus tadi tidak_bisa batalin tinggal tidur malah dateng gimanasih
5c812357-f04f-48b6-b0c3-a011b688fd6e,Ammar,2,2026-09-11 01:16:44,"Terima Kasih 5+ tahunnya Gojek, sekarang udah tau Shopee dan Grab jauh lebih baik🙏",negatif,terima kasih tahun gojek sekarang tau shopee grab jauh lebih baik
78d03e90-3870-409f-9638-dfdc9187ff84,azr _hrp,1,2026-09-03 20:40:42,sudah hapir 2 jam saya nunggu ga dapat juga driver nya bukan sekali aja tapi berkali kali mesen disini ga pernah dapat driver,negatif,hapir jam nunggu tidak_dapat driver bukan_sekali kali kali mesen sini tidak_pernah driver
747b07d0-5bfe-47e1-ab14-ea5bc51ff391,Susanti Aja,1,2026-08-22 18:31:54,sudah nunggu 1 jam setengah masa gk ada driver yang bener udah ganti 3 driver . posisi dekat tapi malah menjauh .. kalau cansel dri pelanggan harus bayar 3rb padahal saya udah nunggu lama banget,negatif,nunggu jam tengah masa tidak_ada driver bener ganti driver posisi dekat malah jauh kalau cansel dri langgan bayar rb padahal nunggu lama banget
799d8430-3101-4bba-8b15-21536635a76e,Vidi Soepardan,1,2026-08-10 20:22:43,"menunggu 1 jam pemesanan go food tidak dapat driver dan tidak dapat di cancel dan tidak ada pemberitahuan, keburu orang kelaparan",negatif,tunggu jam mesan go food tidak_dapat driver tidak_dapat cancel tidak_ada pemberitahuan keburu orang lapar
b1e8d93e-b1e0-4a71-adbf-77946637b43d,AbduL RachmaT,1,2026-08-17 01:33:06,paya lama kalu mencari driver,negatif,paya lama kalu cari driver
e4778ba5-f4d5-41f6-a8b8-9785d0d78005,Aditya Lingga Mardika,1,2026-08-19 15:53:04,"sering tidak dapat driver untuk gofood, menunggu hampir 2 jam tanpa driver",negatif,sering tidak_dapat driver gofood tunggu hampir jam tanpa_driver
f0527416-25db-44cf-8fee-00274ce35faf,mia zumi,1,2026-09-05 02:23:16,unimstal ramai ramai ga mutu guna gojek maling semua,negatif,unimstal ramai ramai tidak_mutu gojek maling semua
c73ccc0a-a44c-4dac-b84b-656578731858,Rizky Bintara,1,2026-09-04 13:50:24,banyak penipunya ini driver kocak,negatif,banyak tipu driver kocak
962827a5-9772-4bba-8aed-d8ed00c2140e,Silvia Hutabarat,1,2026-08-10 05:31:01,"hari ini sy melakukan booking order hampir lebih dari 10 menit tidak mendapatkan driver! sy pelanggan yg lebih dari 7 tahun menggunakan aplikasi gojek!! sgt mengecewakan Krn akibatnya sy tertinggal 2 KRL pagi. saat ini aplikasi gojek semakin buruk dalam pelayanan pelanggan, terutama utk kami pelanggan yg sudah bertahun-tahun menggunakan aplikasi gojek!!",negatif,hari laku booking order hampir lebih menit tidak_dapat driver langgan lebih tahun guna aplikasi gojek sgt kecewa akibat tinggal krl pagi aplikasi gojek makin buruk layan langgan utama langgan tahun tahun guna aplikasi gojek
0eeb5440-7237-4ed6-8eb4-17e39483837d,fotoidol 123,1,2026-08-25 11:14:56,"Semua dijadiin multi, gofood juga sama digabung",negatif,semua dijadiin multi gofood sama gabung
ea6d2b55-ccec-4e39-b86b-884d60c89f42,Yaroslava,1,2026-08-21 23:50:29,"kalo iklan jangan layar miring, udah mah nggak ada tombol pencet keluar/ sengaja nyelip diantara navigasi hp.",negatif,kalau iklan jangan_layar miring mah tidak_ada tombol pencet keluar sengaja nyelip antara navigasi hp
4c2aa101-e8c1-4915-b44e-4547b2f79f94,abhii,1,2026-09-07 08:38:30,"gila ya orang mau ke rumah sakit di cancel terus sok jual mahal banget sih drivernya, 6x pesen 6x dicancel kalo mati gimana?siapa yang mau tanggung jawab?",negatif,gila orang mau rumah sakit cancel terus sok jual mahal banget drivernya sen dicancel kalau mati gimana siapa mau tanggung jawab
146646f8-cf20-4df9-a1cf-995d58a49d7e,Nopyadi Putra,1,2026-08-20 00:20:06,"Saya pelanggan lama, tapi maaf ⭐1 dulu",negatif,langgan lama maaf dulu
2016aa40-0d70-4f9e-8fae-4b011f6562a9,Ariya Anggara,1,2026-08-30 12:53:59,"apk sampah ga berguna,, mending di hapus aja,, saya pesen gofood tidak dapat driver sampai 5 persen dan 5 kli batal sampai 6 jam saya cuma mau pesan makan di apk ini,, terakhir dapat pun tidak ada,, tolong di tindak lanjuti para driver yang ada,, GrabFood lebih terbaik dan shopeefood, , terimakasih",negatif,aplikasi sampah tidak_guna mending hapus sen gofood tidak_dapat driver persen kli batal jam cuma mau pesan makan aplikasi akhir tidak_ada tindak lanjut driver grabfood lebih baik shopeefood terimakasih
c9f4fca8-936a-418d-81cc-618efa24785c,fadhilatur rahma,1,2026-08-16 23:33:43,"kesel banget!!!!!! aku udah nungguin makanan satu jam lebih 30 menit. tapi akhirnya dibatalin karena gak dapet driver. please lah, setidaknya kasih batas waktu maksimal 30 menit batal otomatis kalo gak dapet driver, jadi aku bisa pesen yg lain. ini aku udah kelaparan nungguin makanan satu jam lebih, eh akhirnya malah dibatalin sama sistem. HADEH!! INI SISTEMNYA GIMANA SIH GAK JELAS BANGET. TOLONG PERBAIKI! SANGAT MERUGIKAN!",negatif,kesel banget aku nungguin makan satu jam lebih menit akhir dibatalin tidak_dapet driver please kasih batas waktu maksimal menit batal otomatis kalau tidak_dapet driver jadi aku sen aku lapar nungguin makan satu jam lebih eh akhir malah dibatalin sama sistem hadeh sistem gimana tidak_jelas banget baik sangat rugi
d28d37c7-a752-4b22-84ac-c09e870eb4bf,Rohan Kumar,1,2026-08-15 01:17:49,pesan makanan sangat lama mendapatkan driver di aplikasi tersebut,negatif,pesan makan sangat lama dapat driver aplikasi sebut
ee57fd11-5c6f-4ede-a58e-0ddfa1a8a8ec,Zahra Realme,1,2026-08-15 02:03:37,driver food pada susah nerima,negatif,driver food sulit nerima
921badba-e758-4685-9537-1194ee41be1a,angga bayu,1,2026-08-22 14:24:01,"Ongkir gofood terlalu mahal, 2-3 KM ongkir paling murah 21 rebu hmm",negatif,ongkir gofood terlalu mahal km ongkir paling murah rebu hmm
3d5f7d69-7186-4173-8352-b899741d8539,Raditya putra wijaya,1,2026-08-18 19:24:35,saya pesen gofood pake vocer ongkir murah dah 2 kali driver gk ada yang ngambil. giliran gk pake vocer ongkir murah cepet ada yang ambil trs buat apa ada VOCER ONGKIR MURAH?,negatif,sen gofood pake vocer ongkir murah kali driver tidak_ada ngambil gilir tidak_pake vocer ongkir murah cepet ambil terus apa vocer ongkir murah
1ffaeea5-a50e-4437-8abf-8b8195d065f3,Gendhis Anindhita,2,2026-09-10 16:33:23,"parah gojek skrg kalo pesen makan, smpe 1 jam setengah blm diambil jugaa, pantes skrg ada opsi pembatalan, makin kesini makin jelek pelayanannya",negatif,parah gojek sekarang kalau sen makan smpe jam tengah belum_ambil jugaa pantes sekarang opsi batal makin kesini makin buruk layan
722d40b5-ac3e-4bcb-9206-0d4f8b017e56,Lvyona Lunara,1,2026-09-07 19:45:21,butuh perbaikan 😏,negatif,butuh baik
fa1d199f-5859-4813-8ecd-8d143307e667,Melvin Ariesta,1,2026-08-11 12:18:57,"tidak responsif, sudah buat laporan tapi tidak ditanggapi kembali, hanya template jawaban doang..",negatif,tidak_responsif lapor tidak_tanggap template jawab doang
2b4690e7-2cc9-42b5-a806-d83e593c80ed,Kenzie Muhammad Rizieq,1,2026-08-16 22:39:29,pesen makan 2kali gaada direspon,negatif,sen makan kali gaada direspon
f4b8beef-ad6a-47dd-af34-2f5a6d8730fc,anisah hana,1,2026-09-07 17:21:07,"terkhusus driver² mobil gojek, sepeda motor pengalaman saya memesan gojek para drivernya byk tingkah.. di oken pesanan saya tp tdk bergerak demi mndpt coin yg gk seberapa agar costemer meng cancel orderan yg mreka ok kan. tlg d perbaiki sistem kalian pada betingkah driver gojek",negatif,khusus driver mobil gojek sepeda motor alam mes gojek drivernya byk tingkah oken pesan tidak_gerak mndpt coin tidak_berapa costemer meng cancel order mreka baik kan tlg baik sistem kalian beting driver gojek
b162bafa-8137-46dd-9658-24357fa6e548,Wildan Ahmad M,1,2026-09-01 22:31:15,"benerkenn sistemnya gojek, pesen food selalu lama bisa berjam jam",negatif,benerkenn sistem gojek sen food selalu lama jam jam
3b80dbc9-e5ee-4c36-a1f5-5c066d05b758,Dharma Halim,1,2026-09-06 14:00:52,sibuk apanya 5 kali pesan ga dapat driver hbs waktu terbuang naik asam lambung udah bubar aja mending app sebelah 10 mnit dpat driver sdh. percuma tiap hari promosi makanan murah ongkir gratis tapi ga dpat driver padahal masih pagi siang ya apa guna nya Lucu kali. KECEWA BANGET JANGN HARAP DAPAT FULL BINTANG BAHKAN ADA DRIVER AJA KU MINES SETIAP BELI GA PEDULI KECEWA BANGET SDH,negatif,sibuk apa kali pesan tidak_dapat driver hbs waktu buang naik asam lambung bubar mending aplikasi belah mnit dpat driver percuma tiap hari promosi makan murah ongkir gratis tidak_dpat driver padahal pagi siang apa lucu kali kecewa banget jangn harap full bintang bahkan driver ku mes beli tidak_peduli kecewa banget
ef092fc5-a581-4ea4-a324-aaa25b574f76,Alif Dyas,1,2026-08-19 09:09:15,"perbaiki titik lokasimu, agar saat pesan makanan titiknya tidak terbuang jauh... Masak kalah sama si oren",negatif,baik titik lokasi pesan makan titik tidak_buang jauh masak kalah sama si oren
10fb2e7b-b03b-4416-a03f-735cddc63a35,Heri purnawan,1,2026-09-01 13:47:20,aplikasi anak bangsa (t),negatif,aplikasi anak bangsa
f172deaf-bf11-4272-9694-8c3fd2fccb18,ALL-Cell á Aré,1,2026-08-15 15:18:04,"gabisa dipasang apknya, mentok 99% sampe 1 jam+",negatif,tidak_bisa pasang apknya mentok sampe jam
52f60c7f-0485-4600-9dc3-8c9ef8d1e7fd,deni rachman,1,2026-09-12 13:06:11,"kasian drivernya tabungan aja d ambil jg sm gojek,aplikasi terzholim d dunia,sampai penumpang jg d kenakan biaya🤣🤣🤣,sekarang mah terang terangan jadi maling gojek ini k penumpang dan driver,sungguh memalukan sekali",negatif,kasi drivernya tabung ambil jg sama gojek aplikasi terzholim dunia tumpang jg kena biaya sekarang mah terang terang jadi maling gojek tumpang driver sungguh malu sekali
e93b9ed1-911b-4caf-a0d7-f5d34ccd7bda,dart design,1,2026-08-28 07:20:11,"kronologi : pesen gojek jam 5.56 yg harga 9rb ditungguin gak dapat², giliran dapat malah ditolak Ama drivernya.nyari lagi dong eh aplikasinya nyuruh yg harga 14.500 oke deh, klik gak dapat² juga udah jam 06.11,eh aplikasinya nyuruh yg harga 15.500 klik lagi dong katanya super cepat dapat driver nya eh gak dapat juga tuh nyuruh klik voucher tambahan 2000 biar cepet dapat driver ya Dewi gak mau kan, akhirnya Dewi dapat tuh dijam 06.16 hrga 15.500 eh tulisannya tiba dalam 6menit waktu berubah 7me",negatif,kronologi sen gojek jam harga rb ditungguin tidak_dapat gilir malah tolak ama drivernya nyari eh aplikasi nyuruh harga baik klik tidak_dapat jam eh aplikasi nyuruh harga klik kata super cepat driver eh tidak_dapat tuh nyuruh klik voucher tambah biar cepet driver dewi tidak_mau kan akhir dewi tuh jam hrga eh tulis tiba menit waktu ubah me
0517509f-70ef-4f4c-a6e5-5d0a2fe911d7,Ahmad Damini,1,2026-09-05 09:15:34,"*sekilas info* untuk pengguna goride hemat/murah jangan kaget kalo ketika order susah dapet driver, karena sebagian driver yang main goride di kunci fitur layanan goride hemat/murah nya .karena itu order goride hemat/murah tidak masuk ke apk mereka,padahal banyak driver di sekitar saya. sudah lah tidak usah maen kunci fitur layanan sperti itu apa untung nya coba buat aplikator yang ada kami sebagai costumer malah di rugikan. apa mungkin aplikator ada maksud lain untuk dapet keuntungan.",negatif,kilas info guna goride hemat murah jangan_kaget kalau order sulit dapet driver bagi driver main goride kunci fitur layan goride hemat murah order goride hemat murah tidak_masuk aplikasi padahal banyak driver tidak_usah maen kunci fitur layan sperti apa untung coba aplikator costumer malah rugi apa mungkin aplikator maksud dapet untung
aee4a2fb-fa59-42c2-bce8-b4a679e180bf,Madi,1,2026-09-03 01:54:05,gofoodnya awikwok banget 😭,negatif,gofoodnya awikwok banget
16321b9e-7eb3-4d78-8d03-c775e88c2059,Risa Aprillia,1,2026-08-27 20:26:01,sudah 3 kali pesan tidak bergerak terus akhirnya tercancel sendiri. keterangan gocar cepat tapi slowrespon udah nambah perioritas ternyata sama. saya nunggu mencari sampai 1 jam,negatif,kali pesan tidak_gerak terus akhir tercancel sendiri terang gocar cepat slowrespon nambah perioritas nyata sama nunggu cari jam
a54c1ab3-66c1-4c07-8ef9-d930f034e757,nd,1,2026-08-18 16:22:39,sumpah nyesel bgt langganan gojek plus. awalnya enak dpet harga murah² trus cepet bgt dpet drivernya. eh lama² malah jdi susah bgt dpet driver!!! ampun dehh,negatif,sumpah nyesel banget langgan gojek plus awal enak dpet harga murah terus cepet banget dpet drivernya eh lama malah jadi sulit banget dpet driver ampun dehh
c4ff4c1c-cd62-4ee0-afaa-6646d881287d,Maulana Abdillah,1,2026-08-22 11:37:10,apliaksi lu jelek,negatif,apliaksi kamu buruk
29df7a97-8d66-4b52-a935-0d7ea595f5cd,Sartini 7,1,2026-08-29 15:52:39,"hari ini pesan gojek 15.500 sy cancel karna drivernya terlalu jauh, sy pesan ulang tarifnya jadi 20rb😭",negatif,hari pesan gojek cancel drivernya terlalu jauh pesan ulang tarif jadi rb
16a5b5b7-6cc6-4947-babc-3da4fb408416,Herman Setiawan,1,2026-09-07 18:53:17,"parah sudah bbrp kali gofood berjam2 tidak dikirim dg alasan tidak ada driver alesan mengada2, pelayanan super buruk",negatif,parah bbrp kali gofood jam tidak_kirim alas tidak_ada driver alesan ada layan super buruk
4ca8ea35-3f6a-4dee-b953-50dd05e68ee8,Laurent,1,2026-09-07 19:54:51,"susah dapet driver gofood, udah nungguin sejam, eh malah ga dapet driver mulu",negatif,sulit dapet driver gofood nungguin jam eh malah tidak_dapet driver mulu
7fe4dec3-1157-4b3e-b357-d0df4745dfe0,Fatam Atala,1,2026-08-30 11:27:27,stop muncul di iklan am gw,negatif,stop muncul iklan am
d1cf617c-55b1-4535-bf59-8f629b5ff72c,solekan 7,1,2026-08-11 21:57:50,banyak driver tak bisa baca maps,negatif,banyak driver tak baca maps
8c66850d-6b34-4d3b-ac29-6a192aaf396e,Khairunnisa Nisa,1,2026-08-19 00:09:07,"pelayanannya gabagus karna susah buat dapat driver, terlalu lama nunggu, dan ga banyak promo",negatif,layan gabagus sulit driver terlalu lama nunggu tidak_banyak promo
5b012c9f-487c-4da8-8d62-da337bcdb898,Ardi Mahendra Gunadi,1,2026-08-28 21:01:30,"makin lama makin ngeselin gak ada promo, makin mahal.",negatif,makin lama makin ngeselin tidak_ada promo makin mahal
db1cb225-6aac-4fd9-8e4d-dda5d8d04cbc,Bang Jo Channel,1,2026-09-08 12:37:58,drivernya kek babi Semua giliran promo gak di terima orderannya giliran bayar mahal pada ngantri...apalagi namanya kalo bUkan TOLOL,negatif,drivernya kek babi semua gilir promo tidak_di terima order gilir bayar mahal ngantri nama kalau bukan_tolol
28ace211-5620-4e72-984a-509e90832aa0,Shemi Shemi,1,2026-09-06 21:55:27,posisi driver yg terima dan menjalankan order selalu jarak jauh membuat proses pesanan menjadi lambat.hai aplikator kami ini pelanggan order itu bayar bukan gratisan jangan sesuka otakmu saja memberi pelayanan.nambah biaya layanan aplikasi bukan malah bener tapi kok malah bobrok.,negatif,posisi driver terima jalan order selalu jarak jauh buat proses pesan jadi lambat hai aplikator langgan order bayar bukan_gratis jangan_suka otak beri layan nambah biaya layan aplikasi bukan_malah bener malah bobrok
43f58388-4f6d-4da4-9aa8-093005dce911,Maura Putri Chantika 019,1,2026-09-06 18:59:52,"tingkatkan lagi pelayanan untuk gofood, udah nunggu berjam jam di batalin otomatis sama pihak gojeknya dengan alasan driver sedang ramai. GA MASUK AKAL BANGET!!!!",negatif,tingkat layan gofood nunggu jam jam batalin otomatis sama pihak gojek alas driver sedang ramai tidak_masuk akal banget
2cb4ccd2-0aef-40fb-aaeb-c4836354bf05,zeena va,1,2026-08-17 06:12:50,kelamaan nyari harus nunggu sejam dulu ato 2 jam baru dapak aplikasi ampas,negatif,lama nyari nunggu jam dulu ato jam baru dapak aplikasi ampas
501ec894-68b1-45cb-9336-c8e67a6cd153,Let It Be,1,2026-09-12 23:59:20,ngebug anjing GK bisa login misi,negatif,ngebug anjing tidak_bisa login misi
795074ed-096c-4283-a038-a537da9a3a65,Aang Virgoun,1,2026-08-13 18:00:32,"driver makin pada belagu , nunggu sampe 30 menit gak gerak2 ,di sosmed pada ngeluh orderan sepi padahal emang pada males aja mental orang miskin",negatif,driver makin belagu nunggu sampe menit tidak_gerak sosmed ngeluh order sepi padahal emang males mental orang miskin
1cb0b6bf-f3f1-4a81-8b6e-320388866d19,Zavir Attafiz,1,2026-08-11 23:27:25,aplikasi... ga ada otak.. kebanyakan bot,negatif,aplikasi tidak_ada otak banyak bot
7b8e1e72-735d-489f-a5fd-99d9dfe40b05,Maulana Nabhan,1,2026-08-23 23:26:16,"nunggu go food lama bgt, udh nunggu lama malah di cancel sama gojek. tau gitu mending makan depan rumah",negatif,nunggu go food lama banget nunggu lama malah cancel sama gojek tau gitu mending makan depan rumah
9d4afaab-de7c-4fa9-a6c5-e1fa813e6b7a,Umi Larici Pinayomi,2,2026-08-23 14:30:33,"ini yang bermasalah mapsnya atau apa sih, hari ini 2 kali saya membatalkan gocar. yang pertama p3ngemudi tidak jalan dan tidak menjawab chat. yang kedua karena pengemudi minta pembatalan karena masih makan",negatif,masalah mapsnya apa hari kali batal gocar pertama ngemudi tidak_jalan tidak_jawab chat dua kemudi minta batal makan
87031d96-0ad5-44f1-aa42-e6e89cd8e031,Ina Karina,1,2026-08-25 04:12:16,"dikasih limit 200k gopinjam, diajuin ditolak mulu wkwkwkww, aneh",negatif,kasih limit gopinjam diajuin tolak mulu wkwkwkww aneh
1e72305d-7d95-4928-9020-82e6cff60d1e,XimonsajaY,2,2026-08-14 15:03:09,makin hari makin pelit ni apk kasian customer,negatif,makin hari makin pelit ni aplikasi kasi customer
a8c84067-48a5-4e57-88ba-4c3f631d1121,caretaker cat,1,2026-08-30 09:16:53,sistemnya bagaimana sih? saya punya simpanan gopay ratusan ribu tapi sistemnya pilih bayar cash melulu. kadang saya yang di suruh mesenin GO-SEND sering lihat bayar pakai cash.,negatif,sistem bagaimana punya simpan gopay ratus ribu sistem pilih bayar cash melulu kadang suruh mesenin go send sering lihat bayar pakai cash
a6d67959-4370-4bb8-941e-a3de9418ea16,Ikan Goreng,1,2026-09-06 21:04:51,"driver gofood pada pemalas ga mau ambil , beda ke aplikasi lain mau ngambil pesanan",negatif,driver gofood malas tidak_mau ambil beda aplikasi mau ngambil pesan
987482db-0c07-4704-9cd7-dd18b2bbc1e9,Ana Palembang,1,2026-09-04 01:48:08,"bener bener ya gojek sekarang di beda bedain, sama yang cepet dan murah buat gofoodnya, lagi laper"" nya uang tinggal seadanya pesen gofood gaada samsek drivernya, bener bener kecewa",negatif,bener bener gojek sekarang beda bedain sama cepet murah gofoodnya laper uang tinggal ada sen gofood gaada samsek drivernya bener bener kecewa
8590cef2-3a55-4eaf-afe9-c6cdb785f3b3,Muhammad Razan Falah,1,2026-08-25 07:06:41,"saya di sini sempat memilih gocar saya lihat harganya 5k ini kan murah ya bahkan lebih murah dari goride yang 7k jadi saya coba dong, karena lebih murah. sehabis saya selesai berkendara ternyata yang di tarik 20k tolong dong benarkan kenapa harga yang tercantum tidak sesuai dengan yang di tarik gojek nya tolong jangan sampai ada kejadian kayak gini lagi dan saya tidak ikhlas duit saya 15k ilang karena eror seperti itu",negatif,sini sempat pilih gocar lihat harga kan murah bahkan lebih murah goride jadi coba lebih murah habis selesai kendara nyata tarik benar harga cantum tidak_sesuai tarik gojek jangan_sampai jadi kayak gin tidak_ikhlas duit ilang error
1d7dd0a1-4b6f-42f1-a72a-8580b20d37c4,Sri Nengsih,1,2026-08-31 22:02:42,"gojek makin bobrok pelayanannya, pesan go food driver gk bergerak sementara pesanan sudah siap dari 1 jam lalu,pihak resto sudah info ke saya, makin gk jelas pelayanannya, saya perlu ada tindakan dari pihak gojek",negatif,gojek makin bobrok layan pesan go food driver tidak_gerak pesan siap jam lalu pihak resto info makin tidak_jelas layan perlu tindak pihak gojek
8249d20f-3a52-4144-a28d-4bd09aa7b2db,diandra salva,2,2026-08-29 19:37:57,"kalo pake fitur hemat ongkir Gofood, pasti susah dapet driver. sering ujung² nya pesenan ny dibatalin karna gaada driver yang mau ambil. kalo driver pada gamau kenapa harus ada fitur itu. cape nungguin tau² nya pesenan dibatalin.",negatif,kalau pake fitur hemat ongkir gofood sulit dapet driver sering ujung sen ny dibatalin gaada driver mau ambil kalau driver gamau fitur lelah nungguin tau sen dibatalin
28559db2-724b-41de-9bb3-33fdef730347,Ikhsan Abdullah,1,2026-08-16 14:12:28,"uda nunggu sejam lebih, ga ujan, tetep ga dpt driver, tiba-tiba dicancel sama aplikasi orderannya, hapus aja tuh ongkir 1rp ngapain ada klo drivernya ga ada",negatif,uda nunggu jam lebih tidak_ujan tetep tidak_dpt driver tiba tiba dicancel sama aplikasi order hapus tuh ongkir rp ngapain kalau drivernya tidak_ada
53e55e5d-8346-4fbe-b26a-f1a48db39704,Raissa Dwinanda,1,2026-09-05 04:39:33,pelit bgt bikin iklan tapi ga ada tombol keluar? sampah tau ga iklannya tu,negatif,pelit banget bikin iklan tidak_ada tombol keluar sampah tau tidak_iklan tu
0df91981-4307-40bb-8ea0-2b2f8e0d3b6a,Muhammad Agung Jaya,1,2026-09-05 18:57:46,"lalod, pesan gosen udah 2 kali per hari ini aplikasi sangat lalof untuk mendapatkan driver padahal kota dikota ni",negatif,lalod pesan gosen kali per hari aplikasi sangat lalof dapat driver padahal kota kota ni
35109e55-77b6-4f43-bdb7-849c2c396e29,Human Never Rest,1,2026-08-25 05:39:03,"payah banget buat game game hadiahnya. game Gol Gol Gol berat banget, Laris Mawnis udh toko ke 4 malah gak bisa dibuka seminggu ini, di game Bolak Balok mereka yang bikin balok balok aneh sampe 6x6, giliran bisa dapetin lebih dari 6 baris sekaligus malah dikira cheat, terus gak dapet hadiahnya",negatif,payah banget game game hadiah game gol gol gol berat banget laris mawnis toko malah tidak_bisa buka minggu game bolak balok bikin balok balok aneh sampe gilir dapetin lebih baris sekaligus malah kira cheat terus tidak_dapet hadiah
34a5710c-72c7-4be6-babf-086db17195e4,haris bunglon,1,2026-08-11 16:24:09,Maaf ku kasih b1 karna ada pinjolnya skrg jadi aku hapus akun aja cukup meresahkan,negatif,maaf ku kasih pinjolnya sekarang jadi aku hapus akun cukup resah
b207206e-81f4-46a9-ab68-47b4a815e025,Elisabeth Mariana,1,2026-09-06 21:50:51,"UANEH DAN GAJELAS SISTEMNY, PESEN GOFOOD UDAH LUAMA LEWAT DARI ESTIMASI GA DAPET DRIVER TRUS. GA 1 ATAU 2X KAYAK GINI SERING MALAHAN, SANGAT MENGECEWAKAN. GA USAH BUAT PROMO AJA SEKALIAN KLO GA ADA DRIVER YANG MAU AMBIL UDAH COBA BERKALI"" TETEP SAMA UDAH DAPET DRIVER ILANG LAGI DRIVERNYA",negatif,uaneh gajelas sistemny sen gofood luama lewat estimasi tidak_dapet driver terus tidak_atau kayak gin sering malah sangat kecewa tidak_usah promo sekali kalau tidak_ada driver mau ambil coba kali tetep sama dapet driver ilang drivernya
626908a7-c926-4e90-a8d9-5d2321c4b7f5,Ariefianto Sofian (Arief),2,2026-09-04 05:11:38,"Apakah memang bgini y sdh hampir 4'hari berturut-turut hnya tuk pembaruan aplikasi GO-JEK ⁉️ Tidak Whortit lah seperti itu, IT nya lol atau bagaimana y‼️⁉️ Terimakasih smoga saran 1'bln cukup tuk pembaharuan aplikasi GO-JEK 🙏🏻",negatif,memang bgini hampir hari turut turut hnya tuk baru aplikasi go jek tidak_whortit it lol bagaimana terimakasih smoga saran bln cukup tuk baharu aplikasi go jek
2a9e3b84-caa6-45eb-baca-f02744ad0e5a,Asmia Hanifah,1,2026-09-06 23:45:32,TIDAKK REKOMEND!!!! UDA NUNGGU 1JAM LEBIHHH TB2 DI BATALKANNN DGN ALASAN YGG MSUK AKALLL...... SY PESEN Y KRNAAA LAPERRR KNP D BTL IN UDA NUNGGGUUUU LOHHHH............. gausa bntg ini satu cm buat pjgn biar bisa repostt ajah! uda uninstal g brfunsi jg klo laper tb2,negatif,tidakk rekomend uda nunggu jam lebih tb batal alas ygg msuk akal sen krna laper knp btl in uda nungu gausa bntg satu cm pjgn biar repostt ajah uda uninstal brfunsi jg kalau laper tb
f4071232-85fb-4008-a5af-2bad0776a9d9,Al One Music,1,2026-08-18 10:49:25,DRIVER SAMA CS SAMA SAMA MALING! MAKANAN DI BAWA SAMA DRIVER NYA MENTANG MENTANG UDAH BAYAR PAKAI GOPAY! NGELAPOR DI RESPON NYA CUMA NUNGGU NUNGGU TAPI GA ADA SOLUSI!,negatif,driver sama cs sama sama maling makan bawa sama driver mentang mentang bayar pakai gopay ngelapor respon cuma nunggu nunggu tidak_ada solusi
7a588eae-d338-4601-a0ce-330d18ebdf4b,vinsmoke,1,2026-09-12 16:49:39,"Akhir-akhir ini lagi susah banget dapet driver di gofood dan selalu saja di undur untuk estimasi diterimanya, heran saya, gunanya ada estimasi pengiriman apa kalau pada akhirnya di undur terus? Tolong di perbaiki",negatif,akhir akhir sulit banget dapet driver gofood selalu undur estimasi terima heran guna estimasi kirim apa kalau akhir undur terus baik
5a1f4b0f-604e-487d-a742-c67d63b35294,Aneska Velvet,1,2026-09-11 16:21:23,"tolong buat gojek tanpa perlu pakai sales udah yg pakai, bersaing lah sehat. saya sebagai pengguna gojek kecewa tak perlu salespun udah menang dari maxride dan Maxim . bersainglah dengan sehat",negatif,gojek tanpa_perlu pakai sales pakai saing sehat guna gojek kecewa tak perlu salespun menang maxride maxim saing sehat
6ffa81ef-7b78-4474-b749-bdcec6395fe1,wulan amaliyah,1,2026-08-27 14:09:47,sudah nunggu 1 jam buat pesen makan. tapi tiba2 di cancel dan disuruh order lagi. parah banget. tolong di perbaiki kalau driver sibuk Carikan yang lain. sia2 waktu jam makan siang nya.,negatif,nunggu jam sen makan tiba cancel suruh order parah banget baik kalau driver sibuk cari sia waktu jam makan siang
0d90a5b3-3685-4fcc-bcc1-9f404a09de68,Farra Salfa Mufida,2,2026-08-18 15:17:44,DAPET DRIVERNYA LAMAAAA,negatif,dapet drivernya lama
963141dd-1e58-4782-bd59-8116b4ee1485,aziz matthews,1,2026-08-24 16:47:09,"kurang ajar emang, bekali kali order sampai resto baruasuk kasihan driver nya jauh jauh ngambil sampe resto baru masuk. pakai hati kalian sedikit!",negatif,kurang_ajar emang bekal kali order resto baruasuk kasihan driver jauh jauh ngambil sampe resto baru masuk pakai hati kalian sedikit
fdeac78b-c32f-4aae-85e8-6d6cd6641fbf,Nur Auni Nismara,1,2026-09-10 20:33:34,"SUSAH BANGET DAPET DRIVERR GOFOOD, PROMO GEDE TP DAPET DRIVER SUSAH....SATU JAM LEBIH KU TUNGGU, BERKALI2 LOH GA CUMA SEKALI...PADAHAL POSISI GW DI KOTA, GA YG PINGGIRAN GITU....",negatif,sulit banget dapet driverr gofood promo gede dapet driver sulit satu jam lebih ku tunggu kali tidak_cuma sekali padahal posisi kota tidak_yang pinggir gitu
87e1fd52-1471-4eb4-a408-aa466744fb6d,Mayang Sari,1,2026-09-01 17:49:27,"susah dpt driver,sering di cancel dan sulit menitikkan tempat dengan jelas",negatif,sulit dpt driver sering cancel sulit titik tempat jelas
9e3d3eb0-bb6d-4349-81e4-ba946fa11486,Noel Hutauruk,2,2026-09-08 14:15:57,"ini apk makin ga beres aja makin lama, buat sistem pengantaran murah di gofood tp udh ½ jam lebih ga dpt2 driver, juga promo ongkir 1 Rp hanyalah mitos, ujung2nya saya batalin karna terlalu lama itupun harus sekitar 35 mnt baru bisa dibatalin dan ga ada dpt kompensasi berupa voucher apapun. Dikira mau dimakan bsk kali ya",negatif,aplikasi makin tidak_beres makin lama sistem antar murah gofood jam lebih tidak_dpt driver promo ongkir rp hanya mitos ujung batalin terlalu lama itu mnt baru dibatalin tidak_ada dpt kompensasi upa voucher apa kira mau makan bsk kali
13db3033-121e-44b7-8bc6-928ae56c9f67,All Winners Corner,1,2026-08-23 16:48:13,Harga 2x lipat lebih mahal dibanding Grab,negatif,harga lipat lebih mahal banding grab
a57d4886-64c5-4c3a-a035-2fefadc0cd42,HDW Gaming,1,2026-08-29 13:17:18,"tolong dong buat driver-driver gocar yang nakal tidak mau gerak hanya diam saja diberikan pelanggaran karena saya sendiri sudah mengalaminya hari ini sekitar 4 driver gocar yang hanya diam tanpa kejelasan dan jika mau membatalkan booking malah ada tulisan akan dikenakan denda Rp.3.000 untuk menghargai waktu driver, lantas waktu bagi yang memesan tidak diberi harga sama sekali kah???",negatif,driver driver gocar nakal tidak_mau gerak diam beri langgar sendiri alam hari driver gocar diam tanpa_jelas mau batal booking malah tulis kena denda rp harga waktu driver lantas waktu mes tidak_beri harga sama sekali
b9eb0ce3-74b7-48ae-a38f-250e6c72d19b,Syifa Hasna,2,2026-08-30 14:05:33,"tolong banget.... kalo memang gaada driver yg mau ambil, jangan nyuruh kt nunggu dulu 1 jam br dikasih gau gaada driver..... buang-buang waktu tau ga, gila ya :)",negatif,banget kalau memang gaada driver mau ambil jangan_nyuruh kt nunggu dulu jam br kasih gau gaada driver buang buang waktu tau tidak_gila
944e41f4-09c4-430c-9c8c-ee0791a7a252,Arjuna faldi,2,2026-08-17 06:07:21,"Maps selalu delay, untuk membaca titik pun masih kurang tuntas semoga kedepannya diperbaiki yaaa terimakasih :)",negatif,maps selalu delay baca titik kurang_tuntas moga depan baik terimakasih
9634a7e5-9ced-479f-ad87-d02397a4111b,Jaka Pramana,2,2026-08-10 23:37:30,"tambahin opsi ubah rute , ada rute deket malah ambil yg jauh mana ongkosnya naik, hadehhh",negatif,tambahin opsi ubah rute rute deket malah ambil jauh mana ongkos naik hadeh
fffb6c39-40da-43ad-bfea-2fc399a6356f,Adam Taufik,1,2026-09-06 21:23:46,drivernya kalau nyeberang main masuk aja ga liat kanan kiri dulu,negatif,drivernya kalau nyeberang main masuk tidak_liat kanan kiri dulu
e46deed6-9cac-4a08-a8ab-a8f28c3e0ed8,Hanifah Nurusyifa,1,2026-09-06 17:10:15,"ga dpt driver gofud, parah bgt, kecewa bgt",negatif,tidak_dpt driver gofud parah banget kecewa banget
eece5038-4159-41da-9b01-baba77648fdd,Rasidi Sarudeh,1,2026-09-11 14:29:18,Hay driver kalo GK mau ambil mkn dgn jarak jauh jgn salah kan warung nya dasar anj emang ambilan nya jauh lah apa lah kalo GK mau jauh tidur aja sana jual boking mu itu ke orang luar,negatif,hay driver kalau tidak_mau ambil mkn jarak jauh jgn salah kan warung dasar anj emang ambil jauh apa kalau tidak_mau jauh tidur sana jual boking mu orang luar
fc422c27-2c9d-4ed1-8396-483caa4cda14,Chelsea Vivera,1,2026-09-06 09:52:06,"lagi sakit lemes banget pesanan malah dibatalin sepihak karena gak ada driver 😭, ini beneran gak ada kompensasi apapun kah?",negatif,sakit lemes banget pesan malah dibatalin pihak tidak_ada driver beneran tidak_ada kompensasi apa
4ad3305c-c8e1-4f2c-bf65-159d06aedbdb,Dwi Putri Mitra Rosdiana,1,2026-09-07 18:03:40,pesan gofood mode muraaahhhh tapi selalu gak dikasih driver. mending hapus aja sih mode muraahhhnya tohh kalo pun ada juga gak di bisa dipake gak pernah tuh dikasih driver nunggu spe berjam jam,negatif,pesan gofood mode murah selalu tidak_kasih driver mending hapus mode muraahnya tohh kalau tidak_di dipake tidak_pernah tuh kasih driver nunggu spe jam jam
4c7ec38b-aaaa-40c5-a996-b4355f0287a4,safina najizah,1,2026-08-17 12:43:09,"d kasih promo malah GK ada yg ambil orderannya, ngapain masih promo kalo cuma buat gaya gayaan. ngasih promo elit, tpi ngambil orderannya sulit. buat customer berharap 😒",negatif,kasih promo malah tidak_ada ambil order ngapain promo kalau cuma gaya gaya ngasih promo elit ngambil order sulit customer harap
2e2f5576-1403-4201-a1a0-26c4841aac6c,ihda nuroini,1,2026-08-14 12:47:38,"pesen gofood disini 2 jam baru nyampe, pindah resto pun sama aja. udah uninstall setahun kirain berubah baik. taunya makin buruk",negatif,sen gofood sini jam baru nyampe pindah resto sama uninstall tahun kirain ubah baik tau makin buruk
df2c71cf-b583-494d-a0af-3bfdd4abb6b0,nastya aureliya,1,2026-09-11 13:59:32,g suka sama iklan nya,negatif,suka sama iklan
74859a50-740a-46af-90a8-7cd864c2fdde,Lexy Dreegen,1,2026-08-23 01:08:24,andai bisa langsung komplen ke cs/siapapun bnyak bnget pngen saya komplen,negatif,andai langsung komplen cs siapa bnyak bnget pngen komplen
f3851a2b-b6e9-488c-8778-578fb18f27b3,Evan Xavier,1,2026-08-23 20:33:59,Promo hilang trs,negatif,promo hilang terus
7108362c-67c8-4bae-9629-ca02906db191,Arif Hidayat,1,2026-08-23 03:45:23,perbaikan system yang merugikan saya sbgai pengguna,negatif,baik system rugi sbgai guna
a69405e8-e39a-4daf-9e28-c865ae236310,Pri Hadiyanto,1,2026-09-11 14:08:33,IT tdk cerdas apl susah nyari titik jemput maupun titik antar,negatif,it tidak_cerdas apl sulit nyari titik jemput maupun titik antar
9d49c652-9b66-4298-a8e2-00e17b0f08f5,Wawan Suyatno,1,2026-08-15 16:23:44,"aplikasi gojek bukanya tambah maju,, malah tambah mundur,,",negatif,aplikasi gojek buka tambah maju malah tambah mundur
70bf79a0-e734-477c-8b56-f91079228480,Malik Al Hanif,1,2026-08-18 10:26:16,aplikasi cacat gangguan terus,negatif,aplikasi cacat ganggu terus
af4e2e5a-6efd-477e-9c7e-5d18ae3e63ef,Keyshaaa Putri,1,2026-09-09 10:40:25,tolong perbaiki. saya mesen facial wash yg per1 driver ny ngebatalin trs saya beraniin diri buat mesen lagi eh pas Dateng 2 driver . padahal pas menuju ke toko nya jg driver ke 2 saya yg duluan.. trs pas sampai barengan yang per1 kata ny dr sistem gojek ny suka ngebatalin gmn ini? saya jg rugi saya mesen harga jg ga diskon harga facial wash ny 65k.. sy g permslhin harga tp kasian ke Abang driver ke 2.. sy beli jg Krn lupa bawaaa dan keadaan sudah larut malam jam 11 dan keadaan uang saya sisa 65k,negatif,baik mesen facial wash per driver ny ngebatalin terus beraniin diri mesen eh pas dateng driver padahal pas tuju toko jg driver duluan terus pas bareng per kata ny sistem gojek ny suka ngebatalin gmn jg rugi mesen harga jg tidak_diskon harga facial wash ny permslhin harga kasi abang driver beli jg lupa bawa ada larut malam jam ada uang sisa
8856fa6c-b315-4aa8-bc60-1da70db11453,Syandi Af Ghani,2,2026-08-27 00:10:40,"Makin kesini makin susah cari driver, dari yang semula puas jadi makin malas pake aplikasi ini, so far pakai buat pesen makan kalau udah ke-maleman mau keluar, tapi makin kesini makin susah cari sriver. Jumlah driver di luar pulau Jawa (Kalimantan) banyakin jek, ini hampir tiap pesen di malam hari selalu susah cari driver food, mana nunggu pembatalannya se-jam. Mau order di aplikasi sebelah juga keburu tutup resto kalo nungguin batalan dari sini.",negatif,makin kesini makin sulit cari driver mula puas jadi makin malas pake aplikasi so far pakai sen makan kalau maleman mau keluar makin kesini makin sulit cari sriver jumlah driver luar pulau jawa kalimantan banyakin jek hampir tiap sen malam hari selalu sulit cari driver food mana nunggu batal se jam mau order aplikasi belah keburu tutup resto kalau nungguin batal sini
87fc68a4-1a9c-4a3a-a5e0-21dc7aded815,Aries Widyantoro,1,2026-09-08 04:48:35,"Aplikasi ga jelas driver pilih pilih ambil penumpang, padahal udh mesen pake prioritas juga sekalinya dpt dicancel mulu gaje",negatif,aplikasi tidak_jelas driver pilih pilih ambil tumpang padahal mesen pake prioritas sekali dpt dicancel mulu gaje
b4730545-3823-4da5-bdb3-31b9550812de,Muhammad Hafiz Muizzuddin,1,2026-09-06 22:23:55,tidak menjangkau seluruh Indonesia,negatif,tidak_jangkau seluruh indonesia
58a35d97-59b8-4b15-91d8-c48337987ea2,Nabila Kryy,1,2026-09-05 02:49:32,"bisa""nya g dpt driver pas lagi laper""nya sampe 80menit",negatif,dpt driver pas laper sampe menit
d601fc1d-1889-4613-a80f-0a4a59784a3a,Hana Rahma Dania_466,1,2026-09-05 15:34:08,kenapa sih skrg gojek jelek bgt susah buat dapet driver pas pesen makanan??,negatif,sekarang gojek buruk banget sulit dapet driver pas sen makan
42cf59de-381c-4785-9081-9b1a1dfd3702,Hasna Amalina,1,2026-09-06 22:14:00,"Gak jelas fitur gofoodnya. Udah nunggu pesenan sejam, masih aja telat. Itu pun gak ketemu terus drivernya. Estimasi ada buat pajangan doang? Portal komplek keburu ditutup. Gerbang kosan juga. Waste of time banget. Kalau emang sekiranya ga bakal ada sama sekali bilang aja biar orang ambil opsi lain. Jadinya kan, makan ga dapet, buang-buang waktu juga. Kalau nunggu, mau berapa lama? Gak bakal bisa diambil juga makanannya kalau gerbang-gerbang udah dikunci semua. CS nya juga ga membantu.",negatif,tidak_jelas fitur gofoodnya nunggu sen jam telat tidak_ketemu terus drivernya estimasi pajang doang portal komplek keburu tutup gerbang kosan waste of time banget kalau emang sekira tidak_bakal sama sekali bilang biar orang ambil opsi jadi kan makan tidak_dapet buang buang waktu kalau nunggu mau berapa lama tidak_bakal ambil makan kalau gerbang gerbang kunci semua cs tidak_bantu
762ceb7f-0860-46f1-907a-9a360215bfaf,moon shadow,1,2026-09-01 16:22:54,voucher ongkir dan food ga bisa dipake bersamaan mending shopee,negatif,voucher ongkir food tidak_bisa dipake sama mending shopee
7a5647c3-dff0-48f8-85e2-7f63caaf5bcd,Dede Supriatna,1,2026-09-03 15:47:24,"banyak masalah, memuakan!!!!",negatif,banyak masalah mua
a62ff749-79e2-4ea9-8dfd-8148757713db,Naufal Imtiyaz,1,2026-08-29 15:02:07,order gofood udah nunggu 1 jam 30 menit malah dibatalin,negatif,order gofood nunggu jam menit malah dibatalin
b9be910c-223b-42f5-ab50-255b510b9313,Ilham Abadi,1,2026-09-02 21:55:07,mau hubungi CS susahnya seperti hub presiden. blok...,negatif,mau hubung cs susah hub presiden blok
fb10f369-206e-4f8e-9c5d-5dae61a1f7b4,Afifannisa Lubis,1,2026-08-12 18:45:26,Lebih baik tidak usah pakai opsi pengantaran murah daripada customer sudah nunggu berjam-jam tapi driver gak ada yg bisa jemput. malah disuruh batalin biar rating driver/resto tidak jelek.,negatif,lebih baik tidak_usah pakai opsi antar murah customer nunggu jam jam driver tidak_ada jemput malah suruh batalin biar rating driver resto tidak_buruk
c55cb28c-82c4-4c91-a3e5-21e29d1ed4cb,Andreas Yodeswa,1,2026-08-20 19:05:04,mau untung gede....ga bayar lebih ga di anter cepat.,negatif,mau untung gede tidak_bayar lebih tidak_di anter cepat
e476a1bf-58a6-42a4-bb49-6738b5f0cb66,Noob King wakanda,1,2026-09-01 06:12:21,pencarian driver sangat lama,negatif,cari driver sangat lama
2b5c3f7b-76ab-4f5d-bd13-6772472bd66d,Syair Kelana,1,2026-08-24 03:15:54,babi order makanan ada 2x dibatalin terus karena gaada driver udah nunggu 2 jam lebih lagi,negatif,babi order makan dibatalin terus gaada driver nunggu jam lebih
e8f8bdba-8e03-4e66-a1b4-ea3a118ddef5,Bre Baroes,2,2026-08-17 02:20:26,saya pertama pesan 5ribu semakin lama malah semakin mahal padahal saya ini mahasiswa universitas negeri medan loh gimana sih,negatif,pertama pesan ribu makin lama malah makin mahal padahal mahasiswa universitas negeri medan gimana
f5c7ee6a-27be-4500-8dec-8ab3beeb5031,Ajil Sondach,1,2026-08-21 16:59:42,"rutenya tolong diperbaiki lagi, khususnya pake Mobil.Saya telat mulu kalo driver nya ngikutin rute dari Gojek dan tolong nih untuk layanannya setiap saya pesen gocar mereka selalu tidak jalan dan tidak ada chat apa-apa. padahal saya udah pake harga tinggi + prioritas tapi masih aja ketemu layanan Ghoib",negatif,rute baik khusus pake mobil telat mulu kalau driver ngikutin rute gojek layan sen gocar selalu tidak_jalan tidak_ada chat apa apa padahal pake harga tinggi prioritas ketemu layan ghoib
d08fe217-a979-4d4f-9dab-57439f7ab4cd,toti tito,1,2026-08-25 20:53:29,"sdh lama pakai aplikasi gojek sering di pakai pula rutin ,penawaran penawan selalu ada tapi pas ngajuin gopay later atau gopay pinjam rijek,wkwkw,kocak gak kaya aplikasi sebelah begitu mudah untuk pelanggan setia,tapi its okelah.",negatif,lama pakai aplikasi gojek sering pakai rutin tawar tawan selalu pas ngajuin gopay later gopay pinjam rijek wkwkw kocak tidak_kaya aplikasi belah mudah langgan setia its oke
c0bcb506-1070-42e8-9797-35326bbff82b,Erwin Irawan,1,2026-08-23 08:14:27,tidak bisa di download,negatif,tidak_bisa download
0cfbc4bb-fea8-489c-aa09-786f1c1275ab,Fii Faii,2,2026-08-29 11:49:46,masa gda gratis ongkir mahal lagi lelett,negatif,masa tidak_ada gratis ongkir mahal lelett
8c189b57-2bc7-4a45-90a1-bcface11104f,Maryatul Qibtiah,2,2026-09-01 13:49:30,kenapa harus ada ongkir rp.1 sih ribet,negatif,ongkir rp rumit
46d7d65a-3146-40cf-b350-ccddc9d55186,Dona Alfarensa,1,2026-09-04 15:07:12,"tolong dong untuk gofood di benerin lagi, susah banget dapet driver untuk nganternya, walaupn gak pake harga pengantar murah susah juga dapet driver nya, apalagi kalo pake pengantar harga murah malah makin susah dapet driver nya kdang sejam lebih baru dapet driver nya, pdhl saya cumn pake yang ada di sediain, kalo pake vocer mun ga ada sma skli driver yng yang mau ngambil aneh bangett sih, tolong di perbaiki lagi dongg, sangat kecewa makin sini!!!!!",negatif,gofood benerin sulit banget dapet driver nganternya walaupn tidak_pake harga antar murah sulit dapet driver kalau pake antar harga murah malah makin sulit dapet driver kdang jam lebih baru dapet driver pdhl cumn pake ain kalau pake vocer mun tidak_ada sma skli driver yng mau ngambil aneh bangett baik dongg sangat kecewa makin sini
cd464879-aa4f-4901-957b-d4d2572b7200,Nur Fitriyani Trihapsari,1,2026-08-23 17:37:05,"Pls lah, chat ke resto kalau bisa available 2 arah, bukan cuman restonya doang yang bisa ngechat kalau ada masalah. Bayangin ya, estimasi SAMPAI 17.10, tapi bahkan sampai sekarang 17.35 resto BELUM SELESAI MEMBUAT MAKANAN. Gua cuman bisa makai layanan chat CS jawaban otomatis. Pilihannya cuman 2, mau batalin pesanan/lanjut TAPI GATAU MAU NUNGGU SAMPAI KAPAN.",negatif,pls chat resto kalau available arah bukan_cuman restonya doang ngechat kalau masalah bayangin estimasi bahkan sekarang resto belum_selesai buat makan gua cuman maka layan chat cs jawab otomatis pilih cuman mau batalin pesan lanjut gatau mau nunggu kapan
ff914e07-5895-4de1-8b99-9a554729e558,Mahatma Hesa Mahendra,1,2026-08-12 17:31:56,selalu klo go food telat nya kebangetan bisa sampai setengah jam.. buat gojek berbenah deh ini saya pesan go food yg harusnya sampai.jam 17.33 sampai sekarang jam 18.00 blm sampai,negatif,selalu kalau go food telat banget tengah jam gojek benah pesan go food harus jam sekarang jam belum_sampai
ef8ec526-70a7-44f0-9f79-f56dfc7df366,nugroho satrio,1,2026-09-06 23:07:10,skrg gofood mau pesen makanan lama dan gk dibantu cepat..mana tulisan pesanan masuk.terus sampai sejam lebih dan gk bsa dicancell..,negatif,sekarang gofood mau sen makan lama tidak_bantu cepat mana tulis pesan masuk terus jam lebih tidak_bisa dicancell
2814925c-161b-4da5-a27c-360c98156f51,Mukhtar Khudori,1,2026-09-04 05:28:25,rute sll dipilihkan non tol. begitu kita minta masuk tol driver tidak mau.. setelah di edit ongkos berubah.. mending pakai aplikasi yg lain,negatif,rute sll pilih non tol minta masuk tol driver tidak_mau edit ongkos ubah mending pakai aplikasi
bf10ff47-5fb6-4672-9684-709d70cfed78,baa sooo,1,2026-08-18 22:55:46,"gojek sekarang aneh bgt, udah ditungguin lama malah tiba tiba dibatalin sendiri, mana susah bgt sekarang cari driver pdhl daerah tempat aku banyak ojol tpi ga nyantol satupun tau tau nanti setelah nungguin berjam jam dibatalin",negatif,gojek sekarang aneh banget ditungguin lama malah tiba tiba dibatalin sendiri mana sulit banget sekarang cari driver pdhl daerah tempat aku banyak ojol tidak_nyantol satu tau tau nungguin jam jam dibatalin
fdf2395b-287f-4aa9-8360-076bd06e2920,Milfy Eku,1,2026-08-30 07:30:25,"Order gofood beli ayam yang porsi jumbo tapi orderan salah malah yang kecil. kasih laporan udah foto. diminta foto lagi, lah dikira orang punya waktu lagi buat nunggu!? ya jelas dah dimakan lah,dikira orang kepepet waktu kerja ada waktu kah buat nunggu order lagi? aplikasi GAJE",negatif,order gofood beli ayam porsi jumbo order salah malah kecil kasih lapor foto minta foto kira orang punya waktu nunggu jelas makan kira orang pepet waktu kerja waktu nunggu order aplikasi gaje
2635dbb2-219d-40a0-827c-3535353a3988,Pandu Hartanto,1,2026-08-18 08:28:27,sistem nya jelek dapat yang jauh trs,negatif,sistem buruk jauh terus
f2d89adc-01af-4649-837e-bec15848d05b,Yosua Sullivan,1,2026-09-04 12:00:11,"Apk taik, alamat udh bener bgt dan dicek 2x malah nyasar kemana... Apk sampah",negatif,aplikasi taik alamat bener banget cek malah nyasar aplikasi sampah
764cf2c3-4e79-45b9-9683-316f50ea2f88,Mina S,1,2026-09-13 13:05:13,"LAMA BANGET YA ALLAH. hampir 2 jam ga dapet driver buat gofood, kataku perbaiki sistem yang jelek bgt+",negatif,lama banget allah hampir jam tidak_dapet driver gofood kata baik sistem buruk banget
7fd504c9-7fd0-4aff-bb02-ef2f724c95a1,MID WAY,1,2026-09-13 16:25:40,"aneh nih pilih jalur nya, udh jalan jauh biar jalur nya bener malah tetep lewat di jalur yg sama kayak sebelum nya, malah tambah mahal lagi, KLO bisa kasih ss ta kasih dah, bukan ""TITIK JEMPUT"", tapi ""JALUR"" yg disarankan di aplikasi nya.",negatif,aneh pilih jalur jalan jauh biar jalur bener malah tetep lewat jalur sama kayak malah tambah mahal kalau kasih ss ta kasih bukan_titik jemput jalur saran aplikasi
20f769d0-f60b-4436-b250-b193e8fbaea2,MFZ,1,2026-09-08 18:46:33,"BELI FOOD VERSI MURAAAH ITU GA BAKAL AD DRIVER YG AMBIL, INI PERMAINAN GOJEK BIAR CUST AMBIL YG JASA REGULER YG MAHAL BINTANG 1 APLIKASI BURUK",negatif,beli food versi murah tidak_bakal ad driver ambil main gojek biar cust ambil jasa reguler mahal bintang aplikasi buruk
e55623f6-7edb-4b06-aede-1e4fa2cd20fe,Muhammad Hanif Arwani,1,2026-08-28 23:58:43,"sekarang kalau mesen gofood itu susah banget dapet ojolnya, beda sama di oren lebih cepet. seharusnya lebih berbenah lagi sistemnya",negatif,sekarang kalau mesen gofood sulit banget dapet ojolnya beda sama oren lebih cepet lebih benah sistem
71f7a812-6282-4246-b962-75b9086cdb0f,Nur Rohim,1,2026-08-21 01:56:30,mau hapus akun aja ribet ini gojek. nggak jelas.,negatif,mau hapus akun rumit gojek tidak_jelas
b7b45882-c981-41ae-b2aa-f781107f5383,Muhammad Arkan,2,2026-09-11 14:52:51,Tolong. baru kali ini mengalami hal seperti ini. meskipun dari kemarin saya merasa proses pembelian memakan waktu yang begitu lama dari biasanya. Status pesanan tidak berubah. Saya sudah menghubungi CS. Tapi tidak membantu sama sekali.,negatif,baru kali alami meski kemarin rasa proses beli makan waktu lama biasa status pesan tidak_ubah hubung cs tidak_bantu sama sekali
12a28196-9bea-447e-89c1-c7716126d728,lisa catherine,1,2026-09-07 08:29:31,"gojek makin lama dipakek kok makin g bnr ya. pertama, jarak driver dgn alamat yg saya psn slalu diksh yg jaraknya jauh. kedua, pas brngkt saya psn dr tmpt A ke tmpt B, tp pas plg emng saya g naik gojek, trs 2 hr kemudian saya mau pakek gojek dr tmpt A ke tmpt C, knp bsa nyetting sendiri utk saya hrs balik dr tmpt B ke tmpt A? waktu saya mau ubh g bsa ktnya titik terlalu jauh. tlg dehh diperbaiki ya, masa saya g ada nyetting bsa nyetting sendiri, ghaib dong nih apk",negatif,gojek makin lama dipakek makin bnr pertama jarak driver alamat psn slalu diksh jarak jauh dua pas brngkt psn tmpt tmpt pas plg emng naik gojek terus hr kemudian mau pakek gojek tmpt tmpt knp nyetting sendiri hrs balik tmpt tmpt waktu mau ubh ktnya titik terlalu jauh tlg dehh baik masa nyetting nyetting sendiri ghaib aplikasi
f126da14-53c0-491e-a1ab-aeb4c4a7660d,Fionaa Onaaa46,2,2026-08-16 21:22:37,"pesan gofood di gojek , lama bgt datang ny",negatif,pesan gofood gojek lama banget datang ny
8d9440e2-4791-400b-9e20-8beda5bc1b74,Qothrul Aziz,1,2026-08-20 22:31:13,"ga ada keterangan samsek pesanan diterima atau nggak udah nunggu lamaa sampe lewatin estimasi dan ga nambah bar masak atau pengantarannya, jelek banget sumpah. pertama kali kecewa sama ni apk padahal biasanya bagus",negatif,tidak_ada terang samsek pesan terima tidak_sudah nunggu lamaa sampe lewatin estimasi tidak_nambah bar masak antar buruk banget sumpah pertama kali kecewa sama ni aplikasi padahal biasa bagus
44c53c53-1e8d-48be-b1bf-db1826d16626,Shirogane Hana,1,2026-08-31 02:32:56,"sangat kecewa sekali, menunggu 1 jam lebih dari jam 1 pagi sampai sekarang setengah 3 pagi belum ada datang pesanan dan tiba tiba pesanan di batalkan sungguh menunggu harapan palsu kah ini ? kompensasi nya apa ? sungguh kecewa jangan harap merubah rating ini",negatif,sangat kecewa sekali tunggu jam lebih jam pagi sekarang tengah pagi belum_ada datang pesan tiba tiba pesan batal sungguh tunggu harap palsu kompensasi apa sungguh kecewa jangan_harap rubah rating
9cd6a2e3-c842-4c9a-8a51-3fa62abfe4cc,Keiya Tiara,2,2026-08-12 14:22:50,bagus dan membantu tapi tolong dong diperbaiki kadang ga enak sama driver di aplikasi drivernya masih jauh eh ternyata udah dari tadi tolong ya gojek di perbaiki,negatif,bagus bantu baik kadang tidak_enak sama driver aplikasi drivernya jauh eh nyata tadi gojek baik
c284ff10-7655-41a1-833e-74ea0ee5fa96,Fadhlillah Fadhlan,1,2026-08-16 17:49:02,"Susah nyari driver, palayanan juga buruk",negatif,sulit nyari driver palayanan buruk
76f007e1-ea47-49d8-b65f-b0a6de38bba6,Rangga Purinawan S,1,2026-08-10 07:01:49,susah banget nyari driver,negatif,sulit banget nyari driver
52783c5f-2cc2-4083-9cc8-1bd1747a6b1a,Ferintaaa,1,2026-08-30 12:30:16,"percuma ada fitur pengiriman hemat di layanan go-food, tp ga berguna. susah dapet driver, mending hapus aja fitur hematnya.",negatif,percuma fitur kirim hemat layan go food tidak_guna sulit dapet driver mending hapus fitur hemat
76618254-8843-4c0f-96e2-8387a4ad3f15,fadhiel himam,1,2026-09-14 09:01:18,drivernya parah semua,negatif,drivernya parah semua
afe95175-b86b-409c-8094-1ae89f660227,Sahyudiakbar Alamsyah,1,2026-09-11 22:36:46,sesusah apa sih pesan gofood nunggu 2 jam gak dapat dapat padahal masih jam 8malam saya pesan dengan alasan driver sibuk,negatif,susah apa pesan gofood nunggu jam tidak_dapat padahal jam malam pesan alas driver sibuk
49200bce-dba1-441b-948f-6b6325d1d7d5,Samuel Santoso,1,2026-08-28 07:29:22,"Niat punya driver becus g sih? dapat driver maknan sulit ok tp pas sekalinya dapat ditolak 3"" nya dan tau emang pilih murah tapi costumer juga itu lapar, paham g? udah driver ojek online malah ini makanan ditolak aneh, g niat mh g ush ada.",negatif,niat punya driver becus driver maknan sulit baik pas sekali tolak tau emang pilih murah costumer lapar paham driver ojek online malah makan tolak aneh niat mh ush
f2dc2eb6-22c3-4f7a-a546-26d3dfe59cec,Muhamad Hanip Al Paruki,1,2026-08-12 16:16:11,cara hapus akun nya gimana cok,negatif,cara hapus akun gimana cok
b0a9cd9f-ad29-4f01-8ae3-6e82131458b3,Nasha Salvadila,2,2026-08-24 01:32:16,"udah nunggu 2 jam tapi dibatalin terus, mending di evaluasi aja promo ongkir 1 rp ini",negatif,nunggu jam dibatalin terus mending evaluasi promo ongkir rp
3aecf1de-28cc-4537-b922-cd09614fc222,Irawan Permana,1,2026-08-13 01:56:32,"link share power up gocats error, ngga bisa dibuka",negatif,link share power up gocats error tidak_bisa buka
e5d18692-0466-4492-a190-3744c0717503,Acha,2,2026-08-30 23:01:32,"dear admin gojek, tolong dong bilangin keseluruhan driver gojeknya jangan pernah nanyain soalnya status hubungan, karna gak semua orang nyaman ditanyain kayak gitu termasuk saya, udah 2 kali loh selama naik gojek ini saya ditanyain kek gitu, terus disama-samakan dengan mereka yang juga merasa dirinya jomblo, kek kesannya itu mengganggu privasi seseorang loh😏",negatif,dear gojek bilangin seluruh driver gojek jangan_pernah nanyain soal status hubung tidak_semua orang nyaman ditanyain kayak gitu masuk kali lama naik gojek ditanyain kek gitu terus sama sama rasa diri jomblo kek kesan ganggu privasi orang
084b23fc-9579-4927-ab5e-0e0fc62955f2,Kia,2,2026-08-22 05:39:06,"overall aku selalu ketemu driver yg ngga ramah, entah Dari Ketikannya atau attitude ny secara langsung, ik it's a bad day for you but don't drag it to others. Especially when it's a damn dawn.",negatif,overall aku selalu ketemu driver tidak_ramah entah keti attitude ny langsung ik it buruk day for you but don drag it to others especially when it damn dawn
c320957a-617f-426f-94b9-8197ad193740,22. Rahmaninda Vigneswari,2,2026-09-06 11:55:34,"pengelolaan aplikasi masih buruk, help desk tidak membantu, semoga diperbaiki",negatif,kelola aplikasi buruk help desk tidak_bantu moga baik
5994ce3d-d7a3-4d09-ba94-aa8cce3ccce4,Rama Haleng,2,2026-08-10 22:45:50,hasil ketikan di pesan tidak muncul,negatif,hasil keti pesan tidak_muncul
d1d9e0d9-e899-493c-893c-43f9ed9a3f73,Leisha Lewis,1,2026-09-04 16:56:06,"sayaa pesan sesuai alamat tapi kurirnya ubah alamat pake hp saya tanpa tanya dulu sama saya,ternyata dia ubah alamat saya seenak nyaa ,2 Kali lipat ,saya dan nada bicara kasar kepada saya dan orang tua saya ,saya yang biasanya pakai gojek karena hemat sekarang saya kecewa , saya bayar uang gojek pakai uang saya jajan saya dari sekolah gak amanah kurir nya, kalau isa oplod foto drivernya saya akan krm tapi gak bisa ,gak ada hemat gojek sekarang,makin buntung , selamat ya kurir berhasil menipu",negatif,sayaa pesan sesuai alamat kurir ubah alamat pake hp tanpa_tanya dulu sama nyata ubah alamat enak nyaa kali lipat nada bicara kasar orang tua biasa pakai gojek hemat sekarang kecewa bayar uang gojek pakai uang jajan sekolah tidak_amanah kurir kalau isa oplod foto drivernya krm tidak_bisa tidak_ada hemat gojek sekarang makin buntung selamat kurir hasil tipu
4d14fe2a-c36c-4702-8a64-5b5ed2a3cd8e,tukang pijet,1,2026-09-02 11:49:42,makin lama makin mengecewakan ini gojek yaaa.. tujuan ngga sampe 10 menit dapet driver dengan jarak 9 menit. giliran tujuan 30 menit dapet driver 2-3menit. pake gojek murah karna deket dapet driver antah brantah. ganti yg cepat malah makin jauhhhh dapet driver. yg cancel driver tapi harga di naikan sampe 10x lipat. ngotaaaakkk lahhh anjiing,negatif,makin lama makin kecewa gojek tuju tidak_sampe menit dapet driver jarak menit gilir tuju menit dapet driver menit pake gojek murah deket dapet driver antah brantah ganti cepat malah makin jauh dapet driver cancel driver harga naik sampe lipat ngotak anjiing
da80ac25-532d-4109-85de-9522f4a299fb,Dio Akhsan,1,2026-09-07 06:52:34,mesti lelet kalo cari driver harus bayar lebih Bru dpt,negatif,mesti lambat kalau cari driver bayar lebih bru dpt
cc16347c-0d09-4e5f-9217-5d61cd2973e2,Ahmad Rayhan,2,2026-09-04 22:27:03,gofood lama banget.,negatif,gofood lama banget
a0f022c9-1fd2-4f2e-a2c8-da8a2a020550,Eggi ramdan,1,2026-09-04 21:06:11,"Gimana si ini sistemnya tolong dong, nyari driver lama amat, saya pesen goofod sampai ber jam jam nyari driver ,",negatif,gimana si sistem nyari driver lama sen goofod ber jam jam nyari driver
0a0ab2d5-6bd2-4baa-b760-8b0bde790909,tika tikeu,1,2026-08-10 21:14:57,"tolong gojek diperbaiki lagi bug nya, sudah dapet driver tapi mesti statusnya ga tercantum drivernya, jadinya dapet driver apa ngga si. nunggu uda lama sampe se jam bug terus, posisi uda laper, ga jelas.",negatif,gojek baik bug dapet driver mesti status tidak_cantum drivernya jadi dapet driver apa tidak_si nunggu uda lama sampe se jam bug terus posisi uda laper tidak_jelas
4db13200-dcc8-4d70-bd40-551f8ae4b1c1,abrar pasolo,1,2026-09-06 23:41:43,udah nunggu berjam jam ga dapet dapet driver nya hdehh,negatif,nunggu jam jam tidak_dapet dapet driver hdehh
479ce23e-93f1-4b70-9c45-7600b1b50496,Ryuken_ UNY,1,2026-08-10 00:27:37,"ongkir gofood makin naik, potongan gojek plus makin ditinggikan syarat pembeliannya",negatif,ongkir gofood makin naik potong gojek plus makin tinggi syarat beli
7c1bdbff-8a75-4ee6-8642-e910d7df5ea0,Iema Inukai,1,2026-08-22 12:51:04,"kesal sekali, ketika payment yg mau di ganti dr cash ke gopay selalu bermasalah,tolong di update ulang",negatif,kesal sekali payment mau ganti cash gopay selalu masalah update ulang
66996028-c2ea-4482-943f-75c2540035db,Siti Fatonah,1,2026-09-14 06:31:02,SERING BANGET DRIVER TBTB CANCEL TANPA KABAR. EMANG AGAK LAEN GOJEK INI. KASIH PAHAM DRIVERNYA KALO MEMANG GAMAU GAUSAH DIAMBIL!!!! STRESS!!!,negatif,sering banget driver tbtb cancel tanpa_kabar emang laen gojek kasih paham drivernya kalau memang gamau gausah ambil stress
803eae3d-c699-43ce-a551-de3fda145c30,Felix Pearlando,1,2026-09-12 07:50:55,Tidak bisa memberikan rating kepada driver yang suka memainkan waktu konsumen,negatif,tidak_bisa beri rating driver suka main waktu konsumen
34c8a6c7-b20f-4120-96e4-ff55ea176df8,Ika Ayu16,1,2026-09-05 11:51:34,"masa apk gaada notif ke driver kalau ada orderan masuk. Udah nunggu hampir 30 menit an dari pemesanan, udah chat driver juga.. eh jawabannya katanya lagi offdan gatau kalau ada yang nyantol aneh banget. semoga bisa diperbaiki kedepannya. Alhasil mending apk Grab aja daripada ini. makasih buat pengalamannya",negatif,masa aplikasi gaada notif driver kalau order masuk nunggu hampir menit an mesan chat driver eh jawab kata offdan gatau kalau nyantol aneh banget moga baik depan alhasil mending aplikasi grab terima kasih alam
13e27172-cc8c-4149-b2cb-33a809a64cbb,Ri_ sal16,2,2026-08-26 08:15:20,makin hari makin aneh ini aplikasi pesen gocar driver ga jalan lemottt,negatif,makin hari makin aneh aplikasi sen gocar driver tidak_jalan lambat
f51c81ad-ca34-4654-a4a3-08363fb409f2,Bad Bud,1,2026-08-31 05:38:22,kalau ikut event wartrakcil ga bisa oper ya kalau yang lain bisa akun saya kok ga bisa di oper ya,negatif,kalau ikut event wartrakcil tidak_bisa oper kalau akun tidak_bisa oper
7503818f-4193-49f6-b228-d5f9b0b8499f,Henzo,1,2026-08-16 05:18:38,"padahal di marunda, pesen gocar drama terus, dapet selalu tidak bergerak, giliran ada yang gerak habis itu stuk tidak jelas, mengecewakan",negatif,padahal marunda sen gocar drama terus dapet selalu tidak_gerak gilir gerak habis stuk tidak_jelas kecewa
d587cea7-ee0c-4cb0-ba59-5e10e42306a9,Jawara Jawara,1,2026-08-29 10:31:19,"banyak castamer ... yang kaga menghargai dliver , dan tolong di pertimbangkan untuk PT gojek indonesia , castamer banyak yang seenaknya sendiri pakek komen"" yang kaga jelas ...kayak bocah",negatif,banyak castamer kaga harga dliver timbang pt gojek indonesia castamer banyak enak sendiri pakek komen kaga jelas kayak bocah
eb3a33b6-1b46-4447-bddd-aed1d5671a6a,Serba. campur_bos,1,2026-09-05 11:52:23,"makin nggk ngotak aplikasi ini sekarang, udah hampir 10 th saya make gojek dan baru belakangan ini ngeselin banget semenjak ada kebijakan 3000 untuk pembatalan, driver makin seenaknya, yang tadinya kita nunggu cuma 3 menit jadi 40 menit dan yang jarak awal Drive cuma sekitar 2 km jadi 13 km malah muter"" nggk jelas lokasi kita di lewatin gitu aja, hal ini saya alami yg ke 5 kali nya makanya saya buat ulasan ini, mohon di tinjau kembali hal yang seperti ini agar tdk merugikan orang bnyak, Trimksih",negatif,makin nggk ngotak aplikasi sekarang hampir th make gojek baru belakang ngeselin banget semenjak bijak batal driver makin enak tadi nunggu cuma menit jadi menit jarak awal drive cuma km jadi km malah muter nggk jelas lokasi lewatin gitu alami kali makanya ulas mohon tinjau tidak_rugi orang bnyak trimksih
cb83c9ee-66e7-483f-b390-8e897d0e23b4,Ian Maink,1,2026-08-19 07:46:12,"Bantu Driver lebih baik, kasih bintang atu",negatif,bantu driver lebih baik kasih bintang atu
5b4a8948-3a50-44d1-80fb-222af76e9bc7,Putu Vina,1,2026-08-17 11:19:05,"mahalan ongkir daripada makanannya, ga ngotak bngt harganya",negatif,mahal ongkir makan tidak_ngotak banget harga
7261e763-76d8-41e3-9b7d-1ae977103079,amanda nur Azizah,1,2026-08-31 12:45:41,gojek aneh pesan makanan tapi ga di proses dan ga dapat driver tapi di suruh nunggu satu jam setengah lebih ku hapus apk ni makin ga jelas udah tau orang lapar malah di suruh nunggu selama itu knpa ga di cancel aja klo sudah setengah jam,negatif,gojek aneh pesan makan tidak_di proses tidak_dapat driver suruh nunggu satu jam tengah lebih ku hapus aplikasi ni makin tidak_jelas tau orang lapar malah suruh nunggu lama knpa tidak_di cancel kalau tengah jam
cb1fa78d-03ba-4dd2-a057-700758c916e9,Riko Pangaribuan,1,2026-08-17 11:00:26,"sebenarnya sistem pemilihan driver di gofood itu gmn sih? saya nunggu sejam gofood dan setelah sejam baru dikabarin kalau tidak ada drivernya dan makanan dibatalkan, apa karna saya pakai yg driver hemat makanya sengaja dilama lamakan? Sementara setelah pakai driver normal malah duluan dapat drivernya baru dia menunggu di restonya. Okelah paket murah lebih lama, tapi masalahnya pemberitahuan bahwa driver ga ada itu terlalu lama, sehingga wkt yg terbuang sangat byk.",negatif,benar sistem pilih driver gofood gmn nunggu jam gofood jam baru dikabarin kalau tidak_ada drivernya makan batal apa pakai driver hemat makanya sengaja lama lama pakai driver normal malah duluan drivernya baru tunggu restonya oke paket murah lebih lama masalah pemberitahuan driver tidak_ada terlalu lama wkt buang sangat byk
4d431354-9d68-4d2d-a44d-7f32e26670b2,Fanan Ahmad,1,2026-08-27 06:54:44,maaf harganya tidak fleksibel tolong turunkan,negatif,maaf harga tidak_fleksibel turun
409634c9-a1b2-48c3-8ef4-e60857c1e89a,Najwa Nafaaa01,2,2026-09-09 09:04:29,"gofood makin lelet plis, sering ga tepat waktu juga. resto ga ada notif sebelm driver jmput:)",negatif,gofood makin lambat plis sering tidak_tepat waktu resto tidak_ada notif sebelm driver jmput
5d82c41f-ea40-46a3-b7f9-9022c6b146c4,Bagus Setiawan,1,2026-09-01 21:56:22,makin lama pas order 😌,negatif,makin lama pas order
345bc7e3-302b-4be3-98d5-fc36f01866a6,Siti Fahila Novetry,1,2026-08-30 17:34:48,"sangat buruuk, UANG SAYA HILANG DI BAWA KURIRR. MINTA BANTUAN DI GOJEK GAK ADA TINDAKAN APA APA. BAIK BAIK PILIH APLIKASI!!",negatif,sangat buruuk uang hilang bawa kurirr minta bantu gojek tidak_ada tindak apa apa baik baik pilih aplikasi
2bd58bca-fcd3-4d6e-b66c-374e62582e04,Syareefa shidqi,1,2026-08-26 07:20:46,"eh tolong donk untuk pembayaran bisa di ganti gopay coinku ada 2.200 an ilang gr gr salah milih terus juga pernah gopay ku kepake padahal ada cash kurang suka kalo gabisa diganti, kasian juga kalo harus cancel booking 😢",negatif,eh donk bayar ganti gopay coinku an ilang gr gr salah milih terus pernah gopay ku kepake padahal cash kurang_suka kalau tidak_bisa ganti kasi kalau cancel booking
c0bf32b6-5cff-44d3-accf-285df634a1db,Louise Tantri Elsa Cynora,1,2026-09-02 11:35:44,"Jelek banget, lama banget dapat drivernya padahal lagi laper banget. Gabisa dicancel langsung karena katanya dianggap buang² makanan, tapi kalo ga dapet driver juga sama aja buang2 makanan. Customer service nya pake bot terus, gaada solusi sama sekali. Payah 👎🏻👎🏻",negatif,buruk banget lama banget drivernya padahal laper banget tidak_bisa dicancel langsung kata anggap buang makan kalau tidak_dapet driver sama buang makan customer service pake bot terus gaada solusi sama sekali payah
2f0ab53b-445f-4725-9df0-8623593c499b,Tantu Maulvi,1,2026-09-12 21:16:32,pengiriman makanan sangat lama dan tidak komitmen,negatif,kirim makan sangat lama tidak_komitmen
e1121bee-e23d-4ec6-aa99-e9afc0c8c3ee,Zuki Abdulrahman,1,2026-08-24 06:59:43,driver lama lelet,negatif,driver lama lambat
1c1cfd65-708e-4ba4-bd41-d7f26d0356fb,Daffa Athalla,1,2026-09-12 20:57:02,"gojek najis, apaan mesen gofood dah sejam gak dapet driver, ngeselin co ketara bener sengaja dr sistem nya. gak mungkin driver gak mau ngambil, emg sistem lu aja yg picik huuuu jelek lu gojek, i hate you gojek. 😤😤😤👎🏻👎🏻👎🏻👎🏻",negatif,gojek najis apa mesen gofood jam tidak_dapet driver ngeselin co tara bener sengaja sistem tidak_mungkin driver tidak_mau ngambil emg sistem kamu picik hu buruk kamu gojek hate you gojek
41c9d666-a63f-4203-a122-b5b11d6925db,Rani Hanjani,1,2026-08-14 06:02:53,"pembaruan mulu dah, jadi susah buka gopets",negatif,baru mulu jadi sulit buka gopets
c727ce20-15fc-48f2-a33a-2bd951b21812,ram cah,1,2026-09-09 16:12:27,hapus aja metode pembayaran Qrisnya nge scan kaga pernah bisa mulu anjinglah,negatif,hapus metode bayar qrisnya nge scan kaga pernah mulu anjing
58727c5d-d987-49be-b15e-d659a5e405fc,ririnn,2,2026-09-14 01:43:49,"udh 2x pesan gofud ternyata toko udh tutupp!!! kenapa ga dari awal tampilan abu² biar gabisa dipesan kasih tau kalo toko udh tutup!!! harus nunggu sejam baru bisa dicancel gimana sihhh sistemnya, saya nunggu lama2 ternyata gabakal dapat driver karena TOKO udh TUTUPPP!!! DIBENERIN LAGI DONG SISTEMNYA",negatif,pesan gofud nyata toko tutupp tidak_dari awal tampil abu biar tidak_bisa pes kasih tau kalau toko tutup nunggu jam baru dicancel gimana sistem nunggu lama nyata gabakal driver toko tutup dibenerin sistem
d4cfad70-6872-4e77-ac21-222ac25396d4,Fadli Ardiansah,2,2026-08-31 06:29:30,aplikasi nya bagus cuma lama cari driver nya mesan dari jam 05:50 sampe jam 06 lebih ga dapat dapat udah gitu di batalin terus sama driver nya,negatif,aplikasi bagus cuma lama cari driver mesan jam sampe jam lebih tidak_dapat gitu batalin terus sama driver
d90f5df6-2363-4544-88c1-1db7aaf24eb6,Afghan Pratama,1,2026-08-25 07:30:59,"gak jelas udah nunggu lewat 1 jam tiba"" di batalin",negatif,tidak_jelas nunggu lewat jam tiba batalin
e7bed6fc-8ea5-40a6-a948-44b25da6356e,REI,1,2026-09-07 14:35:17,"aplikasi kikir, gua udah dapet promo ongkir 2k, tiba"" gabisa dipilih karena gua di tf lagi.",negatif,aplikasi kikir gua dapet promo ongkir tiba tidak_bisa pilih gua tf
06d2e9dd-819a-45ef-bfc0-b1fed6140a88,dzakiyah sakhi,2,2026-09-01 21:33:39,"tolong deh buat drivernya di tindak tegasi. saya selalu dpt driver yg bawanya buru buru, ngebut, nyalip². hari ini sy hampir ke serempet mobil karena ojolnya maksa nyalip dari kiri. tolong bgt deh soalnya ini sy sering banget dapet driver yg kaya gini, ngapain sih bawa buru buru? ky di kejar setan. utamakan keselamatan penumpang dong",negatif,drivernya tindak tegas selalu dpt driver bawa buru buru ngebut nyalip hari hampir serempet mobil ojolnya maksa nyalip kiri banget soal sering banget dapet driver kaya gin ngapain bawa buru buru ky kejar setan utama selamat tumpang
1aab809b-2852-4ebf-91af-f8a606810aa1,Rizqi Maulana,1,2026-09-03 01:25:56,aplikasi tolol dari kemarin pesen makan suka di cancel mulu gua tuh mau beli,negatif,aplikasi tolol kemarin sen makan suka cancel mulu gua tuh mau beli
e185d7ea-d73b-4ad7-a01a-cbdf9b3d3551,Amrin 0703,1,2026-08-21 11:43:11,maaf sebelumnya.. 1. driver telambat 13menit. 2. driver kurang sabar menunggu ongkos.. pdhl SDH di beri tahu sebentar pak.. dan paling yg tidak saya sukai driver menyaut jika di kasih tau...,negatif,maaf belum driver tambat menit driver kurang_sabar tunggu ongkos pdhl beri tahu sebentar pak paling tidak_saya suka driver saut kasih tau
fd399c39-447b-46c8-b49f-37c0c2566f23,Haura,1,2026-08-14 16:15:56,sering banget udah nunggu berjam-jam malah dibatalin,negatif,sering banget nunggu jam jam malah dibatalin
6c9e5999-3624-4384-bc36-b2b3bd3582ae,Riha Fitri,1,2026-08-19 15:57:47,"Saya melakukan sekali pemesanan dan yg muncul drive di layar cuma satu, ternyata tanpa saya lihat sudah terpesan 4 driver dalam seki pesan... saya yg kena marah dan ancam oleh drivernya",negatif,laku sekali mesan muncul drive layar cuma satu nyata tanpa_saya lihat pes driver sek pesan kena marah ancam drivernya
a5b0a5b4-46e1-4fd2-9e28-e0041faee2dd,Ashaumi,1,2026-08-11 18:55:26,"top up tap Cash udah sekitar 2 hari ga masuk, respon nya lama bgt plis",negatif,top up tap cash hari tidak_masuk respon lama banget plis
f73691f1-4981-440b-aae7-319ca79da40f,Ceriah Kasih,1,2026-08-13 18:08:06,td ada fitur voucher nya pas kita pesen gofood,negatif,td fitur voucher pas sen gofood
ad24f293-6975-48c0-bb88-2a36316bb67a,Puput Alin,1,2026-08-11 05:07:27,aplikasi sangat buruk . disaat penting dan sudah beralih ke layanan priyoritas tetep tidak dapat driver . perjalanan hanya kurang lebih 20-21km . dan tidak dijam ramai atau macet .,negatif,aplikasi sangat buruk saat penting alih layan priyoritas tetep tidak_dapat driver jalan kurang_lebih km tidak_jam ramai macet
394b4d18-9692-490d-9859-212d27884700,Anggi Ridho Nurdiansyah Lubis,1,2026-09-03 01:53:32,sudah pesan untuk prioritas tapi tetap aja gak dapat padahal udah nunggu 1jam 30menit,negatif,pesan prioritas tetap tidak_dapat padahal nunggu jam menit
1380adfd-2b2e-4d61-8c90-fd6692b29205,Wiwin At Milla,1,2026-08-14 15:56:04,"ini gak bisa dikasih bintang 0 ya? FIRST TIME nyoba order makanan di gojek, malah dibatalin sama pihak gojeknya sendiri, mana aku udah nunggu 1 jam setengah, (laperr bangett), tau gitu beli dishopee food aja. gak lagi deh pesen di gojek, nyesel!!!!. hati hati untuk yang lainn!, seenaknya batalin pesenan orang!!",negatif,tidak_bisa kasih bintang first time nyoba order makan gojek malah dibatalin sama pihak gojek sendiri mana aku nunggu jam tengah laperr bangett tau gitu beli dishopee food tidak_lagi sen gojek nyesel hati hati lainn enak batalin sen orang
6dc93de9-c6ca-441e-a951-730882c5333f,Anton Sujarwo,2,2026-08-11 07:19:38,Drivernya banyak milih2 orderan.. Pagi ini sy ada sekitar 7 driver yg g mau ambil orderan saya..,negatif,drivernya banyak milih order pagi driver mau ambil order
56c3cdd6-05b5-4c55-a625-9add58f76cd4,Ganii,1,2026-08-12 15:36:00,tidak bisa membatalkan pesanan goofood dari pihak pembeli,negatif,tidak_bisa batal pesan goofood pihak beli
f7ff8fe7-98ab-41b0-b6aa-f1b45a003a41,Shara Franika,2,2026-08-22 12:40:34,ubtuk pesan layanan gojeknya cuma bisa pake data seluler tidak bisa pake wifi,negatif,ubtuk pesan layan gojek cuma pake data seluler tidak_bisa pake wifi
d5add705-43f5-4511-945a-b82b5f7e4869,Sri Urip,2,2026-09-08 07:34:30,mengapa gopay saya tidak bisa membeli pulsa listrik dan transfer bank? jawabannya gangguan tehnis terus,negatif,gopay tidak_bisa beli pulsa listrik transfer bank jawab ganggu tehnis terus
0c7453ea-fae1-4286-ab01-f4c5f38e74f1,AKUSTIK 88,1,2026-09-01 19:13:50,"untuk cs gofood, saya harap bisa memesan food reguler saja, krna kalau pesan express atau flash driver ga dapet apa2, nunggu direSto lebih lama iya,. kalau perbandingan reguler dan expres ga jauh beda,. tpi uang tambahan ga dibagikan ke driver. masuk semua ke aplikasi,",negatif,cs gofood harap mes food reguler krna kalau pesan express flash driver tidak_dapet apa nunggu diresto lebih lama iya kalau banding reguler expres tidak_jauh beda uang tambah tidak_bagi driver masuk semua aplikasi
06d8261c-896c-4746-a5eb-be1d2980e0a1,margaretha Silalahi,2,2026-09-06 14:32:17,"masa Iyah mesan makanan nunggu driver doang 45 menit? perasaan Go-Jek dulu gak gini? pembaharuan sistem apa gimana? bukan sekali dua kali harus nunggu drivernya harus 45 menit ini udah yg ke 4 kali sampe pihak restoran nanya ""kak belum dapat drivernya?""",negatif,masa iyah mesan makan nunggu driver doang menit asa go jek dulu tidak_gin baharu sistem apa gimana bukan_sekali kali nunggu drivernya menit kali sampe pihak restoran nanya kak belum_dapat drivernya
ac8dc4cb-f8eb-4c80-87ee-08d9ab739c04,Eddy Hendra,1,2026-09-14 10:28:01,"qris minta gak muncul sdh berbulan2, tap refresh tetap gak muncul. update terbaru juga sama",negatif,qris minta tidak_muncul bulan tap refresh tetap tidak_muncul update baru sama
e10131e2-0709-458e-8216-52d0ad3a94c8,Pengliong,1,2026-09-14 06:29:48,di akal akalin biar tarif makin mahal alasan driver sibuk semua lah akhirnya jauh dapetnya makanya pada males make aplikasi ini pada pindah ke yang lain. sukurin...,negatif,akal akalin biar tarif makin mahal alas driver sibuk semua akhir jauh dapetnya makanya males make aplikasi pindah sukurin
2f058ad3-a3a6-48a0-9367-ec8b2f27febd,ARIP,1,2026-09-07 07:28:45,"jelek banget sekarang voucher promo yg dikasih cuma gocar sama gosend doang, kembalikan voucher promo goride seperti dulu",negatif,buruk banget sekarang voucher promo kasih cuma gocar sama gosend doang kembali voucher promo goride dulu
934057d5-f4ac-4bbc-acbc-9a41da0c306e,Alvaro Angel,1,2026-08-27 22:15:04,percuma ngadain promo kalau ujung ujungnya di cancel,negatif,percuma ngadain promo kalau ujung ujung cancel
ca427dd3-461a-40f5-a9c8-960354a79e1b,Rafael Christian Arga,1,2026-08-10 14:53:27,cari driver gofoodnya lama bgt hampir satu setengah jam alhasil ga ketemu dan aku cancel,negatif,cari driver gofoodnya lama banget hampir satu tengah jam alhasil tidak_ketemu aku cancel
6965fd2c-ee75-4e08-b521-79b905ab1810,Rismawati Marzuki,2,2026-09-09 14:02:36,"sudah beberapa kali pesan tapi tidak dapat driver dan akhirnya pesanan dibatalkan setelah 1 jam menunggu. setelah dibatalkan saya pesan lagi tapi setelah menunggu 1 jam lagi tetap tidak dapat driver. 2 jam saya menunggu makanan karna lapar,akhirnya saya pesan grabfood.",negatif,beberapa kali pesan tidak_dapat driver akhir pesan batal jam tunggu batal pesan tunggu jam tetap tidak_dapat driver jam tunggu makan lapar akhir pesan grabfood
e1cb8a6b-3543-4a36-9e19-d261ce8f042c,BLX_CHANNEL,1,2026-08-21 18:41:02,tolong kembalikan akun saya tidak memakai gopay tabungan by bang jago,negatif,kembali akun tidak_pakai gopay tabung by bang jago
9c2f6496-1c26-4ae5-8bf1-da82526e22b7,Byan Abi,1,2026-09-13 18:39:27,"tiap pesen gofood lama dapet drivernya, malah kadang di cancel, padahal udh nunggu lama. Masa mau begitu terus.",negatif,tiap sen gofood lama dapet drivernya malah kadang cancel padahal nunggu lama masa mau terus
f0fca7f0-e269-456e-88a9-300b34c81d1d,Siska Priyanti,1,2026-08-21 19:49:52,"pengalaman terburuk, saya pesen goride comfort, dengan argo 44.500, cuman saya rubah tujuan yang lebih deket cuman 2km an, nah pas saya edit ubah tujuan kirain argonya bakal turun ternyata argonya tetap sama di 44.500 padahal jaraknya lebih deket, dan anehnya di saya ga berubah argonya tapi di driver malah berubah dengan harga 12.500 . gila ini bener2 aplikator korupsi parah, saya bayar 44.500 tapi driver hanya dapet sedikit . udah lapor bantuan jawabanya tanpa solusi, lebih baik naik grab aja",negatif,alam buruk sen goride comfort argo cuman rubah tuju lebih deket cuman km an nah pas edit ubah tuju kirain argonya bakal turun nyata argonya tetap sama padahal jarak lebih deket aneh tidak_ubah argonya driver malah ubah harga gila bener aplikator korupsi parah bayar driver dapet sedikit lapor bantu jawabanya tanpa_solusi lebih baik naik grab
541792f1-dc8f-40c4-b67a-7aa1edaea1ca,rosita octaviany,1,2026-08-19 23:34:55,"jelek banget banget bangett 1000x belanja di gomart tidak bisa dibatalkan, hubungi cs gojek bertele² hanya di hold terus menerus rugi pake aplikasi ini cs nya ga berattitude matiin telfon konsumen, di hubungi lagi di matiin lagi telfon nya alhasil terpaksa harus bayar mau gamau",negatif,buruk banget banget bangett belanja gomart tidak_bisa batal hubung cs gojek tele hold terus terus rugi pake aplikasi cs tidak_berattitude matiin telfon konsumen hubung matiin telfon alhasil paksa bayar mau gamau
5e5923d6-c7db-41cf-a556-3e8feca876dc,indra Attaki,1,2026-08-14 20:26:21,bnyakan updateny.ni apk bloon aplikasi bikin susah suruh ngasih kode segala buat apa online bloon,negatif,bnyakan updateny ni aplikasi bloon aplikasi bikin sulit suruh ngasih kode segala apa online bloon
751c038b-4968-4e31-94a9-b92627a38d3f,Ball,1,2026-08-31 21:11:02,et udah mahal lelet lagi pea,negatif,et mahal lambat pea
82f035b6-2e42-4262-83b0-c12a4f64868a,Wilsi Juna,2,2026-08-18 13:51:31,"apk nya membantu tapi saya sering nunggu lama tuk dapat gojek nya. saya sering di tolak otomatis 9 kali, bahkan saya nunggu 1 jam tuk dapat gojek aja",negatif,aplikasi bantu sering nunggu lama tuk gojek sering tolak otomatis kali bahkan nunggu jam tuk gojek
e35d56cb-6bb6-4eeb-a233-368e310c1e87,Sgvfx XIII,1,2026-08-30 10:29:42,"kecewa pesen makanan gak lengkap, di komplain malah memihak penjual gak bener,",negatif,kecewa sen makan tidak_lengkap komplain malah pihak jual tidak_bener
56938558-26df-48d2-9d77-daa0dabd0efa,Argi O,2,2026-09-08 15:25:29,padahal aplikasi bagus tapi entah kenapa beberapa kali saya pesan malah 2x order,negatif,padahal aplikasi bagus entah beberapa kali pesan malah order
6c000f41-8ec2-49e9-85f2-c0ec2699c473,Moh Sholeg,1,2026-09-13 19:50:51,"aplikasi ko... l udah nunggu lama"" tiba"" CC sendiri",negatif,aplikasi ko nunggu lama tiba cc sendiri
06acfaaa-b19b-46b6-a186-504f1fb3f2ba,ujoo's house,1,2026-09-06 20:28:53,udah nunggu hampir 2 jam malah di cancel dengan alasan gak ada driver. kecewa sama gojek dan gak akan pake lagi aplikasinya.,negatif,nunggu hampir jam malah cancel alas tidak_ada driver kecewa sama gojek tidak_akan pake aplikasi
bdbdcaf8-50a0-4501-8717-50ad77ca0b67,Ellisa Yossiana,1,2026-09-13 09:34:10,"drivernya pada kasar semua dan melanggar lalu lintas. Udh salah, nyolot lagi. Dan dr pihak gojek tidak ada ketegasan apapun itu. Banyak sekali korbannya tapi pihak gojek hanya berdiam diri saja dan seakan2 sengaja tidak mendengarkan keluh kesah korban",negatif,drivernya kasar semua langgar lalu lintas salah nyolot pihak gojek tidak_ada tegas apa banyak sekali korban pihak gojek diam diri akan sengaja tidak_dengar keluh kesah korban
c4543c55-4b7c-41d9-935f-95f4d074c65e,ludfi diana,1,2026-09-12 00:47:59,"3x aku pesen makanan non cod dan itu mesti di cancel otomatis sama apk karena alasan gaada driver di deket resto, padahal posisi aku di tengah kota dan banyaakk driver di sinii helloo, uda laper2 nunggu 2 jam lebih eh di cancel. masalahnya ini di kota ramaaii di kota besar bukan di pelosok emg sesusa itu kah",negatif,aku sen makan non cod mesti cancel otomatis sama aplikasi alas gaada driver deket resto padahal posisi aku tengah kota banyaakk driver sini helloo uda laper nunggu jam lebih eh cancel masalah kota ramaaii kota besar bukan_di pelosok emg sesusa
0463b0eb-78a6-4233-9204-9079e14e1939,Akbar Riza Ananda,1,2026-08-19 01:41:13,kata saya mah kalo ngga niat bikin promo dan gabisa kasih estimasi pasti mending gausah bikin promo sekalian,negatif,kata mah kalau tidak_niat bikin promo tidak_bisa kasih estimasi mending gausah bikin promo sekali
edd6a426-af3a-467d-b55f-290212a45ecf,Rheina Kunti Prameswari,1,2026-09-13 04:26:40,"setiap kali ke aplikasi apapun, klo iklan nya gojek, ga ada ""x"" nya. selalu... padahal iklan lain kayak game, lazada dan shopee ada itu tanda silang nya. Gojek ga ada samsek! aku harus keluar dari game atau aplikasi (online) setiap kali iklan Go-Jek muncul... ga nyaman banget",negatif,kali aplikasi apa kalau iklan gojek tidak_ada selalu padahal iklan kayak game lazada shopee tanda silang gojek tidak_ada samsek aku keluar game aplikasi online kali iklan go jek muncul tidak_nyaman banget
d6723641-0e8c-40c7-bac5-93ac593eb8d8,Juni Murniwati Hia,1,2026-08-15 12:07:14,"Ini aplikasi sudah terkait di gopay ku tiba aku buka aplikasi nya katanya tidak ada koneksi internet dan ada gangguan teknis, padahal data ku ada hotspot juga pernah saya kasih malah gak bisa mohon lah kepada pembuat aplikasi nya semoga cepat di perbaiki",negatif,aplikasi kait gopay ku tiba aku buka aplikasi kata tidak_ada koneksi internet ganggu teknis padahal data ku hotspot pernah kasih malah tidak_bisa mohon buat aplikasi moga cepat baik
b34422a0-d183-404a-a0e7-6ea5b2768191,Grace Avrilina,1,2026-09-09 14:32:23,"benci bgt pesen makanan di sini! skrg tiap pesen gofood, harus nunggu minimal 40 menit buat cancel. pdhl yg bikin bete tuh karna gaada konfirmasi dr toko sama apps jg ga ngasih kejelasan pesanan kita itu udh diproses ato ngga. alesannya karna gaada kang gofood yg ngambil. dih, bilang aja gaboleh pesen pake Voucher",negatif,benci banget sen makan sini sekarang tiap sen gofood nunggu minimal menit cancel pdhl bikin bete tuh gaada konfirmasi toko sama aplikasi jg tidak_ngasih jelas pesan proses ato tidak_alesannya gaada kang gofood ngambil dih bilang gaboleh sen pake voucher
b0772b3f-cf81-48d2-ba1a-fd51a8bf0dbb,Aq W,1,2026-09-11 20:38:35,"mengecewakan gak dapet driver sesuai estimasi sampai kapan suruh nungguin Ampe 2 hari atau 7hari ,gak pernah belajar dari kesalahan gak usah bikin aplikasi lah cape nungguin cuman buat hasil zonk",negatif,kecewa tidak_dapet driver sesuai estimasi kapan suruh nungguin ampe hari hari tidak_pernah ajar salah tidak_usah bikin aplikasi lelah nungguin cuman hasil zonk
33faf2af-5afa-41aa-b991-aa3a1f3f6ad0,Stefany Sarah 123,1,2026-08-29 19:23:29,"tolong banget nih ya, makanan nya belum dimasak, driver nya belum dapat; susah banget buat dapat driver, nunggu makanan nya lama, udah lama nunggu ternyata dibatalin. tolong kalau drivernya ga dapet dan udah lama nunggu, please banget Adain fitur untuk MEMBATALKAN, makanannya pun belum dimasak itu, pembeli yang rugi waktunya menunggu sia-sia.",negatif,banget makan belum_masak driver belum_dapat sulit banget driver nunggu makan lama lama nunggu nyata dibatalin kalau drivernya tidak_dapet lama nunggu please banget adain fitur batal makan belum_masak beli rugi waktu tunggu sia sia
f74398e5-09a2-44ae-a0a1-f9c039714cc9,Habibah,1,2026-09-01 11:32:32,"cape aku, kalau ngasih iklan yg bener lah",negatif,lelah aku kalau ngasih iklan bener
45646d67-aa48-4d46-a1e9-619502737176,Obay NL13,1,2026-09-12 20:17:14,aplikasi sampah . kebanyakan program ini itu . aceng lah . slot food . go ride . gosend . babi semua gojek . lu tandain ni yang koar koar,negatif,aplikasi sampah banyak program aceng slot food go ride gosend babi semua gojek kamu tandain ni koar koar
66c5431c-3e09-4021-a39e-0d7e64fa4c9c,Muhammad Hamdan,1,2026-08-16 21:58:47,"order makan di gofood nggak dapet driver, udah nunggu 1 jam masih aja nggak dapet, buang2 waktu",negatif,order makan gofood tidak_dapet driver nunggu jam tidak_dapet buang waktu
5bcd6255-56ea-4073-add6-24f031adacd6,Akmal Akmalaceh,1,2026-08-23 10:02:25,aplikasi nya bagus cuman drivernya banyak sampah.. di kira nya yang naik gojek semuanya gak punya kendaraan sendiri.. memang sampah driver nya,negatif,aplikasi bagus cuman drivernya banyak sampah kira naik gojek semua tidak_punya kendara sendiri memang sampah driver
11cc1bae-e69d-4ef2-8d45-1e59ab090cb6,Ria ria,1,2026-09-13 10:01:23,jangan sediakan vocer kalo drivernya gk ada yg mau ambill !!!,negatif,jangan_sedia vocer kalau drivernya tidak_ada mau ambill
6553d040-f652-46cd-aadd-fef9db242b75,Sahru Fauzi,1,2026-08-14 22:30:23,pusat bantuan hanya di layani bot dan penjelasannya bolak balik d situ aja,negatif,pusat bantu layan bot jelas bolak balik situ
c4214394-02a1-4ce8-945e-4bfcfa1cbca6,Desy Dara Maharani,1,2026-09-03 02:40:01,"DULU, JAMANNYA ADA UBER. INI APLIKASI NOMOR 1 dari 3 Aplikasi. Setelah UBER TIDAK ADA, INI APLIKASI URUTAN PERTAMA YANG TERPELIT VOUCHER GO-RIDE. Saya Pengguna baru. Katanya ada Promo. Manaaaaaaaaa? Buat Driver Gojek... Selamat... ORDERAN ANDA AKAN SEPI. Karena, Hanya orderan tertentu saja yang ada PROMONYA. Itupun HARUS BELI VOUCHER DAHULU. Beli Voucher juga PERCUMA. Karena, HANYA TUJUAN TERTENTU.",negatif,dulu jaman uber aplikasi nomor aplikasi uber tidak_ada aplikasi urut pertama pelit voucher go ride guna baru kata promo mana driver gojek selamat order sepi order tentu promonya itu beli voucher beli voucher percuma tuju tentu
0f372472-90ba-4104-940c-404bef92ae42,hasnia tuba,1,2026-08-18 07:49:50,"banyak bgt driver yg sengaja terima orderan saya tapi ga jalan,sampe saya telat antar pesana",negatif,banyak banget driver sengaja terima order tidak_jalan sampe telat antar sana
fd491253-6e16-4ef2-9915-3b977c98bf13,ananto prabowo,1,2026-08-23 00:04:38,hari ini saya benar-benar merasa dikerjain. transaksi pertama menunggu sampai batas waktu. pesanan belum juga datang. transaksi kedua juga sama. kalau di total menunggu sudah hampir 2 jam tanpa ada pesanan yang datang selain kedatangan permohonan maaf yg templated,negatif,hari benar benar rasa dikerjain transaksi pertama tunggu batas waktu pesan belum_juga datang transaksi dua sama kalau total tunggu hampir jam tanpa_ada pesan datang datang mohon maaf templated
ed4c9021-1835-4fea-a56e-9fcb5147d8bf,Syifa Nindya,1,2026-08-19 17:36:06,ga jelas banget gojek sekarang susah dapet driver.,negatif,tidak_jelas banget gojek sekarang sulit dapet driver
3baefb0d-7844-4636-a703-c30ae4796848,Kristin Prb,1,2026-09-02 23:00:03,"pesen gofood, udh nunggu 1 jam tp dibatalin sistem krn ga dapat driver. bad bgttt 😤",negatif,sen gofood nunggu jam dibatalin sistem tidak_dapat driver buruk banget
4593533e-56fa-4b89-aa68-81a5d1effd66,Gracia Ester Halawa,1,2026-09-04 12:24:34,Buruk. udah sejam lebih saya pesan makan. malah dibatalin sama driver taik,negatif,buruk jam lebih pesan makan malah dibatalin sama driver taik
4e30e588-ad4e-4832-83c5-7a4b45970f05,re azalea,1,2026-08-30 15:34:03,"kalo gada driver yg mau ngambil tu coba gausah nunggu sejam bru bisa batalin, dikira orng ga laper apa",negatif,kalau gada driver mau ngambil tu coba gausah nunggu jam bru batalin kira orng tidak_laper apa
f5f1eb1b-28a1-421e-9806-455f5f9adf3b,Hasnaini,1,2026-08-16 11:44:23,jika makanan sedang diskon driver nya nga ada yg mau ambil pesanan,negatif,makan sedang diskon driver nga mau ambil pesan
fa25d1a5-54c2-4769-afb3-86314947c268,Al faris Moh al,1,2026-08-31 10:48:44,susah mendaftar masuk. masa sudah di kirim kode otp dengan waktu 30detik baru cepat sekali habis waktu nya. terus lama pengiriman otp ke WhatsApp dan Malahan menunggu sampai habis waktu nya baru muncul kode otp di WhatsApp,negatif,sulit daftar masuk masa kirim kode otp waktu detik baru cepat sekali habis waktu terus lama kirim otp whatsapp malah tunggu habis waktu baru muncul kode otp whatsapp
a8c6c244-d7b6-4160-9ce5-c0b301343747,Muhammad Evan Azhar asy-syifa,1,2026-09-12 23:56:05,iklan jelek busuk hama ganggu anjenghg,negatif,iklan buruk busuk hama ganggu anjenghg
1ea7e341-595b-4e6e-bd75-0b0ee683df07,Waskad Aja,2,2026-09-12 11:12:24,"jarak dkt tambah mahal,beda 4.300 auto pindah ke sebelah,yg sblh lbih cepet dapet drivernya,mkin kecewa aja sama gojek",negatif,jarak dkt tambah mahal beda auto pindah belah sblh lbih cepet dapet drivernya mkin kecewa sama gojek
301a900d-9da6-46fb-94ea-bc0d157b1cf2,Tumpal Pph,1,2026-08-25 12:17:21,kemahalan ongkir gojek 13000 radius 3 km pertimbangkan,negatif,mahal ongkir gojek radius km timbang
4bc6367b-32ca-4f66-ab60-b6ac6e175335,Edo Zuhanda,1,2026-09-09 23:56:51,"udahlah lama pesan makan, di batalin",negatif,udahlah lama pesan makan batalin
c0eac474-c1a1-42ee-9a3a-c963e97f2a76,saila anwar,1,2026-09-07 22:25:41,"driver gada yg ambil food, sudah 4x pesan sampai di cancel pesanan krn tdk ada driver yg ambil, gojek cm mau ambil untuk pengiriman cepat, yg hemat mereka tidak mau ambil. bantuan di aplikasi juga tidak menyelesaikan masalah, hanya nyuruh cancel atau lanjut pesan, seperti itu terus jawaban di pusat bantuan gojek.",negatif,driver gada ambil food pesan cancel pesan tidak_ada driver ambil gojek cm mau ambil kirim cepat hemat tidak_mau ambil bantu aplikasi tidak_selesai masalah nyuruh cancel lanjut pesan terus jawab pusat bantu gojek
b96bcd27-abce-4ede-850a-fa1737620ffc,Reynd Hamonangan,2,2026-09-06 15:21:26,"Belakangan ini sering banget order gofood dibatalin. Udah gitu di cancel baru setelah 1 jam kemudian, awalnya bilang ditunda jadi lebih lama, eh udah nunggu lama malah dicancel. Tolong diperbaiki dong",negatif,belakang sering banget order gofood dibatalin gitu cancel baru jam kemudian awal bilang tunda jadi lebih lama eh nunggu lama malah dicancel baik
e82287a3-da59-4069-92d8-4709637519dc,diana syem,1,2026-09-03 05:36:10,"gopay pinjaman saya dah minjam 5jt an keatas sekalinya lunas semua cuma dapet limit 1jt aja,, gila ya ni aplikasi",negatif,gopay pinjam minjam jt an atas sekali lunas semua cuma dapet limit jt gila ni aplikasi
c642e038-f018-46b5-9cb5-35e95ad000d4,Kuku Ruyuk,2,2026-08-28 16:27:38,"estimasi waktu tidak tepat, gofood datang lewat 20 menit dari estimasi",negatif,estimasi waktu tidak_tepat gofood datang lewat menit estimasi
f9d38180-756f-4848-8277-9fdd427e8619,Maitradhammawijaya 123,1,2026-08-31 14:28:19,buat driver kalo emang ga niat kerja gausah kerja dari pada ngecancel mulu,negatif,driver kalau emang tidak_niat kerja gausah kerja ngecancel mulu
24f4a764-d168-46b0-8654-c25e42c8355d,Salwa Pasa Salsabila,1,2026-09-10 13:57:51,kenapa drivernya susah banget sih kalau gofood.,negatif,drivernya sulit banget kalau gofood
e9819dec-d831-4420-9bd9-4442b7e58009,Ari Mania,1,2026-09-11 23:35:41,susah cari driver lama banget cari driver food nya,negatif,sulit cari driver lama banget cari driver food
30c1689b-e768-4c8a-8977-8670dbce667c,Raymond Darius,1,2026-08-23 11:21:59,"saya tidak tahu kenapa, tiba tiba sekali gojek ini memblokir gopay saya dengan alasan yang tidak jelas, padahal dari transaksi nya udh bisa liat kalo itu cuma dipake buat pesen ojol. Karena pesan ojol jadi keblokir gopay saya?? tolong berikan itikad baiknya ya",negatif,tidak_tahu tiba tiba sekali gojek blokir gopay alas tidak_jelas padahal transaksi liat kalau cuma dipake sen ojol pesan ojol jadi blokir gopay ikan itikad baik
511487e7-e8a1-4cc9-bccd-e8c602764960,Debinta S.P,1,2026-08-22 06:38:49,suka ke double pas pesen gojek,negatif,suka double pas sen gojek
c6712071-f606-45bf-9520-2a52ff5401bd,Yonglex Jamet,1,2026-09-09 19:15:58,tolong dong buka kembali pin gopay saya sudah dinonaktifkan dari tanggal14 Agustus dan sudah melapor keemail ke Ig dan sudah nelpon cs tanpa Ampe skrng blm terselesaikan jadi saldo ketahan dan tidak bisa transaksi beli makanan pulsa data gara gara pin eror,negatif,buka pin gopay nonaktif tanggal agustus lapor email ig nelpon cs tanpa_ampe sekarang belum_selesai jadi saldo tahan tidak_bisa transaksi beli makan pulsa data gara gara pin error
d0944fce-f72c-47da-a8e4-02229cb76161,mobile legend magic chess,1,2026-08-17 18:17:58,permisi sama saya di kasih bintang 1 aja soalnya kemarin bikin spanduk menghalangi jalan kaki di bandung jadinya kesel harus di bongkar,negatif,permisi sama kasih bintang soal kemarin bikin spanduk halang jalan kaki bandung jadi kesel bongkar
d2256245-0e87-4316-b8fc-102f5f3adb4a,aad adli,1,2026-08-18 23:28:40,"tlp cs bukannya ngasih solusi malah disuruh nunggu, intinya buang waktu gua sejam, yg harusnya udh istirahat tapi ngurusin akun kek gini, siap2 bintang 1 semua",negatif,tlp cs bukan ngasih solusi malah suruh nunggu inti buang waktu gua jam harus istirahat ngurusin akun kek gin siap bintang semua
e952a074-a29d-4b4b-96c0-0fd194954a48,Sandi Pratama,1,2026-09-02 16:39:13,"dear gojek yg terhormat, kalian buat sistem apalagi. double resto harus secepat kilat dikerjakan. kalian pikir tdk butuh waktu. apa kalian lg suka nyawa mitra2 kalian hilang karena ulah sistèm kalian. coba sekarang biar masyarakat luas tw. org office. staff, IT, dan team support jd mitra. seblum kalian luncurkan sistem2 yg kalian buat jgn nyawa mitra yg kalian korbankan. nyari untung boleh keselamatan mitra dan customer prioritas donk jgn cuman kedok di iklan aslinya bobrok smua",negatif,dear gojek hormat kalian sistem double resto cepat kilat kerja kalian pikir tidak_butuh waktu apa kalian suka nyawa mitra kalian hilang ulah sist kalian coba sekarang biar masyarakat luas tw orang office staff it team support jadi mitra seblum kalian luncur sistem kalian jgn nyawa mitra kalian korban nyari untung selamat mitra customer prioritas donk jgn cuman kedok iklan asli bobrok smua
0ce0e3e0-2b45-4a7a-8a34-f96e01f3fbb1,ais mr,1,2026-08-25 14:54:47,sistem operasi jelek,negatif,sistem operasi buruk
8a72427e-433b-4aa0-ae25-9ebc9930be14,M Jafar,1,2026-08-29 10:22:45,"Tolong Driver nya dikondisikan ya pihak GOJEK. terutama GOCAR sudah dapat driver tapi bisa 1 jam lebih tidak jemput, posisi driver tidak gerak dan tidak dicancel oleh driver nya. MERESAHKAN!",negatif,driver kondisi pihak gojek utama gocar driver jam lebih tidak_jemput posisi driver tidak_gerak tidak_dicancel driver resah
0f6846ef-3b7b-4ba6-859d-d62d45e44478,Yodi Taupik,1,2026-08-30 00:14:36,banyak kerugian resto driver dan costumer tolong di benahi lagi masa saya pesan makanan resto sudah bikin driver ngak ada yg nyaut,negatif,banyak rugi resto driver costumer benah masa pesan makan resto bikin driver ngak nyaut
31265bd4-8e7e-4052-af79-4b758ae33c18,Fajar Irawan,1,2026-08-14 10:26:09,ini gojek makin2 yak wkwkw beli makanan mahal di ongkir xixix,negatif,gojek makin yak wkwkw beli makan mahal ongkir xixix
2e29699c-dcdd-40aa-9ad1-493407c60390,Abdul Latif,1,2026-09-10 13:44:35,"nggak ada evaluasi sama sekali ni aplikasi,masih aja gini trs.pesen gofood beberapa kali dapat driver trs di cancel nunggu lama sampe 1 jam an di batalin trs sama driver nya.hadehhhh",negatif,tidak_ada evaluasi sama sekali ni aplikasi gin terus sen gofood beberapa kali driver terus cancel nunggu lama sampe jam an batalin terus sama driver hadeh
011a6751-6fbd-4315-b80a-0feff22e64cb,Ahmad Paisal,1,2026-09-11 14:31:49,Hay untuk driver kalo ngeluh dengan jarak ambil mknn jgn kau marah ke orang warung dasar Kon untuk driver gojek dasar Kon,negatif,hay driver kalau ngeluh jarak ambil mknn jgn kau marah orang warung dasar kon driver gojek dasar kon
2d696ebf-c590-4030-b415-e57fbf4c9dff,Hubertus Agung Nugroho,1,2026-08-26 13:22:58,Aplikasi kok sering error. Gak ada guna aplikasi ini....,negatif,aplikasi sering error tidak_ada aplikasi
23087916-e299-445e-bedd-1f91d1a75614,Zalfa Qurrotu Aini,1,2026-09-12 17:47:49,"Saya nunggu 2 jam lebih pesan makanan via gofood, ujung-ujungnya pesanan dibatalain. Buang-buang waktu orang lain saja !!!!",negatif,nunggu jam lebih pesan makan via gofood ujung ujung pesan dibatalain buang buang waktu orang
9ced26c9-8a7d-4b57-8a2c-eef5c2e68a90,Resti Nur Hidayah,1,2026-08-17 13:54:13,"sayang banget pemiliknya korup, jadi ngga mau lagi pakai aplikasi ini",negatif,sayang banget milik korup jadi tidak_mau pakai aplikasi
39ce224f-d8ad-4242-bcd7-f149fef82ff9,Tamara Laurentzia,2,2026-08-19 19:38:13,"jelek. aplikasi gopay pinjam gue ga pernah telat, byr tepat wktu, ga pernah telat sama sekali, ehh pas udh mau dipake lg gagal, trs slik ojk gue jelek, pdhl ga pernah telat!!!",negatif,buruk aplikasi gopay pinjam tidak_pernah telat byr tepat wktu tidak_pernah telat sama sekali ehh pas mau dipake gagal terus slik ojk buruk pdhl tidak_pernah telat
433a2421-51c5-4e80-bb9a-b8dcb0b795fa,Lilik Suciati,1,2026-09-02 19:26:03,"terkena orderan fiktif merugikan saya, logika aja ngapain saya pesan makanan 10 bungkus kenapa driver bermodalkan balasan kata iya dari yang menghack tiba tiba driver sudah didepan rumah saya, minta tolong tindakan tegasnya saya tidak mau dirugikan saya tunggu balasannya",negatif,kena order fiktif rugi logika ngapain pesan makan bungkus driver modal balas kata iya menghack tiba tiba driver depan rumah minta tindak tegas tidak_mau rugi tunggu balas
19594f29-8e9b-4faa-84cf-952a7cabaafc,Muhamad Rizki,1,2026-08-24 20:48:08,"nungguin lama lama driver gak ada, kocak",negatif,nungguin lama lama driver tidak_ada kocak
123c163a-2bc7-46b9-8b5c-dee022a2f4c2,Azizah Yazid,1,2026-09-04 04:38:13,"Akun baru sama akun baru bikin beberapa bulan ongkirnya mahal banget buat pesan makanan minuman sama naik motor dan mobil udah ada voucher diskon tapi malah nambah naik harganya tadinya 38 ribu jadi 89 ribu gila sih,tolong perbaiki,harganya murahin napa semuanya sama belanja kebutuhan pokok kaya beras daging juga mahal itu ongkirnya 30an gila 😭😭",negatif,akun baru sama akun baru bikin beberapa bulan ongkirnya mahal banget pesan makan minum sama naik motor mobil voucher diskon malah nambah naik harga tadi ribu jadi ribu gila baik harga murahin napa semua sama belanja butuh pokok kaya beras daging mahal ongkirnya an gila
a169a374-1f18-4e1e-8f95-7729692ed192,cahyo NA,1,2026-09-10 22:49:50,"maaf ini untuk gofood nya gausa ngasih² promo sama ongkir murah klo bikin driver² nya males ambil orderan,udah nunggu lama² ujung² nya di cancel makanan gajadi dapat,mau order ulang makin lama nunggunya dan blm tentu ada yg mau nge pick up lagi,ngerusak rencana org ajaa kampretttttt!!!!!!",negatif,maaf gofood gausa ngasih promo sama ongkir murah kalau bikin driver males ambil order nunggu lama ujung cancel makan gajadi mau order ulang makin lama nunggunya belum_tentu mau nge pick up ngerusak rencana orang ajaa kampret
4552be3c-0e30-4010-bd37-0a701f8d33c9,Lidiyanti,1,2026-09-08 16:59:56,mitra tidak bagus,negatif,mitra tidak_bagus
43df6f22-adba-4c47-8f81-e414fb557c98,it's hanieee,1,2026-09-07 08:46:00,MAU PESEN MALAH DOWN TRS SERVERNYA INI GIMANAAAAAAA,negatif,mau sen malah down terus servernya gimana
e5830cd9-b40d-4ea3-935c-4cf462ede6ff,Yogi Andrian pakpahan,1,2026-08-20 20:13:02,parah aplikasinya pokoknya kalo udah menjelang sore dan malam pasti argo jadi mahal banget !!,negatif,parah aplikasi pokok kalau jelang sore malam argo jadi mahal banget
153c430a-9329-49e5-843b-a67a2cf79187,Riyan,1,2026-08-20 15:54:48,"bisa ga verifikasi pakai email aja nomer telfon ku lama ilang jadi gabisa kalo lewat SMS atau WA, mohon ngerti apk gojek bangsad mana NIK KTP ga bisa di ubah juga",negatif,tidak_verifikasi pakai email nomer telfon ku lama ilang jadi tidak_bisa kalau lewat sms wa mohon ngerti aplikasi gojek bangsad mana nik ktp tidak_bisa ubah
26cc9f29-2e72-4bf1-97c3-e0eb3707ba87,Imam Gunarsah,1,2026-09-06 20:55:30,"Pemesanan order paket hemat sangat2 lama, jika pelayanan lama lebih baik tidak usah ada paket hemat. tidak berguna sama sekali. BAD! delete aplikasi gojek",negatif,mesan order paket hemat sangat lama layan lama lebih baik tidak_usah paket hemat tidak_guna sama sekali buruk delete aplikasi gojek
36ee96ee-900b-459d-8e83-e46498f812bb,Nisrin Bajarad,1,2026-09-12 09:06:20,"pesen gofood berkali kali di cancel dan engga dapat dapat driver, pdhl udah nunggu dri jam 7 pagi sampe jam 10 aplikasi ga jelas",negatif,sen gofood kali kali cancel tidak_dapat driver pdhl nunggu dri jam pagi sampe jam aplikasi tidak_jelas
3c794c5a-8de3-4c3d-9bf6-296fce9677db,Raffi Jop,1,2026-08-25 00:53:10,ini kenapa dah kok tiba tiba ada transaksi sih 99.900 ribu di gojek buat Roblox pula perasaan kagak pernah transaksi dah ini gemana sistem nya tolong dong min kalo ada transaksi tuh konversi dulu sama kita atau gemana ini kan sama aj hilang duit kita niat nya mah mau di simpem buat dana darurat malah ke pake transaksi GK jelas,negatif,tiba tiba transaksi ribu gojek roblox asa tidak_pernah transaksi gana sistem kalau transaksi tuh konversi dulu sama gana kan sama hilang duit niat mah mau simpem dana darurat malah pake transaksi tidak_jelas
e86e7df6-8160-49fe-819b-1185a0c46cf6,WaferSkuy 12,1,2026-08-27 19:38:05,dapet bintang satu aja ga berhak,negatif,dapet bintang satu tidak_hak
b34077f5-ac0e-4a42-adde-76efe6e3d034,Rini Mulyani,1,2026-08-19 11:01:50,kenapa tarif gocar belakangan ini semakin mahal aja? biasanya mahal kalau hujan saja...tapi ini tarif nya naik gila²an kalo begini terus yakin deh banyak yg akan pindah ke aplikasi lainnya,negatif,tarif gocar belakang makin mahal biasa mahal kalau hujan tarif naik gila an kalau begini terus yakin banyak pindah aplikasi lain
b01c3f5a-3429-470c-8e22-7841dea5ba79,Raymon,1,2026-08-21 11:23:58,"Petanya error, tdk sesuai orderan, seharusnya fitur downpayment diaktifkan spy cicilan ringan di fitur gopay letter, sulit utk melakukan pembayaran paylater, Supir gocarnya kebanyakan minta cancel kalau orderan sdh masuk, spt tdk niat kerja aja",negatif,peta error tidak_sesuai order fitur downpayment aktif spy cicil ringan fitur gopay letter sulit laku bayar paylater supir gocarnya banyak minta cancel kalau order masuk spt tidak_niat kerja
84fb7194-d7f0-4af5-8ae5-9e0db8655eab,yudha pratama,2,2026-08-23 20:59:52,bbrp hari ini saat pesan gofood sulit sekali mendapatkan driver,negatif,bbrp hari pesan gofood sulit sekali dapat driver
dbd1f36f-a160-45c7-8797-f8496d365da7,AGUNG SUTRISNO,1,2026-08-14 23:20:07,"jadi apk aneh sekarang, dulu saat pesen makanan gampang dapat driver, tapi kalo sekarang nyari driver engga nemu nemu udah 3x gk jadi beli makanan gara gara engga dapat driver mulu",negatif,jadi aplikasi aneh sekarang dulu sen makan gampang driver kalau sekarang nyari driver tidak_nemu nemu tidak_jadi beli makan gara gara tidak_dapat driver mulu
9d96c76a-8a0f-4e02-88bd-5d233323ffd5,Yuq Mayaki,1,2026-08-11 20:20:09,"Sengaja download gojek gara2 mau naik kereta flash BCA ketinggalan di rumah! Go transit ya malah ga bisa di pake,,saya coba lagi 3 hari kemudian masih ga bisa,sampai detik ini ga bisa! mending hapus tuh Go transit",negatif,sengaja download gojek gara mau naik kereta flash bca tinggal rumah go transit malah tidak_bisa pake coba hari kemudian tidak_bisa detik tidak_bisa mending hapus tuh go transit
ab7ff0b7-05d6-4700-b178-c75c79bb08da,Ajeng Wulandari,2,2026-08-14 11:01:52,"Apk apaan mau masuk daftar susah,no telepon ga masuk terus pdhl yang di masukin bener,eh malah suruh nunggu 60 menit (1jam) gajelas",negatif,aplikasi apa mau masuk daftar sulit no telepon tidak_masuk terus pdhl masukin bener eh malah suruh nunggu menit jam gajelas
6cf7241a-0650-43d8-815c-ba2a1c3f445b,masmas didi55,1,2026-09-07 12:05:00,susah kali we dapat driver sudah sebulan setiap beli pasti kesulitan dapat driver,negatif,sulit kali we driver bulan beli sulit driver
5f10733e-6573-4a6e-b561-6c0238a2921b,FEBRI ZIO,1,2026-08-17 06:50:54,"aplikasi gajelas hama udah nambah 10.000 malah makin lambat,gabisa nyari order lama bener",negatif,aplikasi gajelas hama nambah malah makin lambat tidak_bisa nyari order lama bener
e7ae1651-9743-49e2-aa48-29a919f53abe,Ezz Cappucino,1,2026-09-06 00:26:23,sangat kecewa. customer service gak bisa menyelesaikan keluhan pelanggan dan penanganan diputar2 situ saja.,negatif,sangat kecewa customer service tidak_bisa selesai keluh langgan tangan putar situ
5167190d-0812-43c4-974d-8c03849e8955,Hazzel,1,2026-09-09 02:13:51,"aplikasi enggak jelas pas gua pesan makanan bilangnya sampai pukul 02:00 nah terus kalau telat kan dapet voucher tapi kalau drivernya belum nyampe pukul 02:00 nanti tulisan di gojek nya berubah jadi 02:01, jadi nggak dapet voucher karena waktunya berubah-ubah, pokoknya mundur terus lah biar gw ga dapet voucher,aplikasi picik",negatif,aplikasi tidak_jelas pas gua pesan makan bilang pukul nah terus kalau telat kan dapet voucher kalau drivernya belum_nyampe pukul tulis gojek ubah jadi jadi tidak_dapet voucher waktu ubah ubah pokok mundur terus biar tidak_dapet voucher aplikasi picik
3d2ba9d7-1d4b-46e4-a181-988c0ab71efc,cimorybee hehe,1,2026-08-18 23:23:21,"Sistem GoFood mengecewakan banget sih. Dari jam 08:13 - 11:14 pesen makanan di tolak trus, maksud saya kenapa ga dari awal di tolak? ga mikir kalau buyyer udah berharap banget??, tolong ya lebih di perhatiin",negatif,sistem gofood kecewa banget jam sen makan tolak terus maksud tidak_dari awal tolak tidak_mikir kalau buyyer harap banget lebih perhatiin
337a6221-64f2-459f-9944-96b33ece7ab2,Ziky Ahmed Dwicahyo,1,2026-08-23 09:20:29,"Bikin program gajelas, ongkir 1 rupiah tapi pas dipilih gaada driver yang mau pick. Buang buang waktu orang aja",negatif,bikin program gajelas ongkir rupiah pas pilih gaada driver mau pick buang buang waktu orang
4025ea5b-82b1-4128-862b-09794c78f9b4,CMD,1,2026-09-07 10:15:19,"Gak bisa copy paste nomor telepon buat dimasukkan ke detail penerima/pengirim Ga ada notif masuk chat nya dr driver, dan gak bisa edit chat pesan cepat nya, sering error",negatif,tidak_bisa copy paste nomor telepon masuk detail terima kirim tidak_ada notif masuk chat driver tidak_bisa edit chat pesan cepat sering error
da08a1ce-9085-4eb4-9389-11ad38c13d47,Haris darmawan,1,2026-08-11 16:13:58,"driver yg lelet masih di pertahanin,lelet pick up di map ga gerak gerak ,lagi santai pasti itu kaya yg viral driver motornya",negatif,driver lambat pertahanin lambat pick up map tidak_gerak gerak santai kaya viral driver motor
1d743054-6860-4add-acdb-475780188447,Damar Andriawan,2,2026-08-17 14:19:36,kenapa kok game laris mawnis gak bisa?,negatif,game laris mawnis tidak_bisa
21c8bfda-033e-4e6d-91de-fc6561bae420,Miranda Nuelle Moralles,1,2026-09-08 16:51:24,"How to explain, I got racist from this service, the drivers said racist things in Indonesian, I know what it means because I can speak Indonesian and some also asking for more money than the nominal amount, pathetic",negatif,how to explain got racist from this service the drivers said racist things in indonesian know what it means because can speak indonesian and some also asking for more money than the nominal amount pathetic
74df8814-c999-4776-bbb1-be9d4562cada,Uci Luthfi,1,2026-08-21 09:09:21,"kenapa setiap driver gojek naik motor ugal ugalan 2 kali hampir kenapa"" tolong diperbaiki",negatif,driver gojek naik motor ugal ugalan kali hampir baik
9de9bab8-1a7e-4cea-adcb-648f26af9f99,Dede Yusuf,1,2026-08-21 23:51:13,kesannya melindungi driver yg bermasalah.. laporan sy ditutup tanpa ada penyelesaian.. bye gk akan gw pake lg apk ini!,negatif,kesan lindung driver masalah lapor tutup tanpa_ada selesai bye tidak_akan pake aplikasi
90ad4c4f-d5b5-4dd7-9f3f-bec304482369,Zhafira Sayang,1,2026-09-12 20:19:59,saya pelanggan gojeg bertahun2..tapi saya kecewa ketika ada masalah sama mitra ojolnya GX selesai2 dan terkesan berlarut larut..,negatif,langgan gojeg tahun kecewa masalah sama mitra ojolnya gx selesai kes larut larut
93a200fb-ec0e-4f4c-bc87-4508d857e201,Muz Aja,1,2026-09-12 11:00:35,"Pernah pinjam pay later, gak pernah ada notifikasi jatuh tempo, pay later cuma 30ribu, gara gara gak ada pemberitauan jadine kena denda jatuh tempo sebesar 50k, dan ati ati kalau minjem di gojek, saya sehari jatuh tempo karna gak ada notif jatuh tempo, keluarga saya langsung kena teror sama tukang tagihnya, ngancem ngancem gak jelas pokoknya",negatif,pernah pinjam pay later tidak_pernah notifikasi jatuh tempo pay later cuma ribu gara gara tidak_ada pemberitauan jadine kena denda jatuh tempo besar ati ati kalau minjem gojek hari jatuh tempo tidak_ada notif jatuh tempo keluarga langsung kena teror sama tukang tagih ngancem ngancem tidak_jelas pokok
195e8a5c-0c09-4516-8160-0ca1606e5e6a,Cahaya falina,1,2026-08-29 18:30:28,"sudah beberapa kali saya main gopay, selalu saja pas mau menang tiba"" notif internet gk ada atau tiba"" lngsung end game, padahal saya belum nekan apa"", dan skrg pun gopay coin hadiahnya tambah dikit dan kebanyakan hadiah ruby, kalau buat game jgn tiba"" ubah gitu dong, gk konsisten dan jadinya malas main!, pdhal dulu game nya bagus"" dan asik, skrg kualitasnya tambah turun, L for gojek game!",negatif,beberapa kali main gopay selalu pas mau menang tiba notif internet tidak_ada tiba lngsung end game padahal belum_nekan apa sekarang gopay coin hadiah tambah dikit banyak hadiah ruby kalau game jgn tiba ubah gitu tidak_konsisten jadi malas main pdhal dulu game bagus asik sekarang kualitas tambah turun for gojek game
ded2364c-97a2-4238-9995-2f65ce96a6d7,Nisa Lannaja07,1,2026-09-13 15:43:01,"kurang ajar, aplikasi jelek, gk berguna",negatif,kurang_ajar aplikasi buruk tidak_guna
609224c1-a099-4180-be16-9c88690647cb,Akun Guest,1,2026-08-20 16:35:03,upgrade ke gopay plus ongkir gofood malah semakin mahal,negatif,upgrade gopay plus ongkir gofood malah makin mahal
ad506437-1047-4971-b392-cb0dc78d8f9c,Yuli Nur Hidayah,1,2026-09-04 19:13:51,aplikasi yang sebenarnya bagus tapi iklan sama notifnya kampung! bisa gak sih gak usah tiba-tiba dipaksa harus mesen?! gak sengaja kepencet dari iklan atau notif gak jelas eh malah masuk ke menu orderan mana dipaksa banget sialan! padahal gak mau! bikin panik doang! gimana kalo orangnya gak sadar? RUGI KITA SAMA KASIAN DRIVER! FITUR IKLANNYA JELEK BANGET!!!!,negatif,aplikasi benar bagus iklan sama notifnya kampung tidak_sih tidak_usah tiba tiba paksa mesen tidak_sengaja pencet iklan notif tidak_jelas eh malah masuk menu order mana paksa banget sial padahal tidak_mau bikin panik doang gimana kalau orang tidak_sadar rugi sama kasi driver fitur iklan buruk banget
3ed2f02a-cc61-480b-883d-f21b32bc56df,Samuel Lowi,1,2026-09-04 19:47:17,"Saya pesan gofood, ada opsi murah untuk ongkir pengirinan namun lebih lama. Saya menggunakan opsi itu, tapi justru setelah menunggu 1,5 jam tidak ada yang menerima pengiriman pesanan. Jadinya pesanan saya batal. Saya paham kalau itu termasuk dalam s&k, tapi kesannya tidak adil juga bagi customer. Ibarat harapan palsu, perbaiki sistemnya mungkin bisa di beri waktu 30 menit untuk memastikan apakah pesanan bisa di kirimkan atau tidak. Dari pada sudah menunggu 1,5 jam! mana ga di kasih kompensasi👎",negatif,pesan gofood opsi murah ongkir pengirinan lebih lama guna opsi justru tunggu jam tidak_ada terima kirim pesan jadi pesan batal paham kalau masuk kesan tidak_adil customer ibarat harap palsu baik sistem mungkin beri waktu menit pasti pesan kirim tidak_dari tunggu jam mana tidak_di kasih kompensasi
dc52d267-d75d-42ca-a7ef-b7889f2b1c20,Rizki D.M,1,2026-08-18 15:45:49,arahan aplikasi pada saat berada di bandara tidak jelas,negatif,arah aplikasi ada bandara tidak_jelas
ab6b9da2-15f5-4a23-aa22-382590f9564a,Firza Adria,1,2026-08-28 22:35:38,RESPON CSNYA LAMA,negatif,respon csnya lama
5bbf7040-94d0-44bc-98da-9d8351ce9e3c,Ria Hasana,1,2026-08-11 21:48:47,"Makin turun aja nih hadiah coin game gocats, bintang 1 aja deh ya.",negatif,makin turun hadiah coin game gocats bintang
84524295-a644-4abc-aeef-e8369f55e2bb,Eno,1,2026-09-12 18:26:13,"segitu banyak nya driper, hampir g ada yg pickup. sekalinya di terima malah gak gerak, parah. mesti di review",negatif,segitu banyak driper hampir pickup sekali terima malah tidak_gerak parah mesti review
0f44fc2e-cae1-4dbf-a0c6-87009b283bf1,Ani Sofia Diyani,1,2026-09-12 16:47:40,disaat perlu cepet pake banget malah susahnya minta ampun.. malesin banget,negatif,saat perlu cepet pake banget malah susah minta ampun malesin banget
042a55a1-216a-4352-a2fa-4ba0c0afa99c,Axisngelag Parah,1,2026-08-30 08:03:53,nyari driver lamanya minta ampun mending grab,negatif,nyari driver lama minta ampun mending grab
0e0e080a-2a02-4c39-b4c8-bfdea3df6393,Pengguna Google,1,2026-09-12 17:01:00,"tolong kak, kenapa saya pesen gocar kok yang datang taksi, plat nomernya:AE1042UB, toyota limo",negatif,kak sen gocar datang taksi plat nomernya ae ub toyota limo
2012cbe1-f8d1-46de-b57b-6251f69883f3,Iqball Dabell,1,2026-09-04 15:17:08,gopay pinjam saya ditolak padahal pinjaman pertama saya lunas. saya juga aktif di gojek sebagai mitra pengemudi.,negatif,gopay pinjam tolak padahal pinjam pertama lunas aktif gojek mitra kemudi
dbe03726-7179-44f6-b9a9-e6b2b5107758,Username,1,2026-08-25 21:24:47,"ruby saya habis di game bolak balok, tapi pas sampai 10.000 koin nya gak masuk sial",negatif,ruby habis game bolak balok pas koin tidak_masuk sial
70120fe0-3615-4130-9d23-1c5cb2a40b8d,Zahra Adiba,2,2026-08-22 08:55:17,kenapa sopir gocar atau gosend yg mobil tidak ramah? kebanyakan seperti itu. menyebalkan sekali,negatif,sopir gocar gosend mobil tidak_ramah banyak sebal sekali
979a6087-af45-43ba-9b5d-f5a7aa999c9e,Meow.,1,2026-09-05 00:58:49,lama banget order dgn sistem skrg. pindah shopee food aja kalo pesen,negatif,lama banget order sistem sekarang pindah shopee food kalau sen
58fc0bfc-c818-430d-b149-5332f8e42cad,Hari Suranto saputro,1,2026-08-13 21:47:41,"apa yg terjadi sama gojek 🥱🥱 ....kok gosen ku lama .. driver jawab iya pak ,kita bisa bawa gosend / gofood lebih dari 1 orderan degan beda nama & alamat ... Apaaaaaaaaaaaaaaaaaa wow .",negatif,apa jadi sama gojek gosen ku lama driver jawab iya pak bawa gosend gofood lebih order degan beda nama alamat apa wow
d3d65316-d75d-4475-bd70-1634d58f0147,Muhamad Fajrah ardiyansyah,1,2026-08-17 18:03:24,masa baru isi saldo 50 rb semalam masa langsung hilang dan tadi sore isi 20 rb tinggal 5rb ? gimana iniiiiiiiiiiii kacau,negatif,masa baru isi saldo rb malam masa langsung hilang tadi sore isi rb tinggal rb gimana kacau
d4725ab7-3b94-4f2d-b9fe-393ac1daf5ef,Fatimatus Mufidah,1,2026-09-05 19:09:53,gila sih order gofood nunggu hampir 1 jam buat dapetin driver ujung ujung nya ga dapet dan baru bisa di batalin 1 jam gilaa kalau ada bintang 0 pun ku kasih bintang 0 resto yang di pilih pun selalu banyak driver gapernah sepi buat perusahaan kalau emang opsi pengantaran hemat itu merugikan driver ya gimana loh kebijakan mu,negatif,gila order gofood nunggu hampir jam dapetin driver ujung ujung tidak_dapet baru batalin jam gilaa kalau bintang ku kasih bintang resto pilih selalu banyak driver gapernah sepi usaha kalau emang opsi antar hemat rugi driver gimana bijak mu
797fab50-96e7-4ccd-82f8-fab1ae8ba811,BIMO,1,2026-08-15 18:39:55,"susah banget cari driver goride padahal di tengah kota (daerah Kotabaru, Yogyakarta). biasanya kalau cari driver cepet ini sampe 30 menit ga dapet dapet. jujur kecewa",negatif,sulit banget cari driver goride padahal tengah kota daerah kotabaru yogyakarta biasa kalau cari driver cepet sampe menit tidak_dapet dapet jujur kecewa
2d7140fa-3ae6-4188-87a6-a90eef7f3699,andy rajasa,1,2026-08-14 18:35:30,sering telat.. dikira sudah mau sampai ternyata waktunya berubah jadi lebih lama..,negatif,sering telat kira mau nyata waktu ubah jadi lebih lama
db98dc07-d230-4be3-a170-bfb5a2583a76,misbach mb,1,2026-08-24 20:05:23,aplikasi nyiksa driver,negatif,aplikasi nyiksa driver
ef94e989-1454-42fd-bf0f-b3a10195ca97,Cyber Gaming,1,2026-09-12 01:38:11,"hadehh udh nunggu sejam lebih blm jalan"" drivernya",negatif,hadehh nunggu jam lebih belum_jalan drivernya
18b56086-eea6-4611-9d4c-27bfe4e696d5,sogirun jokorda,1,2026-08-31 19:40:15,"saya update ulasan, makin sini makin ga jelas aj ini gojek... terutama GO-FOOD... respon lama banget, dulu pernah pesan makanan kurang lebih jam 18.40 wib, makanan dateng jam 21.00 Wib, ini masalahnya apa sih??? Mitra GO-JEK udh g butuh duit apa gimana? mana udh pesen g bisa d batalin... kepalang lapar beli makan keluar, eh malah dateng... ga jelas emg.... GA USAH PESEN MAKAN LEWAT GO-FOOD LAGI SAYA SARANIN... UDH PADA MALES KYKNYA... DAH HEBAT",negatif,update ulas makin sini makin tidak_jelas gojek utama go food respon lama banget dulu pernah pesan makan kurang_lebih jam wib makan dateng jam wib masalah apa mitra go jek butuh duit apa gimana mana sen batalin kepalang lapar beli makan keluar eh malah dateng tidak_jelas emg tidak_usah sen makan lewat go food saranin males kyknya hebat
7bc4b12f-9f35-4380-8695-d398abfb1cf8,azzuramav,1,2026-08-30 13:14:28,kenapa susah amat mau ngehubungin CS ga kaya yg lain langsung terhubung,negatif,sulit mau ngehubungin cs tidak_kaya langsung hubung
df63323d-2296-465d-aa71-72bb05cfc08d,Arsyi Rosa Angsana,1,2026-08-28 06:08:41,cari driver susah,negatif,cari driver sulit
871b2833-e612-4e06-88a4-29930f233280,say another,1,2026-09-12 22:56:01,bener bener secapek itu sama gofood yang kurirnya dapat after 45 menit dan masih harus nungguin makanan dimasak dan as always gak bisa di cancel dan lagi tidak pakai fitur pengiriman murah,negatif,bener bener capek sama gofood kurir after menit nungguin makan masak as always tidak_bisa cancel tidak_pakai fitur kirim murah
de96b326-f3dd-4bc8-b6dc-d9d23c6d39df,Anjar D. Prasetyo,1,2026-09-07 21:42:22,A+Rewards nya malah ditiadakan.. Perusahaan Merki.. 🤬,negatif,rewards malah tiada usaha merki
678202a4-3d96-4f66-80eb-17936b7c2bde,Yervant Jose Boari,1,2026-08-24 23:47:15,nyari driver lama anjir,negatif,nyari driver lama anjir
7560f915-90d9-4566-aa4d-187c4dbb3cee,agus rhrjo,1,2026-09-08 20:50:57,"pesan gofood aja lama dpt driver,nya!!!!",negatif,pesan gofood lama dpt driver
7cbdddde-c8e1-49a8-b0c1-988e8e98e79f,Maureen Celcilia,1,2026-09-09 12:37:11,"kalo udah ujan apk pasti jelek banget plus gak bisa cancel gofood, padahal mau cancel karna pengantaran delay hampi 1 jam",negatif,kalau ujan aplikasi buruk banget plus tidak_bisa cancel gofood padahal mau cancel antar delay hampi jam
3ac3c651-6f00-479a-b392-d117d13d73b7,Excelssia,1,2026-09-11 13:19:03,"error aja terus, pesen makan disuruh hapus dlu keranjangny, udh aku coba berkali kali ya ttp gabisa, aku nyoba mulai dri awal ya ttp gabisa. lagi laper juga ada aj yg bikin emosi mls",negatif,error terus sen makan suruh hapus dlu keranjangny aku coba kali kali ttp tidak_bisa aku nyoba mulai dri awal ttp tidak_bisa laper bikin emosi mls
1e71b624-7f19-4162-95b6-66cf1fc06d61,Adreena Samia M (Adren),1,2026-08-12 15:43:27,"kalau gosend lama, cari driver lama, cari alamat lama. boros waktu",negatif,kalau gosend lama cari driver lama cari alamat lama boros waktu
ad31610d-edfb-4765-bbe3-a89ac607f03d,Ressy MSaragih,1,2026-09-06 12:28:43,"saya sudah 2x pesan makanan, dengan sabar saya menunggu tetapi dibatalkan oleh pihak gojek, alasan nya driver sibuk, siang hari order alasan nya tidak ada driver, banyak sekali abang gojek, masak tidak satu pun. saya tidak suka pokokny, kelaparan kami. mau order lagi perlu waktu lagi. 1 jam menunggu padahal orderan makanan dekat sekali. buruk sangat buruk",negatif,pesan makan sabar tunggu batal pihak gojek alas driver sibuk siang hari order alas tidak_ada driver banyak sekali abang gojek masak tidak_satu tidak_suka pokokny lapar mau order perlu waktu jam tunggu padahal order makan dekat sekali buruk sangat buruk
b8367eac-01f3-48b2-b81a-9ad33b635588,Anung Nara,1,2026-09-11 20:59:01,"lemot, mangkelno tambah larang",negatif,lambat mangkelno tambah larang
74b26efc-3407-4b44-9ee9-8dae00920cdb,diyanti nti,1,2026-08-19 10:58:31,"jelek bgt pelayanannya, kepencet gofood udh berusaha batalin malah tetap di acc. mana gofoodnya jauh dari jaktim ke jakut. berakhir ikhlasin tuh makanan",negatif,buruk banget layan pencet gofood usaha batalin malah tetap acc mana gofoodnya jauh jaktim jakut akhir ikhlasin tuh makan
860be09f-da11-4233-a2f4-136339dc306d,Kiandra Ayla Indhira,1,2026-09-08 16:22:04,dapet drivernya lama,negatif,dapet drivernya lama
0bbacc1a-8d71-4beb-9538-f53ac5fae16b,Shanellie Soozyniel,1,2026-08-11 13:07:58,"kurir gofood nya makin hari makin aneh, udh sampe ke resto tp tiba² di cancel pas udah mau otw ke lokasi pdhal cuma jalan lurus aja klo ga gtu yaa malah double order yg bikin customer nunggu 3 kali lipat lebih lama.. pdhal nunggu pesenan sendiri aja sejaman, sebel gwahh 😫",negatif,kurir gofood makin hari makin aneh sampe resto tiba cancel pas mau otw lokasi pdhal cuma jalan lurus kalau tidak_gtu yaa malah double order bikin customer nunggu kali lipat lebih lama pdhal nunggu sen sendiri jam sebel gwahh
0c8488c8-a356-450c-866b-3bd2bfffb568,Iqlima Azzahra,2,2026-09-14 05:30:44,kenapa drive kalian memaksa meminta tip dan menambah kan tol padahal tol memakai kartu tol saya dan di aplikasi di tambahkan no plat B1730DOH Daihatsu Sigra dia memang tidak memaksa tetapi dari bahasanya membuat saya tertekan dan terus menerus menawarkan berhenti terus,negatif,drive kalian paksa minta tip tambah kan tol padahal tol pakai kartu tol aplikasi tambah no plat doh daihatsu sigra memang tidak_paksa bahasa buat tekan terus terus tawar henti terus
7be9c4f9-aa66-4c74-a9d6-87ad70343722,Syamil,1,2026-09-04 18:11:33,"ini makin waktu, aplikasi gojek mulai ga jelas dah. Ada fitur transportasi hemat dan cepat .Saya sudah nunggu 30 menit transportasi motor cepat. dan keadaan saya disana sudah lelah dan pusing. bnar² tdk ada empati",negatif,makin waktu aplikasi gojek mulai tidak_jelas fitur transportasi hemat cepat nunggu menit transportasi motor cepat ada sana lelah pusing bnar tidak_ada empati
598782fd-a512-4e66-9df5-ebec8e52352b,Maghfur Maak,1,2026-09-08 15:32:54,tolong perbaiki di gofood. sering kali nunggu lama eh malah ga dapet driver. Pelanggan rugi waktu dan toko yang sudah siap pesanannya pun juga rugi pastinya. soalnya tidak hanya sekali dua kali🙏🏽,negatif,baik gofood sering kali nunggu lama eh malah tidak_dapet driver langgan rugi waktu toko siap pesan rugi pasti soal tidak_hanya sekali kali
46d157a7-16b8-4d06-8293-256f08713430,M.Luthfi Kar ananta,1,2026-09-01 07:33:28,Tolong kalo iklan jangan ada unsur gay dan bug pada sistemnya,negatif,kalau iklan jangan_ada unsur gay bug sistem
deb939a6-2943-4955-bf3a-a26824298e6f,Nabila Wijaya,1,2026-09-05 22:56:26,"REVISII, AKU DULU KASIH BINTANG 1 TAPI GOJEK UDAH BERBENAH, GA LEMOT BAHKAN DI HP MODEL LAMA SEKALIPUN, BISA BUAT BAYAR QRIS JUGA... DRIVER DATENGNYA CEPET, JARANG CANCEL, REVISI LAGI, gua disuruh puter balik anjeng sama driver tolol di mrt blok m, padahal gua uda sesuai titik jemput di depan kimia farma, malah disuruh nyebrang anjeng posisi udah malem, rame, gua udah capek. disuruh nyebrang gua tolol emang driverny",negatif,revisi aku dulu kasih bintang gojek benah tidak_lambat bahkan hp model lama sekalipun bayar qris driver datengnya cepet jarang cancel revisi gua suruh puter balik anjeng sama driver tolol mrt blok padahal gua uda sesuai titik jemput depan kimia farma malah suruh nyebrang anjeng posisi malem rame gua lelah suruh nyebrang gua tolol emang driverny
34fc4c73-ef87-4aa0-bb93-c68834f44f30,Ibnu Ruslan,2,2026-08-10 13:27:41,driver gofood kurang sopan tidak ramah,negatif,driver gofood kurang_sopan tidak_ramah
c23cc37b-7b3c-4f50-a24c-a0ab3fabb60c,Gishel Jovanka,1,2026-08-17 17:09:26,"sekarang gojek mahal bangett, dan kadang dapet pengemudi kurang sopan dan kadang suka marah marah... kalo di kasih tau jalan malah kadang suka ngeyel.. gimana pun juga saya sebagai pelangan butuh yg cepet dan gak macett..",negatif,sekarang gojek mahal bangett kadang dapet kemudi kurang_sopan kadang suka marah marah kalau kasih tau jalan malah kadang suka ngeyel gimana pelang butuh cepet tidak_macett
1183bcba-7d9a-47ff-a126-908f4f7a121b,Jillian Elisabeth,1,2026-09-02 06:11:53,"ada fasilitas gopay later.parah,telat 1 hari aja,,kena denda 50rb.dibanding paylater lain,,ini terbilang tidak worthed dan jelek banget ya.ud gitu,gak ada pengingat.kayak sengaja biarin aja tuh kita lupa,biar dia bisa makan denda nya.persoalan saya,lupa melulu.dan apes nya inget ya selalu pas tgl 2.jdi tagihan 100rb,kena denda 50rb.mending jgn pake dah.pengen gw hapus,,bingung cara nya.jelek banget.nyesel knp sya pake juga.masalahnya ud kena brp kali dan semua krn lupa.",negatif,fasilitas gopay later parah telat hari kena denda rb banding paylater bilang tidak_worthed buruk banget ud gitu tidak_ada ingat kayak sengaja biarin tuh lupa biar makan denda soal lupa melulu apes inget selalu pas tgl jadi tagih rb kena denda rb mending jgn pake ken hapus bingung cara buruk banget nyesel knp sya pake masalah ud kena brp kali semua lupa
d3164a0c-c9a0-4610-9716-65ac9412fbcc,Yoshua Okta,1,2026-09-04 14:08:32,respon driver di gofood lama,negatif,respon driver gofood lama
97aab2e4-9af1-47bc-a8a6-595bc7db5421,septian farhan,1,2026-08-13 13:57:11,jelek dan tidak membantu sama sekali,negatif,buruk tidak_bantu sama sekali
e2d1285e-4ac2-4345-bc1f-37f3822ceca5,Ahmad Dani,2,2026-09-11 13:25:43,"tolong buat gojek di perbaiki buat alamat pengantarannya kadang driver mau menjemput atau mengantar gofood kadang salah jalan karena arahkan selalu kejalan yang terlalu jauh,semua driver pada mengeluh sama customer kalau bgini,dan kami para costumer gojek baku cekcok juga dengan driver kasian",negatif,gojek baik alamat antar kadang driver mau jemput antar gofood kadang salah jalan arah selalu jalan terlalu jauh semua driver keluh sama customer kalau bgini costumer gojek baku cekcok driver kasi
e1bc4fed-9c67-4d95-a7e0-b0a5c7c7cc5b,—Zenn `kishin.,1,2026-09-03 17:11:52,"mesen gofood lama amat, udh nunggu 2 jam eh malah ga nemu2 driver",negatif,mesen gofood lama nunggu jam eh malah tidak_nemu driver
1ea59d53-714d-4014-b3a3-1b8a4e492d41,Muhamad Bayu Widodo,1,2026-08-13 02:04:10,misi login gocat aslinya dapet 1000 tapi yang masuk 100 perak,negatif,misi login gocat asli dapet masuk perak
5a832027-5260-4557-ba3d-6badc68fe267,Fifi Febian,1,2026-09-02 19:55:38,kecewa malam ini susah banget cari gocar di cancel terus kenapa sih heran gua mah padahal harga nya lebih tinggi dari biasa nya tapi ga bisa bisa,negatif,kecewa malam sulit banget cari gocar cancel terus heran gua mah padahal harga lebih tinggi biasa tidak_bisa
4832592c-92e3-4f0b-b77f-f5b4fcc275df,HAN'S Project,1,2026-09-10 18:04:27,"Gopay sudah top up tapi tidak masuk ke aplikasi... CS di komplsin yg jawab AI, g ada solusi... Gimana ini?",negatif,gopay top up tidak_masuk aplikasi cs komplsin jawab ai solusi gimana
424301e9-af33-4159-9eb3-43d21f22714e,Nate,1,2026-08-11 11:34:13,apk kikir sekarang ada mode modenya lah apalagi harganya dipatokan yang mode cepat kikir banget,negatif,aplikasi kikir sekarang mode mode harga patok mode cepat kikir banget
46e7e3ef-4ad2-43b4-b023-7269ed294b20,mohamad nr,1,2026-08-27 21:24:22,mulai hari ini saya hapus aplikasi gojek dan gopay. saya ga punya tunggakan paylater di bekukan.,negatif,mulai hari hapus aplikasi gojek gopay tidak_punya tunggak paylater beku
1545fd64-e94d-47ea-9aef-4696d80672be,Dika Dwi,1,2026-08-23 16:27:03,permainan sistem nunggu driver gofood 3 jam akhirnya dicancel,negatif,main sistem nunggu driver gofood jam akhir dicancel
8307117d-bc0e-4c4d-975a-bb5b2f000e18,Raihan Bachril ilmi,2,2026-08-29 00:06:12,min kenapa setiap pesen Makanan pakai gojek plus selalu susah dapat driver yang mau Nerima pesenan dan kalau udah di terima sama driver pasti selalu di batalin lagi,negatif,sen makan pakai gojek plus selalu sulit driver mau nerima sen kalau terima sama driver selalu batalin
d21c446c-c705-4aa9-ad5c-e7ce97f129d8,Gg Filter,1,2026-08-10 06:48:46,aplikasi layanan paling buruk,negatif,aplikasi layan paling buruk
ada7b9a1-b83b-4233-88d9-16811d4725de,Ammar Rijal,1,2026-09-14 06:06:04,"aplikasi kikir, dpt driver banyak Gimik naik harganya biar sekedar dpt",negatif,aplikasi kikir dpt driver banyak gimik naik harga biar dar dpt
2d79bfab-0fb7-40a8-918d-0abb70dee725,Ria Aristia,1,2026-08-24 09:12:48,berangkat lebih awal biar cepet nyampainya malah dapat driver jauh banget padahal yang dekat ada,negatif,berangkat lebih awal biar cepet nyampainya malah driver jauh banget padahal dekat
e2f5cb4e-f810-4cdd-91ae-9ec78e97e654,dhapamlnfrdz_,1,2026-08-30 13:04:46,"tolong drivernya dikondisikan kalo berkendara mohon disuruh hati-hati, masak saya udh 3 kali ini di tabrak ojol mana gaada tanggung jawabnya lagi",negatif,drivernya kondisi kalau kendara mohon suruh hati hati masak kali tabrak ojol mana gaada tanggung jawab
860eac1d-a38e-4c67-9eae-99c906de0f09,Roni Wahyuromadoni,1,2026-08-18 06:56:05,"order bike pagi buat berangkat anak sekolah 20menit ga dapet driver padahal ada driver di deket bandara malahan ,parah ini apk ,qnak saya jadi telat ndak jadi berangkat sekolah",negatif,order bike pagi berangkat anak sekolah menit tidak_dapet driver padahal driver deket bandara malah parah aplikasi qnak jadi telat ndak jadi berangkat sekolah
073c155f-706e-421c-a6be-d22d8256e10f,Zulkifli,1,2026-09-06 16:11:21,"tolong untuk driver goofood yg ngk mau ambil ongkir murahh di tindak,untuk apa ada ongkir murah tpi driver ngk ada yg mau ambil order.",negatif,driver goofood ngk mau ambil ongkir murahh tindak apa ongkir murah driver ngk mau ambil order
9caa67e8-b35c-4d39-9f2e-b6d2811c3115,Kaysha Zahratusyita,1,2026-09-06 21:49:06,"DALAM 3 HARI UDAH LEBIH DARI 5X HARUS BATALKAN PESANAN GOFOOD. BAHKAN, 1 HARI INI AJA SAYA UDAH BATALIN 3X GOFOOD. SEMENTARA SAYA HARUS NUNGGU 30 MENIT LEBIH UNTUK BISA MEMBATALKAN PESANAN YANG GA KUNJUNG DISIAPKAN. BURUK SEKALI, DIPIKIR ORANG GA PUNYA ASAM LAMBUNG APA?",negatif,hari lebih batal pesan gofood bahkan hari batalin gofood nunggu menit lebih batal pesan tidak_kunjung siap buruk sekali pikir orang tidak_punya asam lambung apa
8cb6ea31-ac19-4c20-9656-ecb00c452935,Ahmad Nurhidayat,1,2026-08-16 14:28:47,ini siapa sih yang ngedrsain tampilan map nya ga keliatan anjir kek mana mau tau dah sampai apa belum kek aneh anj baru lulus ye lo kaga ngerti penggunaan user,negatif,siapa ngedrsain tampil map tidak_liat anjir kek mana mau tau apa belum_kek aneh anj baru lulus ye kamu kaga ngerti guna user
47dc2158-e52c-4b92-b4ed-3850ddb5111a,Anas168,1,2026-08-18 13:33:19,sengaja di respon saat membuat laporan tidak ada respon dan laporan d tutup hati hati jangan sampai korban seperti saya. saya pesan makanan gofood yg saya terima makanan basim ternyata toko fake. buat laporan d gojek langsung d tutup tanpa d tanggapi. makanan gak dapat uangpun hilang. cukup sekali ini saya order makanan di gofood gojek. mending grab food. jangan sampai ada yg order lagi di gojek dan gofood,negatif,sengaja respon buat lapor tidak_ada respon lapor tutup hati hati jangan_sampai korban pesan makan gofood terima makan basim nyata toko fake lapor gojek langsung tutup tanpa_d tanggap makan tidak_dapat uang hilang cukup sekali order makan gofood gojek mending grab food jangan_sampai order gojek gofood
4f219303-a099-4498-906b-82843895cd48,Criptixy,1,2026-08-21 10:51:20,tolong lah jgn ribet amat udh update masih aja ada bug GK bisa TF ke jago atau pake qriss,negatif,jgn rumit update bug tidak_bisa tf jago pake qriss
f71ad159-0cc1-4324-a97f-c558a49fdf11,Santana tan,1,2026-09-08 14:37:01,"Order dari pkl 13:24 dengan estimasi tiba 14:09 gak ada Driver yang pick up, sampai akhirnya Cancel otomatis. Kemudian saya Order lagi dan harus menunggu 1 jam belum tentu dapat Driver. What the h...Mau cancel juga gak bisa.",negatif,order pkl estimasi tiba tidak_ada driver pick up akhir cancel otomatis kemudian order tunggu jam belum_tentu driver what the mau cancel tidak_bisa
eafceed1-a095-4acf-89ad-9fa2f174ea36,Abdul Latif,1,2026-08-17 22:04:59,sekarang fitur matiin panggilan aja malah gak ada 🤦‍♀️,negatif,sekarang fitur matiin panggil malah tidak_ada
4b04ce9c-3e73-40c8-b00f-c69c1c21754c,Miss Sunday,1,2026-09-06 12:56:33,"aku berkali2 pakai gojek tapi berapa kali selama 3 kali terakhir aku kecewa,makanan tidak sampai dengan baik,seperti mie gacuan pangsit hilang,pesan ayam geprek ada siomay,bisa2 siomay hilang 1 biji.jadi mohon ditegaskan adanya refund atau laporan untuk driver",negatif,aku kali pakai gojek berapa kali lama kali akhir aku kecewa makan tidak_sampai baik mie gacuan pangsit hilang pesan ayam geprek siomay siomay hilang biji jadi mohon tegas ada refund lapor driver
78ac922f-fdb4-4457-aa67-d0de0947cce2,Sherina Ester,1,2026-08-13 21:53:35,SAYA SDH TUNGGU 2 JAM UTK.GO FOOD. TIDAK ADA DRIVER YG MAU. DAN PESANAN TBTB DI BATALKAN !?!??!!?!,negatif,tunggu jam go food tidak_ada driver mau pesan tbtb batal
86da16c9-cde2-42f9-a7d1-e8a98c577c09,Rahmat,2,2026-08-28 09:29:56,payah cari driver nya,negatif,payah cari driver
ed602488-684a-4fc0-8e32-02146c133e61,Mada N.H,1,2026-09-11 13:45:30,mohon untuk armada vinfast VF5 jangan dimasukkan ke gocar comfort. karena saat order siang. ACnya sangat menyiksa.,negatif,mohon armada vinfast vf jangan_masuk gocar comfort order siang acnya sangat siksa
eadc8926-3e93-4327-864a-bb1f7f35a891,Faza Samen,1,2026-09-03 02:22:05,"gk rekomen pembayaran bisa dobel"" saldo gopay ketarik + pembayaran cash di permudah aplikasinya sudah milih pembayaran gopay,tpi di aplikasinya tertera pembayaran cash juga",negatif,tidak_rekomen bayar dobel saldo gopay tarik bayar cash mudah aplikasi milih bayar gopay aplikasi tera bayar cash
8dc9aeda-b9a3-45da-ab55-743b1e365995,Abdul Hery,1,2026-08-18 21:25:52,"kalau pesen gofood, biaya lain semakin tiada jelas, apa biaya lainnya",negatif,kalau sen gofood biaya makin tiada jelas apa biaya lain
972035b8-aa34-4961-9dbb-200f40964d2b,Achmad Raffi,1,2026-08-25 02:51:40,"saya mesan gofood lama sekali dapet drivernya hampir 1 jam baru dapat driver, tolong diperbaiki",negatif,mesan gofood lama sekali dapet drivernya hampir jam baru driver baik
fd57106b-25a6-432f-a737-c5898574e807,Iis Supartini,1,2026-08-21 16:45:03,"baru kali ini saya ditipu pihak gojek, saya beli barang di aplikasi Shopee yg kebetulan ada opsi gratis pengiriman instan yg dikirim oleh GO-SEND, eh kurir nya malah minta uang ongkir lagi karena yg menerima barangnya anak saya, akhirnya dikasih lah uangnya. Sebenarnya bukan masalah uang nya tapi kurirnya yang bohong dan ada niat nipu nama kurirnya YOPI SOPIAN no. D2055SCA HONDA BEAT meski uangnya tidak seberapa semoga bermanfaat",negatif,baru kali tipu pihak gojek beli barang aplikasi shopee betul opsi gratis kirim instan kirim go send eh kurir malah minta uang ongkir terima barang anak akhir kasih uang benar bukan_masalah uang kurir bohong niat nipu nama kurir yopi sopi no sca honda beat meski uang tidak_berapa moga manfaat
4da3cf86-dc6c-47c6-9829-8b1a460cf861,Ilyas Saleh,2,2026-08-11 20:26:58,"woy kok koin nya makin lama makin dikit ya,harap kembaliin seperti sebelumnya",negatif,woy koin makin lama makin dikit harap kembaliin belum
0c595f57-2e20-43fa-a6c1-af6ab113d510,Rita Asmara,2,2026-09-04 21:09:56,"susah banget dapat drivernya, tolong perbaiki dong supaya driver yang membatalkan pesanan kena pelanggaran, kami para customer susah klo gini",negatif,sulit banget drivernya baik driver batal pesan kena langgar customer sulit kalau gin
b710fb0a-2f8e-4269-9dc8-6f54ef7b6f3c,Rokha Koka,1,2026-09-02 23:25:51,"aplikasi taikkk anjeng nunggu makanan sejam gojek nya ga jalan jalan, di complain kaga bisa taik aplikasi taik anjeng",negatif,aplikasi taik anjeng nunggu makan jam gojek tidak_jalan jalan complain kaga taik aplikasi taik anjeng
fa8462d3-110a-4bd5-8678-ec7b30f3c163,Y3T SOFA,1,2026-08-22 14:49:53,"aplikasi go pay pinjem yg nagih gak punya akhlak, anjirrr. padahal baru telat sehari, lagian kita juga bayar denda, terus sdah langganan, asli gak ngotak cara nagihnya. Lunas aku hapus nih aplikasi. ganti ojol lain aja.",negatif,aplikasi go pay pinjem nagih tidak_punya akhlak anjir padahal baru telat hari lagi bayar denda terus sdah langgan asli tidak_ngotak cara nagihnya lunas aku hapus aplikasi ganti ojol
