reviewId,userName,rating,tanggal,ulasan,label
7fb4699d-8e9d-46e0-933e-5a9826515a2f,Benny Guttom,5,2026-09-14 12:19:42,oke banyakin diskonnya kalau bisa ya,positif
836aa107-0828-43a5-96ae-1ce2fc47b2c0,dewi,1,2026-09-14 11:54:36,"buat apa dikasih 'mode hemat' kalo nunggu makanannya aja 30mnt s.d 1 jam lebih buat nungguin drivernya yg 'nyantol' orderan kita?, muak aku tiap kali laper nunggu lama ternyata gada driver yg nyantol!",negatif
adf84933-9a72-4163-b4af-f988e912e3ee,Hanna Azzahra,1,2026-09-14 11:28:49,"sulit dapet driver gofood. udah 3 kali dicancel sama driver, bukan perkara lagi sibuk atau apa pu itu",negatif
7bd1182e-2de5-4ea2-b7b5-c9725c9031c1,Rafi Hidayat Yuda Praja,5,2026-09-14 10:53:06,"Hebat,, Ramah Pengemudi nya",positif
ac8dc4cb-f8eb-4c80-87ee-08d9ab739c04,Eddy Hendra,1,2026-09-14 10:28:01,"qris minta gak muncul sdh berbulan2, tap refresh tetap gak muncul. update terbaru juga sama",negatif
f93687d9-1038-4e38-94b3-2d8a6a23816a,Arya Saputra,5,2026-09-14 10:12:19,cepat tepat dan akurat harga terjangkau 👍👍👍,positif
76618254-8843-4c0f-96e2-8387a4ad3f15,fadhiel himam,1,2026-09-14 09:01:18,drivernya parah semua,negatif
aea8d2b8-b420-4d54-8013-6288e2013930,Artha Astawa,5,2026-09-14 08:37:33,"Sangat membantu dalam aktivitas sehari, seperti order makan, pergi ke suatu tempat dan lainnya, terus kembangkan",positif
bb428670-6de7-4fc2-abb5-cc9be7ecd6c8,Tatang Ari sandi,2,2026-09-14 07:45:41,Sekarang gojek pelayanan gak bagus. Biaya aplikasinya gede tapi fasilitas atas biaya yang dikenakan tidak signifikan. Jadi rate saya turunkan menjadi 2 dulu.,negatif
1b24dd35-bbf9-4120-855f-db3e5b68f824,Rafa Naufal,5,2026-09-14 07:40:57,Sangat membantu sekali,positif
66996028-c2ea-4482-943f-75c2540035db,Siti Fatonah,1,2026-09-14 06:31:02,SERING BANGET DRIVER TBTB CANCEL TANPA KABAR. EMANG AGAK LAEN GOJEK INI. KASIH PAHAM DRIVERNYA KALO MEMANG GAMAU GAUSAH DIAMBIL!!!! STRESS!!!,negatif
e10131e2-0709-458e-8216-52d0ad3a94c8,Pengliong,1,2026-09-14 06:29:48,di akal akalin biar tarif makin mahal alasan driver sibuk semua lah akhirnya jauh dapetnya makanya pada males make aplikasi ini pada pindah ke yang lain. sukurin...,negatif
ada7b9a1-b83b-4233-88d9-16811d4725de,Ammar Rijal,1,2026-09-14 06:06:04,"aplikasi kikir, dpt driver banyak Gimik naik harganya biar sekedar dpt",negatif
e6da06a1-1ae9-4f1e-9784-87730ebb24df,Adama Putera Giri,1,2026-09-14 05:38:41,makin ngacau layanan pengambilan nya,negatif
0c8488c8-a356-450c-866b-3bd2bfffb568,Iqlima Azzahra,2,2026-09-14 05:30:44,kenapa drive kalian memaksa meminta tip dan menambah kan tol padahal tol memakai kartu tol saya dan di aplikasi di tambahkan no plat B1730DOH Daihatsu Sigra dia memang tidak memaksa tetapi dari bahasanya membuat saya tertekan dan terus menerus menawarkan berhenti terus,negatif
bff8b657-8366-4eaa-986f-2df114548ae9,Ibralawangko Ibra,5,2026-09-14 04:18:39,Hoki time ibra2005 heni16,positif
5365ec5c-308f-4b9a-84e0-fcd4010790b8,Ressy Rahmawati,2,2026-09-14 03:57:44,"sudah beberapa kali pesan makanan di aplikasi gojek, lama banget dapat drivernya. Padahal cuaca lagi bagus, jarak dari rumah ke resto pun ga terlalu jauh. Bahkan sudah 2 jam lebih belum nemu drivernya. Tapi gabisa dibatalin, Minimal kasih kepastian biar customer ga lama nunggu.",negatif
8c2373e7-366b-44a0-85f4-91961d6803c7,freddy aja,1,2026-09-14 03:22:43,"tolong dihilangkan saja gofood hemat, gak sengaja mencet cash out tanpa melihat pengantaran. gw nunggu sampai 2 jam baru bisa dibatalkan. alih alih makanan datang yang ada sakit magh paket dibatalkan otomatis karena driver tidak ada.",negatif
58727c5d-d987-49be-b15e-d659a5e405fc,ririnn,2,2026-09-14 01:43:49,"udh 2x pesan gofud ternyata toko udh tutupp!!! kenapa ga dari awal tampilan abu² biar gabisa dipesan kasih tau kalo toko udh tutup!!! harus nunggu sejam baru bisa dicancel gimana sihhh sistemnya, saya nunggu lama2 ternyata gabakal dapat driver karena TOKO udh TUTUPPP!!! DIBENERIN LAGI DONG SISTEMNYA",negatif
8ed1652f-ebd0-4cab-a607-5c624009838b,Sigit S,1,2026-09-14 01:38:31,"aplikasi jelek saya pesan makan dari jam 11 malam sampai jam setengah 2 belum juga dapat driver, padahal estimasi hanya sampai 00:42 - 00:52 tapi sampai jam 1:37 belum juga sampai makanan nya. sangat sangat disayangkan",negatif
40d63b8c-7576-4f71-8134-1b3fe67e3907,Yusuf Andi Hakim,1,2026-09-14 00:13:49,helemnya bikin gatal..,negatif
afc8913c-27b1-46ed-9d5d-615c74e3449d,Suci Zura Arlin,1,2026-09-13 23:56:59,"Ga jelass , beberapa hari blakangan tiap pesan gofood ga pernah dapet driver. Padahal di pusat kota. Parah siihh Makinn jelek aja pelayanannya",negatif
8989e3f1-c1f2-4138-a4c8-093e9b1fa572,Novi Ananda,1,2026-09-13 23:44:17,"aplikasi tidak berguna, sangat sulit mencari driver ,dapat pun kebanyakan cancelm",negatif
a3bed7d5-ba4c-4e07-a7b2-82371b3679cd,arya praja,1,2026-09-13 22:41:48,"katanya estimasi 35-50 menit tapi nunggu dari jam 9 sampai jam 22.38 belum dapet driver juga, ga harus prioritas mulu dong yang cepet. kesian orang yang sedang menghemat dan ambil paket paling murah tapi akhirnya gajadi makan karena gaada driver sama sekali dan sudah report cs pun gaada perubahan sama sekali, kecewa",negatif
7174573c-25f2-43ca-83c0-06c88e1f2dd0,Wayan Prayoga,5,2026-09-13 22:35:07,sangat membantu di saat mendesak..,positif
a025bd49-1a00-4235-b512-296ee9fc0f62,Adam Nugraha,2,2026-09-13 22:09:55,tolong suspend driver yg sengaja jemput order di lama2in abis itu di cancel orderan kita,negatif
cc5871a5-a145-48b8-9c9c-0d2b8a4a4530,Joe Soeria,5,2026-09-13 21:30:58,walau persaingannya kian sengit dengann provider lain. salut Gojek & Petugasnya tetep bisa jaga kualitas layanannya,positif
b55e6c30-0f28-4ef0-b0b2-0dd7716fdf7c,Ilham Kharisma,5,2026-09-13 21:28:27,sangat tepat waktu,positif
acfce50e-6135-48fb-9c0c-3fe3ced69cb7,ghania Irfaichh,1,2026-09-13 21:05:04,"pelayanannn nyaa ga jelasss ya allah, pesen makan udh 30++menit tpi sama resto blom di konfirmasi samsek, mau minta batalin sama cs malah ngerespon gajelassss. Emanggg anehhh gojek ini udh orng laper malem' lemottt semuanyaaaa gajelas sistem apaan, udah yaa orng salah alamat mau gnti alamat ga bisa, mau minta cancel ga bisaa, driver ga dapet', resto ga konfirmasi, maunyaaa tuh apaaalohhh bikin orng nunggu lamaa mending apk sebelah sumpahhh lebih gercep bnyk diskonn ya allah",negatif
9392256e-c5c7-407a-b68a-8554766ebf4b,25 Nabila Meiza Putri,1,2026-09-13 21:01:51,"jujur makin lama makin downgrade gojek ini, mesen makan dari jam 18.57 est jam 20.07 udh nyampe, lah ini ga dapet"" driver sampe jam 21.00 tiba"" gojek cancel in, niat gasih bikin promo sama aplikasi? mana ga cuma sekali, udh berkali"" dibatalin gini, ga bakal lagi mesen makan pake gojek 👎🏻",negatif
569a0f9a-7f05-4b58-90ab-7606fc14733e,Sri Andriyani,5,2026-09-13 20:54:41,semoga semua nya bahagia dan sejahtera 🙏,positif
ca09ce48-da56-4226-95b0-767f89af670e,Karina Official,1,2026-09-13 20:46:14,"saya sebagai resto makin kesini makin parah gofood. masa iya setiap hari harus ada orderan yang di cancel otomatis sistem, karena si pemesan tidak menggunakan layanan expres. kecewa berat tiap hari harus ada 5x orderan yang di cancel otomatis udahmah nunggu dapet drivernya lama",negatif
66ea53be-175d-4334-a56d-15d8480a7e29,Chintya Rahmawati,2,2026-09-13 20:42:05,susah bngt dapet driver nya,negatif
7ef58d05-2b08-4a5d-8fc3-3c9988dbf0ad,Resty Triyanto,1,2026-09-13 20:40:40,"driver gojek nya ribet- ribet kita customer, dan bayar juga bukan GRATIS",negatif
0d46fe31-5678-47cf-a3b8-3d1bddd58721,Panglima Langit,1,2026-09-13 20:38:48,"aplikasi bobrok, gara gara beli HP pake paylater. malah akun di bekukan udh 2 bulan. pdahal g pernah telat bayar ini aplikasi paling Ogoublok. org yg sering pake gojek ga pernah telat malah d bekukan apus aja apk ni ribet",negatif
ba94fe7e-e2f9-4ec4-b93a-94e9a87fe7ed,Alexsa,5,2026-09-13 20:05:16,"suka bangettt plss, stiap mlm klo laperr sllu mesen, cptt smpe ny jugak",positif
f334e544-3fc7-4d9b-b2c6-f339786c6243,Erna Wati,5,2026-09-13 19:51:58,cepat dan lengkap,positif
6c000f41-8ec2-49e9-85f2-c0ec2699c473,Moh Sholeg,1,2026-09-13 19:50:51,"aplikasi ko... l udah nunggu lama"" tiba"" CC sendiri",negatif
48963c03-c66f-425c-8548-1a2822385c43,artup ofc,1,2026-09-13 18:40:44,kurang friendly ui nya,negatif
71e6b2be-5fab-4aff-8e40-8599fd732cea,Rian Kresna,4,2026-09-13 18:40:32,Sudah bagus tapi terlalu sering minor update,positif
9c2f6496-1c26-4ae5-8bf1-da82526e22b7,Byan Abi,1,2026-09-13 18:39:27,"tiap pesen gofood lama dapet drivernya, malah kadang di cancel, padahal udh nunggu lama. Masa mau begitu terus.",negatif
a92baf02-1a10-47c4-9e1a-051955c32cb0,19Manda Hokage,1,2026-09-13 18:22:48,bro itu disuruh update tapi pas di update diplaystore ngestuck 11% Mulu gak jalan gimana sih mau update tapi gak bisa jalan,negatif
46ebeb1d-7c32-46d7-9711-92bc98e5e0cc,boyy,5,2026-09-13 18:19:05,apk yg sangat bgus,positif
391f3ac3-7fe9-4dc0-8aea-58dac715a2cf,Tari Dwi,1,2026-09-13 17:34:51,"driver yang pakai celana pendek/ sepeda motor nya tidak sesuai aplikasi tolong pm, satgas gojek di malang juga diem aja tugasnya apasih satgasnya itu",negatif
7a576a6c-2427-4c89-bcac-30ef5c2f694f,Mudjie Wae,5,2026-09-13 17:03:08,cepat aman dan nyaman,positif
113abffb-e6f1-4507-b2fe-dedead99ffdf,"Daniel Harsono ,SE",5,2026-09-13 16:52:39,terima kasih gojek,positif
7fd504c9-7fd0-4aff-bb02-ef2f724c95a1,MID WAY,1,2026-09-13 16:25:40,"aneh nih pilih jalur nya, udh jalan jauh biar jalur nya bener malah tetep lewat di jalur yg sama kayak sebelum nya, malah tambah mahal lagi, KLO bisa kasih ss ta kasih dah, bukan ""TITIK JEMPUT"", tapi ""JALUR"" yg disarankan di aplikasi nya.",negatif
88e24c42-3dbe-4b4a-8b19-1b83ef54ec3d,denny setya wijaya,1,2026-09-13 16:19:27,ga bisa ngirim foto ke abang drivernya. buat apa ada fitur kamera sama file klo ga bisa dikirim,negatif
e45c51e0-cd5c-48ee-a269-a9d7225b7ca2,jess,1,2026-09-13 15:44:26,"Ada fitur chat resto tp ga bisa digunakan kalau resto ga chat duluan, udah nunggu 1 jam tiba tiba dicancel oleh sistem dengan alasan driver sibuk. Kalau gitu apa gunanya fitur chat resto? Mana tidak ada tombol untuk cancel pesanan mana udh nunggu lama voucher promo juga ga balik ga niat kasih promo. Kejadian lagi gw pesen gofood udah nunggu hampir 2 jam, seenaknya di cancell. mau pesen lagi di toko lain udah terlanjur TUTUPPP. Ongkir gofood Ga ngotak jarak ga sampai 1 km ongkir 16k 🙄",negatif
ded2364c-97a2-4238-9995-2f65ce96a6d7,Nisa Lannaja07,1,2026-09-13 15:43:01,"kurang ajar, aplikasi jelek, gk berguna",negatif
07e57e53-b72b-4b2f-98a3-3ee01bf00fa0,Dian Setiawan,1,2026-09-13 14:59:28,ini kenapa ga bisa go Transit Yakkk,negatif
9f6a0728-c3d7-461c-a7c4-d35cc7ac6cf2,Sovy Rmc,5,2026-09-13 14:56:30,okee sangat membantu,positif
25e735bc-2d1f-4ee0-99ef-af67af9d5a7e,Safa Syakira Nur Azkiya,1,2026-09-13 14:35:32,"holy moly, it's been worse..sulit dpt driver, hampir 1 jam gile, voucher kikir",negatif
1ddb6f5e-8181-47df-9a95-59615f9f3dff,Fahri Ilham,1,2026-09-13 14:21:36,"sebelum ada fitur ongkir murah rp 1, masih gampang dapet driver gofood. Setelah ada fitur tersebut driver tidak ada yang mengambil. Mohon kebijakannya untuk memperbaiki fitur tersebut. Terima kasih",negatif
acd9389f-1a13-4b57-aac7-11b0707aad50,Dian Mastuti,1,2026-09-13 13:52:27,udh nunggu pesanan 1½ jam tiba2 dibatalin sama aplikasi hdh - bgt ni aplikasi kecewa kali ini,negatif
d98e47a6-fda0-4b6a-a7e3-b21436809230,Dinar S,1,2026-09-13 13:21:11,gajelas dah gadapet driver udah nunggu 2 jam,negatif
764cf2c3-4e79-45b9-9683-316f50ea2f88,Mina S,1,2026-09-13 13:05:13,"LAMA BANGET YA ALLAH. hampir 2 jam ga dapet driver buat gofood, kataku perbaiki sistem yang jelek bgt+",negatif
a6a00d33-025c-4b3b-854e-cfad8cf949d9,Qairaa Wijaya,1,2026-09-13 12:39:45,"kemaren saya lagi belanja di daerah lampung hp saya di bawa kabur sama gojeknya, lalu kata saudara saya yang bawa kabur itu bikin status di WA saya""ada ada musibah "" kalau tidak salah lalu nomor HP saya yang di ambil itu diwa sanak saudara meminta uang😹😹",negatif
0948e887-28c2-42d6-b006-92e752cf70a6,Anyntii 1212,2,2026-09-13 12:24:15,susah bnget dapat driver,negatif
2d2f2589-ae59-4cff-822b-5c164e3886d3,Yoseph Hendi,1,2026-09-13 12:12:24,susah cari driver,negatif
d9ac78da-d03e-43cf-8945-ab6559b2d44e,Iman Hendryan,2,2026-09-13 11:39:02,"halo gojek,saya tgl 9 bln ini order gojek yg mobilnya tujuan hotel ke kost an ,saya kehilangan barang di mobil tpi setelah saya tanya drivernya dia bilang ga ada dan chat kita langsung di putuskan itu gimana ya kelanjutan nya?saya binggung mau tanya driver udh di putusin chatnnya",negatif
b4280b0b-eac9-4689-b66f-bcaac2959bb9,Caqsp5 Lovely,1,2026-09-13 11:25:35,sangat mengecewakan grab foodnya. driver tidak pernah ngambil orderan kalau cash. di ambon. tegas donk,negatif
11cc1bae-e69d-4ef2-8d45-1e59ab090cb6,Ria ria,1,2026-09-13 10:01:23,jangan sediakan vocer kalo drivernya gk ada yg mau ambill !!!,negatif
898b5456-b3ac-4f6b-abf6-c87b8665ae13,Tata Yudistira palupi,1,2026-09-13 09:41:35,"ada promo di pakai udah nunggu lama malah dibatalin, thnk",negatif
bdbdcaf8-50a0-4501-8717-50ad77ca0b67,Ellisa Yossiana,1,2026-09-13 09:34:10,"drivernya pada kasar semua dan melanggar lalu lintas. Udh salah, nyolot lagi. Dan dr pihak gojek tidak ada ketegasan apapun itu. Banyak sekali korbannya tapi pihak gojek hanya berdiam diri saja dan seakan2 sengaja tidak mendengarkan keluh kesah korban",negatif
11f087c6-d436-4245-bfdb-bab438ccc79a,Mochammad Fachri,1,2026-09-13 09:01:12,wajib uninstall..udh susah dapet driver harga nya juga mahal ga kaya dulu lagi,negatif
4a935b13-f8bf-4c54-ae9a-a9a6341d6742,Ade,1,2026-09-13 08:49:44,gopaylater saya ga bisa di gunakan lagi padahal limit nya 10 jt,negatif
80dfb90d-48f1-41ea-a55f-c01303b6add3,Dewi Bestari,5,2026-09-13 08:48:03,"sangat membantu aktivitas saya, baik itu saat tidak bisa masak bisa membeli makanan by gofood, sangat membantu saya utkengantar ke tempat tujuan",positif
5de98b9d-727f-47e4-9ce8-428d602c3f32,akun gabut,1,2026-09-13 08:17:57,ga ada di tempat ku,negatif
ec9d48b9-fd27-4982-9c83-bd584abca7ee,Wiji Astuti,5,2026-09-13 08:10:44,lebih aman dan nyaman,positif
c9b2262a-3ab8-43a1-9953-ed9d88bb0a2a,BARTIGA PRODUCTION,5,2026-09-13 08:09:20,"⭐⭐⭐⭐⭐ Sejauh ini puas pakai Gojek. Aplikasinya gampang dipakai dan cukup lengkap, mau pesan makanan, transportasi, atau kebutuhan lainnya tinggal buka satu aplikasi. Driver juga banyak dan proses pesanannya cukup cepat. Semoga ke depannya semakin bagus dan fiturnya makin lengkap. 👍",positif
90801dca-4015-4c90-ac31-1a8c5b13fab5,Alexsa erica,4,2026-09-13 08:01:10,"Hello saya ingin bantuan nya, untuk ditampilkan semua aktivitas gofood dari tahun ke tahun bulan ke bulan, saya kesulitan menemukan toko makanan yang pernah saya beli, jadi hanya aktivitas status ini lah yang bisa bantu saya untuk menemukan toko food tersebut, namun kendalanya kenapa aktivitas status hanya di tampilkan sebagian hanya sedikit jadi saya kesulitan untuk menemukan toko food tersebut, saya mohon untuk ditampilkan semua aktivitas status supaya saya menemukan toko itu 🙏",positif
4277f5c1-8525-415f-b9ae-af8a637a13d1,Kang Shae,1,2026-09-13 07:39:39,kebanyakan notifikasi yang tidak penting...!!!,negatif
dd4f8bab-5882-400e-ab51-1005b5d7c1d7,ulfanov lestari,2,2026-09-13 07:33:51,"harganya kok berubah2, mana makin mahal lagi. baru aja kh keluarin trs login ulang, ga sampai 3 menit, harganya berubah drasti dari 49 ke 83 ribuan gocarnya. gojek biasa 29 sd 33 ribu skg 45 ribu sd 49 ribu. masa iya begini dalam waktu kurang dari 24 jam drastis banget!! selaij harga berubah masa iya harga mahal tp motor yg digunakan driver mengkhawatirkan?? harusnya dilakukan pengecekan berkala dan dadakan dr tim gojek. MAHAL GAPAPA TP PASTIIN SELARAS SAMA KUALITASNYA 🙏🏻",negatif
92506008-d6df-49b5-a0ab-d0fb4963bebe,Rabiatul Adawiyah,4,2026-09-13 05:36:02,"gojek selalu jadi pilihan saya walaupun ada 2 kali transaksi yg bkn saya lakukan dan dilakukan oleh org2 yg tdk bertanggung jawab, kedepannya saya harapkan pihak gojek dpt mengamankan aplikasinya agar tdk bs di tembus atau di salahgunakan, terimakasih gojek sudah jd bagian keseharian kami selama ini, semoga gojek bertambah sukses dan maju aaminnn",positif
7a9fea52-e117-4228-967e-cd0ba3b8dc33,rikko agan,1,2026-09-13 05:33:30,mesen food aja ampe harus nunggu 2 jam,negatif
0985178c-f26a-40d7-acff-a5a3c3a5c38c,Lutfia Shiva arkhani,1,2026-09-13 04:51:03,"mitranya tukang motong jalan buat ke jalur busway, bikin kecelakaan orang doang",negatif
5bd6a831-7446-4d5d-a647-11ddcf7443be,Armi Armi,5,2026-09-13 04:48:54,sopan dan ramah,positif
edd6a426-af3a-467d-b55f-290212a45ecf,Rheina Kunti Prameswari,1,2026-09-13 04:26:40,"setiap kali ke aplikasi apapun, klo iklan nya gojek, ga ada ""x"" nya. selalu... padahal iklan lain kayak game, lazada dan shopee ada itu tanda silang nya. Gojek ga ada samsek! aku harus keluar dari game atau aplikasi (online) setiap kali iklan Go-Jek muncul... ga nyaman banget",negatif
e2fbce9a-9260-4a97-9ad9-34d3b2c5e650,Rosa Rosdiana,1,2026-09-13 03:33:59,"ini gojek gmn si maps nya ga jalan, setingan udah bener update terus, gw mu ngorder gojek dari pisang mas Harapan Baru Bekasi ke stasiun cakung, ini ngapain titik jemput gw malah di tigaraksa kab. Tangerang..ngaco banget ga kaya grab udah auto.",negatif
1b715cb9-a986-441e-940f-6a9944821ded,Nando Argo pratama,1,2026-09-13 01:44:43,sayang banget tidak ada pembayaran Qris atau pakai dana hanya tersedia gopay dan link aja selain itu harus pakai kartu,negatif
316d56b5-e729-4540-b526-4028ecb72488,Admin Pelopor,1,2026-09-13 00:40:23,"Tolong drivernya di pantau, harga udah deal, setelah sampai tujuan malah minta tambah 20ribu. kacaaaauuuuu, kapok pakai gojek, cukup sekali aja...!!!!",negatif
501ec894-68b1-45cb-9336-c8e67a6cd153,Let It Be,1,2026-09-12 23:59:20,ngebug anjing GK bisa login misi,negatif
a8c6c244-d7b6-4160-9ce5-c0b301343747,Muhammad Evan Azhar asy-syifa,1,2026-09-12 23:56:05,iklan jelek busuk hama ganggu anjenghg,negatif
ce8bfa31-ae5c-4240-a8b4-6e0861241c1f,Fina Nur Azizah,2,2026-09-12 23:03:20,"Promo dikit, sekali promo gede ga ada driver yang ambil, jadi buat apa sediain promo? gojek plus juga kaya ga guna",negatif
871b2833-e612-4e06-88a4-29930f233280,say another,1,2026-09-12 22:56:01,bener bener secapek itu sama gofood yang kurirnya dapat after 45 menit dan masih harus nungguin makanan dimasak dan as always gak bisa di cancel dan lagi tidak pakai fitur pengiriman murah,negatif
90e7fb21-7fb2-4289-b569-8895acc859c7,putri alyssa ramadhani,2,2026-09-12 22:03:57,"Apknya overall oke ajaa. TAPI IKLAN PLIS DIMANA MANA, mana kadang tu gaada tombol x nyaa terus org gaada mencet apa apaa tiba tiba beralih sendiri ke apk nyaa. Tolong lah kak iklannya ini di anuin, minimal tanda x lah. Kadang saya lagi ngedit atau kerjain sesuatu jadi hilang ggra iklan gojek ni, dia masuk sendiri ke apk gojeknya padahal gaada yg mencet, pas dikeluarin dari apk kerjaan saya jadi hilang, harus ngulang lagi dari awal. GAJELAS BGT IKLANNYA TU NAH.",negatif
cd1aedb7-2366-434c-902f-c2266b2a6a74,fuzaziaty sahksena,1,2026-09-12 21:59:14,"mending ga usah tampilin menu promo, driver ga ada yg mau ambil, susah dapet driver nya, buat apa di adain tapi buat penggunaan nya kurang, udh sering banget pake promo tapi cari driver lama padahal saya menggunakan selayaknya costumer , mending hapus aja promo nya ga berguna juga, dan mungkin saran aja ya, kalo mau bikin gebrakan kalian ajak orang lapangan buat diskusi , kira kira gebrakan begini buat kalian gimana, menurut kalian gimana,gtuuu aja si .",negatif
7de303f4-215c-48ac-8f6b-11260f2a9f47,D.A.S gaming,4,2026-09-12 21:54:28,Mudah untuk berpergian,positif
34d78ae2-7236-4b95-a116-a5196417802e,Maō Sama,1,2026-09-12 21:33:03,"setiap pesan maknan. selalu lama bngt pengirimanya. pdhl saya klu beli maknan selalu saya lebihkan uangnya. hadeh payah di gojek sungguh pilih"" driver nya.",negatif
2f0ab53b-445f-4725-9df0-8623593c499b,Tantu Maulvi,1,2026-09-12 21:16:32,pengiriman makanan sangat lama dan tidak komitmen,negatif
1c1cfd65-708e-4ba4-bd41-d7f26d0356fb,Daffa Athalla,1,2026-09-12 20:57:02,"gojek najis, apaan mesen gofood dah sejam gak dapet driver, ngeselin co ketara bener sengaja dr sistem nya. gak mungkin driver gak mau ngambil, emg sistem lu aja yg picik huuuu jelek lu gojek, i hate you gojek. 😤😤😤👎🏻👎🏻👎🏻👎🏻",negatif
5a1e2749-82dc-43b6-9e6a-549fa89ca987,Gunawan Agustino Nainggolan,1,2026-09-12 20:32:57,"semua pesanan lama, di atas 1 jam semua.",negatif
aa027d76-f905-42c7-a209-58567b54d9c3,Tommymanullang Manullang,1,2026-09-12 20:30:38,saya sdh uninstall apk ini.saya sangat kecewa krn saya mendapat chating bernada pengancaman .dari pihaķ penagihan hutang.yg seharusnya bkn ranahnya..,negatif
cdccbb6e-1b39-445d-aaf2-d30f47b69c7a,Dedy Krisnady,1,2026-09-12 20:21:33,"Mau Transaksi Tidak Bisa,Karena Terlambat Bayar Di Produk Lain... Gak Jelas",negatif
90ad4c4f-d5b5-4dd7-9f3f-bec304482369,Zhafira Sayang,1,2026-09-12 20:19:59,saya pelanggan gojeg bertahun2..tapi saya kecewa ketika ada masalah sama mitra ojolnya GX selesai2 dan terkesan berlarut larut..,negatif
45646d67-aa48-4d46-a1e9-619502737176,Obay NL13,1,2026-09-12 20:17:14,aplikasi sampah . kebanyakan program ini itu . aceng lah . slot food . go ride . gosend . babi semua gojek . lu tandain ni yang koar koar,negatif
ceef92f3-7ae9-4a66-a802-abd4c399ed1c,Lord Gaming,1,2026-09-12 20:16:37,gopay pinjamnya sangat buruk sekali penagihannya cuman telat sehari nagih kayak anj,negatif
433268c5-40ee-4a82-8b21-c32cb95cbadd,Mas Beck,5,2026-09-12 19:46:17,bagus sih..cuma agak sulit kalau dikampung....,positif
6ad74b3d-12e1-4034-b3f6-1265b04f0a67,azhar nadim,1,2026-09-12 19:03:54,"gajelas!!!! makin hari ngorder makin gajelas maps gajalan , driver ditanyain ga dijawab di telfon ga diangkat gimana mau tau kejelasan ada dimana posisi nya!!! aplikasi gblk",negatif
b31dbc7f-b0d4-40f3-ab37-5778fd8862be,Muhammad. Adjie Setyawan,1,2026-09-12 18:30:53,"pengantaran sangat lama, order dari 17.03, sampai 18.11 belom tiba",negatif
5c9ad3df-38dc-4af1-82cc-2c388ca842d0,Fadil Rifqi,1,2026-09-12 18:27:47,"aplikasi lambet, tiap kali mesen gangguan kayanya kebanyakan mencet, aneh tolol",negatif
84524295-a644-4abc-aeef-e8369f55e2bb,Eno,1,2026-09-12 18:26:13,"segitu banyak nya driper, hampir g ada yg pickup. sekalinya di terima malah gak gerak, parah. mesti di review",negatif
b309c5b5-52ae-405b-b4ee-9355a8637363,fattah abiyyu,5,2026-09-12 18:14:20,pelayanan cukup bagus saat go food terima kasih,positif
709ad2d2-f58d-43ed-9a34-fd94a9c95493,Mujim Al majid,2,2026-09-12 18:13:22,"Qa nya gimana sih, kok bisa bisa nya bug sebesar ini muncul dan lolos test case : jadi, saya order go ride kendala nya tidak dapat driver terus menerus, saya cancel donk pencarian driver nya nah di apps itu di latar belakang malah terus cari driver kembali yang mengakibatkan double order ketika ingin mencoba cari driver kembali, tolong Qa dan tim Dev gojek evaluasi bug ini, saya sudah mengalami hal serupa sebanyak 2x front end apps anda sudah bagus masa penanganan di dapur nya seperti itu🫠😅",negatif
e1bac7f1-cee5-4ea8-bc2b-5a814c43dcc8,Bagus Ismail,1,2026-09-12 18:03:36,"lu punya driver pada butuh duit tapi males narik, nge go food bukan yg hemat juga smpe telat 1 jam, udh 2 jam gua nunggu pesenan gada yg ambil, jelek bgt kedisiplinan driver2 lu",negatif
23087916-e299-445e-bedd-1f91d1a75614,Zalfa Qurrotu Aini,1,2026-09-12 17:47:49,"Saya nunggu 2 jam lebih pesan makanan via gofood, ujung-ujungnya pesanan dibatalain. Buang-buang waktu orang lain saja !!!!",negatif
f374be9b-91a5-4598-9f2e-be7e6b20c860,Dwi Dyaz,1,2026-09-12 17:04:03,aplikasi gajelas masa mau gofood berkali² gadapet driver mulu udh nunggu lama tau² dibatalin dari pihak sana alasan ga dapet driver,negatif
0e0e080a-2a02-4c39-b4c8-bfdea3df6393,Pengguna Google,1,2026-09-12 17:01:00,"tolong kak, kenapa saya pesen gocar kok yang datang taksi, plat nomernya:AE1042UB, toyota limo",negatif
c4197b12-9517-4bb1-84a5-5783fad6192d,Hotib Sianturi,5,2026-09-12 16:51:27,murah merih drivernya ramah,positif
d18783be-88cf-49e6-bd18-19a9aa287c7f,Airaa Alyciaa5,4,2026-09-12 16:51:22,"ini emang kalau mau gosend itu kadang suka gonta-ganti driver ya? cuma amu ambil sertifikat olimpiade di satu universitas aja harus gonta-ganti driver, mana sampai batas jam yang ditentukan sama pihak kampus nya 😞🙏🏻",positif
8067ed01-7f90-47d1-a649-e0ec3ca34c9d,kiulvan,4,2026-09-12 16:50:16,"duh tolong dong gojek, ini knp skrng kalau cari driver lama banget. Ga gofood, goride, gocar, semuanya lama, udh gt kadang kl udah ketemu driver, drivernya yg lama, mana skrng driver pd suka minta cancel tp dr dianya gamau cancel sendiri. Tolong dibenerin sih ini, pusing",positif
7a588eae-d338-4601-a0ce-330d18ebdf4b,vinsmoke,1,2026-09-12 16:49:39,"Akhir-akhir ini lagi susah banget dapet driver di gofood dan selalu saja di undur untuk estimasi diterimanya, heran saya, gunanya ada estimasi pengiriman apa kalau pada akhirnya di undur terus? Tolong di perbaiki",negatif
0f44fc2e-cae1-4dbf-a0c6-87009b283bf1,Ani Sofia Diyani,1,2026-09-12 16:47:40,disaat perlu cepet pake banget malah susahnya minta ampun.. malesin banget,negatif
65ff10ac-c5e5-4bb8-a497-c95d5d664779,Kamila Kamila,5,2026-09-12 16:44:20,mixue nya enak,positif
528d8a8e-f4d5-4c26-b6fa-7263c8d196bc,Muhammad Azis Khamndani,1,2026-09-12 16:40:39,"semakin kesini semakin buruk, mau pesan gofood, makanan 2 item harga 71rb, jarak ke resto cuma 3km, tapi biaya penanganan sampai 50rb.",negatif
1b6764ab-fdfe-4412-afce-2c086ae3d50d,Rafif Fharka,1,2026-09-12 16:30:19,lama dapat drever,negatif
62709809-2a1b-43ba-9357-348335b292a0,F44NK 29,5,2026-09-12 16:28:50,Semoga mitra Go-Jek maupun gocar bisa lebih friendly dan tetap humble,positif
a6262890-44a2-4e29-8a57-150049909e38,Zaskia Faradiba,4,2026-09-12 16:24:00,"Kalau cari driver lama, mentang mentang pake yang murah.. pdhal kalau mau ambil pasti tak lebihin orang orang tu.. dah gitu pernah ada yang gk sopan.. makin males pake gojek",positif
354fa20e-bad3-458b-a243-4731770b27d9,Acmilan Milano,5,2026-09-12 15:32:47,ok lumayah buat order jika lapar mendesak malam sip lah,positif
aaf63380-8bee-4757-bead-9c00df59a712,Opoy hafar 23,5,2026-09-12 15:10:20,semoga bisa bantu orderan yang baik dan gacor orderan ny tiap hari gacor orderan ny bisa bantu kebutuhan keluarga saya dan bisa bayar motor sewa tiap hari,positif
ae136a7f-1355-4e67-8856-00bdc2ef301b,Falih Murfid,5,2026-09-12 14:54:08,aplikasinya sangat mantap,positif
44ed7050-31ad-45d8-a644-ce503f5653c6,Mubarikah Nursat,5,2026-09-12 14:26:47,"Pelayanan cepat, dan ramah drivernya",positif
543873f3-3cb6-4414-b3e8-37309ec1da20,Aas Widia,1,2026-09-12 14:02:30,"nunggu gosen 40 menit giliran udah 40 menit dibatakan totomatis """,negatif
e7a5a159-560b-4818-99d3-e800307606c2,Agus Santoso,5,2026-09-12 13:53:21,membantu perjalanan saya,positif
52f60c7f-0485-4600-9dc3-8c9ef8d1e7fd,deni rachman,1,2026-09-12 13:06:11,"kasian drivernya tabungan aja d ambil jg sm gojek,aplikasi terzholim d dunia,sampai penumpang jg d kenakan biaya🤣🤣🤣,sekarang mah terang terangan jadi maling gojek ini k penumpang dan driver,sungguh memalukan sekali",negatif
e7faecbb-0ab0-4721-ba5c-abd31688f9bd,celsi clarisa,4,2026-09-12 12:50:14,"gojek sekarang knpa sih cari estimasi yang jauh yang muter"" gk jelas jalan nya,padahal ada yg dekat kadang jd lama sampe gofood punya saya.",positif
76045e72-0362-4c8e-a4e6-cf6067963401,Azki Nizam,1,2026-09-12 12:41:30,"apaan gua mesen makanan beberapa di aplikasi ini ga pernah ada yang mau ngambil driver nya,mana gua udah kelaparan mnyet",negatif
e443c06e-3052-4cd4-8092-4e43fe90a6ab,Kardiaman Sinaga,5,2026-09-12 12:27:36,"untuk titik jemput tolong dong di perbaiki,tiap pakai gojek titik jemput selalu bermasalah udah berkali2 di ketik tetap blok lain yg dapat,akhirnya selalu chating driver ngasih tau blok sebenarnya,pernah lupa chat driver dia nunggu di blok lain saya nunggu di depan rumah,keseringan map selalu nunjukin blok disebrang rmh",positif
9a385d8e-cd02-416d-a20c-ac9ba07f7a7c,wici channel,2,2026-09-12 11:48:56,"lebih baik bikin 1 harga aja, dari pada murah murah tapi pesanan tidak di antar",negatif
327bf020-ec40-44a0-b8d5-6687e2f96c27,Wisnu Catur Saputra,5,2026-09-12 11:38:09,"kenapa kalo sabtu&minggu gojek selalu milih rute terjauh, rute normal cuma 2km malah jadi 5-6km dengan biaya yg lebih mahal dari biasanya.",positif
b9e60b9b-f4da-4259-8b4f-e9d9544c7a1d,Cahya adinda Putri,2,2026-09-12 11:29:17,"di Medan ini emang sikit driver yaa? saya berapa kli pesan lama dpt driver gofood ,smpai 2jammm itupun gak Nemu jugaaa bukan skli dua kali loh ,saya kira kmrin gdk dpt driver krna hujan kali ya...iniii saya pesan dri Jam 9;30 SMPK jam 11:30 belum dapat driver,kapok la hujan gak hujan juga susahh driver.",negatif
cd477a8b-b908-4b87-bbfb-f8dcacd61375,Asep “Anom”,5,2026-09-12 11:18:47,layanan dan informasi ok dan tidak lelet. tarip akurat sesuai dengan yang tertera di aplikasi.,positif
1ea7e341-595b-4e6e-bd75-0b0ee683df07,Waskad Aja,2,2026-09-12 11:12:24,"jarak dkt tambah mahal,beda 4.300 auto pindah ke sebelah,yg sblh lbih cepet dapet drivernya,mkin kecewa aja sama gojek",negatif
ac8fdd23-b39a-43e0-9b6f-5cc9c69b91b2,Andika Safrino Putra,1,2026-09-12 11:03:03,saya pesan gofood dari jam 9 tapi sampai jam 11 makanan tidak menemukan driver untuk diantar,negatif
93a200fb-ec0e-4f4c-bc87-4508d857e201,Muz Aja,1,2026-09-12 11:00:35,"Pernah pinjam pay later, gak pernah ada notifikasi jatuh tempo, pay later cuma 30ribu, gara gara gak ada pemberitauan jadine kena denda jatuh tempo sebesar 50k, dan ati ati kalau minjem di gojek, saya sehari jatuh tempo karna gak ada notif jatuh tempo, keluarga saya langsung kena teror sama tukang tagihnya, ngancem ngancem gak jelas pokoknya",negatif
9ffec3f7-bc84-4f9b-9c83-55fd068507b1,Inthan Fitrianii,5,2026-09-12 10:53:15,"aplikasinya good banget ♥️ mungkin beberapa driver nya sih yg agak gimna gitu, fungsi order 2 titik itu biar gk ngrasa keberatan tp ternyata si driver mlh bilng jgan lama lama ya kak 😒 lah aku kn pesen 2 titik emang sengaja biar bisa mampir kocak mknya suka mls klo di suruh order lagi",positif
eb1effc6-e595-4e94-a1ea-3c8631284284,Ilham Muhamad,2,2026-09-12 10:21:37,perbaikin lagi dong masa saya babtalin pesaanan uang saya ga balik lagi waduu,negatif
4b68c1fa-95cf-469a-99cf-6c6860b2d45d,Santi Oktavia,5,2026-09-12 09:33:52,sangat membantu kelancaran aktifitas sehari2,positif
f5a6024b-aef0-4671-ab6f-715f12c08f3d,Windy Sovarina Surya,1,2026-09-12 09:11:25,"langganan plus ga worth it, pengiriman nyari driver luaamaaaaa, kapok pake gojek sekarang ga kek dulu lagi",negatif
36ee96ee-900b-459d-8e83-e46498f812bb,Nisrin Bajarad,1,2026-09-12 09:06:20,"pesen gofood berkali kali di cancel dan engga dapat dapat driver, pdhl udah nunggu dri jam 7 pagi sampe jam 10 aplikasi ga jelas",negatif
cdd53589-947b-4382-809e-b981bfcdaa22,Ropi rizky,2,2026-09-12 08:53:45,pollll itu fnj yg ikiii yg tidak jelas Muko di Indonesia iklim i yg t g.il OOOO yg. ada FC Ok loll PO o,negatif
0912246c-f1f5-4093-833f-ef4bb1cab80b,Abdul Yahya,2,2026-09-12 08:34:19,"pesan makanan harga 63000 ada diskon 50 persen maks 34 rb.harga makanan menjadi 31000.top lah gopay 35000.rupanya pembayaran gopay yang 35000 tidak bisa di gunakan,berarti harus top up 63000 gitu kan maksud mu.terus ngapain kau buat promo kalo toh juga harus top up sisa lebih nya.biar tertanam saldo nya di situ gitu biar nanti di pake lagi kepala otak bengkak.",negatif
17f39c3a-f047-4973-a39f-f2c6482309c6,Asih Cantik,5,2026-09-12 07:54:02,"baik, ramah 👍",positif
803eae3d-c699-43ce-a551-de3fda145c30,Felix Pearlando,1,2026-09-12 07:50:55,Tidak bisa memberikan rating kepada driver yang suka memainkan waktu konsumen,negatif
a5f05488-8486-4fd9-94a7-160eb2b0dc75,Algi Firdaus,1,2026-09-12 06:39:00,"aplikasi aneh, tiba2 di keluarin terus verif face id",negatif
7ea4ca09-4326-4720-a202-a5cae0709ca0,Rani rima,5,2026-09-12 06:35:14,terimakasih selalu ada dan selalu bisa di andalkan gojek selalu bisa disaat di butuhkan,positif
4e766b03-693e-4499-8090-00c0e9b8cfb4,Dadang Febrian,5,2026-09-12 06:24:54,"sangat membantu untuk aktivitas saya, baut kirim barang dan murah ongkir nya, sukses terus GO-JEK.",positif
322afc0a-71de-409c-b856-318e1d94dc24,EDI MONAS,5,2026-09-12 06:18:24,aplikasinya bagus bnget saya sangat suka...🔥🔥🥰🥰,positif
f4d883b3-874b-46b8-9b1a-dd287d56cb0e,Rusman Pamungkas,5,2026-09-12 06:08:58,Alhamdulillah paylater kembali lagi 😍 terimakasih gojek 🫠🥳,positif
1a20ab79-c1e6-458a-9793-8107562e387a,Iksan Al,1,2026-09-12 03:13:29,apasih drivernya g dapet dapet mana lama BANGET lagi,negatif
bae34961-1079-404c-b519-7807b47b8ca2,ajjay katro,1,2026-09-12 02:33:05,"MAIN BOLAK BALOK TIBA TIBA ERROR DI APLIKASI YANG MEMEBUAT SAYA RUGI TIDAK DAPAT 20K GOPAY COIN, SEDANGKAN SAYA SUDAH SAMPAI 10.007 POIN. SAYA MERASA DIRUGIKAN WAKTU DAN RUBY SAYA. SAYA MINTA PERTANGGUNG JAWABAN ATAS KENDALA INI.",negatif
ef94e989-1454-42fd-bf0f-b3a10195ca97,Cyber Gaming,1,2026-09-12 01:38:11,"hadehh udh nunggu sejam lebih blm jalan"" drivernya",negatif
30c14ef7-e462-41ce-b8cf-d6dc206c8c40,Farhan Muhammad,1,2026-09-12 01:15:34,"gda bedanya iklan lu sama shopee, sama sama maksa",negatif
c4543c55-4b7c-41d9-935f-95f4d074c65e,ludfi diana,1,2026-09-12 00:47:59,"3x aku pesen makanan non cod dan itu mesti di cancel otomatis sama apk karena alasan gaada driver di deket resto, padahal posisi aku di tengah kota dan banyaakk driver di sinii helloo, uda laper2 nunggu 2 jam lebih eh di cancel. masalahnya ini di kota ramaaii di kota besar bukan di pelosok emg sesusa itu kah",negatif
a8f3fdbf-af8c-46d0-a685-8eef7c572bd1,Untung Slamet P Driver,1,2026-09-12 00:45:16,Buat bayar lewat Qris...ada kendala...gak kebaca...,negatif
3316b69e-7986-4487-9fe9-46a860c9445d,Elsandaacangtip,1,2026-09-12 00:34:16,"pesen shopeefood susah banget dpt drivernyaa, mana lama lagi walaupun nunggu 40/50 mnt lebih ttp ga dpt driver",negatif
01843320-7873-476b-8e54-400df9caec93,AgusTjahjono wibowo,5,2026-09-11 23:59:17,drivernya sangat ramah dan membantu,positif
085cb187-2d4f-4910-9178-b028d6fd4aec,Lokkot,1,2026-09-11 23:52:07,"selain alat transportasi GOJEK sudah beralih fungsi sebagai alat buat Nagih tukang tagih,alat intimidasi, dengan ini saya ingin menghapus permanen APLIKASI GOJEK karya anak Bangsa Deb Collector",negatif
8f97cd53-1772-4644-ac76-c241fa5fc717,Khusnur rijal,5,2026-09-11 23:43:12,mojon gopay latery di altifkany butih dana secepaty,positif
e9819dec-d831-4420-9bd9-4442b7e58009,Ari Mania,1,2026-09-11 23:35:41,susah cari driver lama banget cari driver food nya,negatif
0b37fe0b-1267-41fb-9329-c08b4e6393c8,Ristiani,5,2026-09-11 22:49:29,Aku dari Hongkong bisa order Makanan buat keluarga di jogja,positif
afe95175-b86b-409c-8094-1ae89f660227,Sahyudiakbar Alamsyah,1,2026-09-11 22:36:46,sesusah apa sih pesan gofood nunggu 2 jam gak dapat dapat padahal masih jam 8malam saya pesan dengan alasan driver sibuk,negatif
46e0ee15-8395-4c28-9bbb-2ded697ffe10,Frans Simamora,1,2026-09-11 22:26:19,"aplikasi kocak, driver batalkan gofood bisa, giliran costumer ga bisa harus nunggu satu jam an baru bisa, perbaikan lagi deh fitur nya , kau pikir kami ga lapar makanya pesan gofood mu , tau gitu bagus beli di warung lansung siap ga perlu nungguin lama lama",negatif
0ae27ff8-c94e-476b-921d-3238271f7422,Husnul Mustafidah,2,2026-09-11 22:08:55,"TOLONG YA NYARI DRIVER BUAT GOFOOD AJA LAMA BGT BAHKAN SAMPAI DICANCEL SENDIRI, SAYA UDAH NUNGGUIN 1 JAM NAHAN LAPER HABIS FULL KEGIATAN HARUS DI CANCEL ANJIR",negatif
2a98beef-5a05-4622-b529-4b8ea564dac8,Akagami,1,2026-09-11 22:07:30,Kenapa yah pesen gofood jadi sudah banget dapat driver?,negatif
4581f218-1680-4c1c-91b9-cae53404b21c,ARIS SAD ID,1,2026-09-11 21:26:12,"SISTEM GOJEK SEKARANG UDAH KAYAK PREMAN, SEPERTI MALAK PELANGGAN. KALAU PAKAI ONGKOS MURAH AKAN DI PERSULIT DAPAT DRIVER, KALAU PAKAI CEPAT ONGKOS NYA TERLALU MAHAL. SANGAT TIDAK NGOTAK. PESAN GOFOOD, LEBIH SETENGAH JAM GAK DAPAT DAPAT DRIVER, SAMPAI PESANAN BATAL.",negatif
6cf80040-d3a9-45ac-b5cf-df66f3b803e0,Debbie Madayanto,1,2026-09-11 21:24:37,"Kenapa akun gojek saya tiba2 diblokir katanya ada penyalahgunaan voucher ? Kapan disalah gunakan ? Toh yang belanja hanya seperlunya saja Mungkin dicek akun saya, penyalah gunaan vouchernya dimana ? Kalo ga bisa mau dipakai tiketnya yaaahhh jangan dikasihhh ,,",negatif
f4a5621f-bdbe-4654-b2cb-3fb32878f2cc,Ainun Putri,1,2026-09-11 21:21:32,"bikin emosi, jelek banget, saya lagi pesan gofood, dari tadi saya tunggu malah tidak ada datang datang, udah lewat juga estimasi waktu nya, orang udah lapar, malah makanan nya tidak datang datang, lalu kita juga tidak bisa chat resto nya, karna cuman restonya yang bisa chat ke kita, jengkel banget,mana tidak bisa di telpon juga, lain kali bikin aplikasi itu buat agar pelanggan bisa hubungi resto nya, juga buat pengantaran itu sesuai sama estimasi waktu nya.",negatif
b8367eac-01f3-48b2-b81a-9ad33b635588,Anung Nara,1,2026-09-11 20:59:01,"lemot, mangkelno tambah larang",negatif
41d5ed25-cc5a-4037-9bee-5a979ab51721,Stewart Furniture,1,2026-09-11 20:54:36,kalau pakai diskon selalu ga dpt driver. aplikasi sangat mengecewakan,negatif
b0772b3f-cf81-48d2-ba1a-fd51a8bf0dbb,Aq W,1,2026-09-11 20:38:35,"mengecewakan gak dapet driver sesuai estimasi sampai kapan suruh nungguin Ampe 2 hari atau 7hari ,gak pernah belajar dari kesalahan gak usah bikin aplikasi lah cape nungguin cuman buat hasil zonk",negatif
d9310d56-fc07-4a95-a0ad-ae5fb7c7de0f,Bunga Marina,4,2026-09-11 20:36:29,kadang harga di aplikasi ini lebih mahal,positif
5167033f-6576-42be-b408-54f0dfccbb96,Nanang Bagus,1,2026-09-11 20:24:30,makin tolol aja ini aplikasi pesan makanan dekat banget aja sulit dapat driver aplikasi GK guna,negatif
bf7508ef-8334-47f1-99b2-cbba3ad01f0f,Arsya Rizkya Firdaus,1,2026-09-11 20:23:23,"pake delivery murah ga dapet dapet driver udh 1 jam lebih, dan bener bener gaada yang ngambil, kesan nya kayak dibeda bedain bngt, pengantaran agak lama gpp, tapi ini bener bener ga dapet samsek, akhirnya sy batalin pesanan nya",negatif
9b98af54-9f03-40d1-b7c3-6a2b8472228c,AFRI JAYA Chicken,1,2026-09-11 20:12:55,Gofoodnya kacau... Udah nunggu 1 jam lebih malah ga jelas,negatif
90ce889d-7420-48c2-b4e4-5e4ebd353a36,Sasori,1,2026-09-11 20:10:52,mana voucher google play nya?????,negatif
624a3cc6-2304-4bc3-8e53-fe85955a641f,Mpv Ham,1,2026-09-11 19:29:58,Pesan buat yang baru install gojek lebih baik gak usah berlangganan Gojek Plus karena sam aja gak ada bedanya dengan tidak berlangganan. mahal semua gak ngotak apalagi pesen makanannya lebih murah di Shopee ya gaes apalagi shopee kalian berlangganan Shopee VIP jadinya jauh lebih murah daripada gojek ini. saya sudah membuktikan dan menyesal langganan Gojek plus,negatif
9196f3a0-2c1f-422a-86b1-f4e74291304a,Lukman Harun,1,2026-09-11 19:14:02,terjadi kecurangan yg dilakukan aplikasi terhadao mitra driver gojek 100% curang,negatif
1dc61911-8893-463f-9189-5efa4ce953f9,Rasya Prakasa,1,2026-09-11 18:56:18,"Jujur gw kecewa si Kalo emg Fitur Murah di GOFOOD Emg iya harganya jadi murah dan emg dianternya lebih lama, tapi yang gw masalahin adalah ketika Restoran jadi Ogah ogahan Masakin makanan kita apa apaan di aplikasi ditulis Jam 19.46 tiba Ini belom dibuatin sama sekali padahal udh 20.00 lebih, giliran gw pake Fitur Cepat langsung di buatin emg Mandang Harga Kah??? kalo emg gt mending apus dah Fitur ga guna gw udh laper Nungguin makan eh ternyata belom dibuat Kecewa banget jujur gw",negatif
ce5325f0-24c6-4670-954a-e546387c2d4c,Lampunk,5,2026-09-11 18:07:53,"tolong buat admin gojek, aplikasi gojek driver di buat verifikasi waktu seperti aplikasi Grab sudah menggunakan fitur verifikasi waktu, untuk mencegah adanya penyalahgunaan akun gojek driver, saya sebagai Castemer sangat merasa di rugikan, apa lagi jika mendapat driver yg tidak sesuai dengan yang terdaftar di aplikasi gojek driver, terimakasih",positif
145d9505-7d20-45e0-8b90-6ea6ba31eb2e,PWT TeamZ,5,2026-09-11 17:49:36,"Aplikasi sudah sangat baik, tapi mohon perbaiki sistem edit lokasi GoCar. Saat geser titik beberapa meter (niat bantu driver biar gak salah jalan), tarif langsung naik drastis. Kasih popup peringatan dulu/konfirmasi harga baru terlebih dahulu. Kesannya penumpang dijebak karena harga berubah sepihak hanya dengan sekali pencet tombol. Tolong hadirkan pop-up konfirmasi tarif baru sebelum lokasi resmi diubah agar lebih Transparan. Sukses terus Gojek!",positif
e7f53723-ebbe-4e9a-8081-96dd1e615f78,Lik Herp,1,2026-09-11 16:45:20,"ini gimana sih penanganan nya prihal top up yg ngga masuk udah seminggu proses ngga selesai selesai mau sampe kapan saya di suruh nunggu,tlfn customer service udah sampe 3x masih aja di suruh nunggu",negatif
5a1f4b0f-604e-487d-a742-c67d63b35294,Aneska Velvet,1,2026-09-11 16:21:23,"tolong buat gojek tanpa perlu pakai sales udah yg pakai, bersaing lah sehat. saya sebagai pengguna gojek kecewa tak perlu salespun udah menang dari maxride dan Maxim . bersainglah dengan sehat",negatif
70a1beeb-e7e4-4450-8139-10a781e04df4,Vicky Permana,1,2026-09-11 15:59:00,"tolong dong buat aturan bagi driver gojek instan atau paket, buat aturan kalau gosend paket itu harus foto penerima minimal foto rumah ,jangan foto asal asalan .. paket selalu gak sampe sama nyasar .. driver gojek ada yg gak jelas kelakuan nya soalnya barang sudah sampe tapi yg di foto apa tau cuma buat buktii... saran si harus ketat dan bisa di hubungi nomer whatsapp nya biar gak banyak kekeliruan sama yg pesan instan pake gosend , orang bayar ongkir instan mahal"" driver nya gak ada pikiran",negatif
c0427217-309d-4b15-877f-a239ba0dcf9b,Silvia Latifa,1,2026-09-11 15:42:03,"jelek ahh aplikasinya, masa kalo dapat promo harga murah gadapet driver, trs kalo gitu gunanya promo apa? mending aplikasi sebelah bye",negatif
851ef0b2-84fc-45b3-b04a-a14f710a1d72,motz zaa,1,2026-09-11 15:37:49,KALO ADA KENDALA GAK BS LANGSUNG LIVE CHAT... CM DILADENIN SM AI ... PELAYANAN NYA JELEEEKKKK MERUGIKAN CUSTOMER DAN SELLER,negatif
d3c0244e-a04e-4486-81a0-dc89260177b9,Fatia amira m.p,1,2026-09-11 15:34:32,"kenapa sih kalo mau pesen makanan harus nunggu 1 jam dulu baru bisa batal, ini aja lama nunggu driver mau ambil, keburu laper orang, orang mau cepet² batal kalo gak ada driver yang ambil, mau ganti tokoh🙄🙄🙄",negatif
813f80a3-84e7-4c56-ad24-fe74c59eaad7,Hp Miring,1,2026-09-11 15:32:11,"makin malah aja ini gojek,mana voucher gofood sekarang gada mulu makin gajelas,ongkir kita customer bayar mahal 17.500 setiap tanya driver cuman nerima 8.800 potongan gede amat hampir 50% dari total biaya ongkir gila lu Gojek",negatif
7bbfbdff-d03c-4052-9fab-e1b07414f0cb,Muhammad Rezky,1,2026-09-11 15:12:45,"SUMPAH INI APLIKASI BIKIN EMOSI PESEN MAKAN TAPI GOJEK NYA SELALU GK NGAMBIL MAKANAN NYA , BIKIN EMOSI LAMA LAMA KALO SEKIRA NYA CANCEL , CANCEL AJA GAK USAH SOSOAN TERIMA ORDERAN!!! HAPUS AJA INI APLIKASI DARI APP",negatif
076bd61b-e6e0-49ad-813c-b9b17feac012,Sukardi Sukardi,5,2026-09-11 15:07:24,good as usual,positif
15dea839-2a25-42c3-91b9-a7183c2a5cc1,Muhammad Luqman Hakim,5,2026-09-11 14:55:43,bagus dan ramah,positif
b7b45882-c981-41ae-b2aa-f781107f5383,Muhammad Arkan,2,2026-09-11 14:52:51,Tolong. baru kali ini mengalami hal seperti ini. meskipun dari kemarin saya merasa proses pembelian memakan waktu yang begitu lama dari biasanya. Status pesanan tidak berubah. Saya sudah menghubungi CS. Tapi tidak membantu sama sekali.,negatif
2637599c-bc9a-4f6b-9b2e-f1d6c905f9ab,Ramsya Zawr,5,2026-09-11 14:42:21,"sangat worth it bangettt, merata di semua daerah!",positif
011a6751-6fbd-4315-b80a-0feff22e64cb,Ahmad Paisal,1,2026-09-11 14:31:49,Hay untuk driver kalo ngeluh dengan jarak ambil mknn jgn kau marah ke orang warung dasar Kon untuk driver gojek dasar Kon,negatif
eece5038-4159-41da-9b01-baba77648fdd,Rasidi Sarudeh,1,2026-09-11 14:29:18,Hay driver kalo GK mau ambil mkn dgn jarak jauh jgn salah kan warung nya dasar anj emang ambilan nya jauh lah apa lah kalo GK mau jauh tidur aja sana jual boking mu itu ke orang luar,negatif
a69405e8-e39a-4daf-9e28-c865ae236310,Pri Hadiyanto,1,2026-09-11 14:08:33,IT tdk cerdas apl susah nyari titik jemput maupun titik antar,negatif
8b9fc3a1-845e-41e2-947b-e73c1f6e46c1,Sri Wahyuni,1,2026-09-11 14:07:22,"sumpah gua kecewa bngt sama aplikasi dan pihak manajement gojek , sya pesan makanan dan ada pilihan ongkir murah, saya cb ambl ongkir murah. malah 1 jam lbh tdk dpat driver jadi mknan tdk sampai², giliran saya batalin dan pesan ulang dan pilih prioritas (lbh mhl) malah hanya beberapa menit langsng dapat driver. sorry sy kasih bintang 1 baru kali ini syaa kecewa padahal suka berlangganan di gojek baik makanan atau pun yang lain",negatif
df2c71cf-b583-494d-a0af-3bfdd4abb6b0,nastya aureliya,1,2026-09-11 13:59:32,g suka sama iklan nya,negatif
ed602488-684a-4fc0-8e32-02146c133e61,Mada N.H,1,2026-09-11 13:45:30,mohon untuk armada vinfast VF5 jangan dimasukkan ke gocar comfort. karena saat order siang. ACnya sangat menyiksa.,negatif
090faf9e-7d05-4552-93ec-8e2723a4a56a,Bayu Hermawan,1,2026-09-11 13:37:32,"pengantaran pesenan sangat lambat pesan dari jam 11 siang, sampe jam setengah 2 pesanan masih belum di antar juga sangat sangat kecewa",negatif
e2d1285e-4ac2-4345-bc1f-37f3822ceca5,Ahmad Dani,2,2026-09-11 13:25:43,"tolong buat gojek di perbaiki buat alamat pengantarannya kadang driver mau menjemput atau mengantar gofood kadang salah jalan karena arahkan selalu kejalan yang terlalu jauh,semua driver pada mengeluh sama customer kalau bgini,dan kami para costumer gojek baku cekcok juga dengan driver kasian",negatif
3ac3c651-6f00-479a-b392-d117d13d73b7,Excelssia,1,2026-09-11 13:19:03,"error aja terus, pesen makan disuruh hapus dlu keranjangny, udh aku coba berkali kali ya ttp gabisa, aku nyoba mulai dri awal ya ttp gabisa. lagi laper juga ada aj yg bikin emosi mls",negatif
f1dfb664-f9df-4b47-b04b-b0a4232fd059,Lontong Pecel,5,2026-09-11 12:55:11,untuk saat ini pelayananya bgus,positif
82f2ece2-9463-4d7a-a9b8-3dda60293f17,Evan Joko Erfianto,2,2026-09-11 12:13:57,"Promo'nya skarang makin berkurang, Dibanding yg dulu. Dulu sempet ada promo potongan harga 20-30%, Skarang boro2 ptongan, Tmbahan biaya'nya makin gede & go-pay later saya tidak bisa diakses smpe skarang. Kecewa saya customer lama",negatif
94da6682-cfdd-4d12-bfbc-13c2698338e7,britama prima,1,2026-09-11 11:35:34,aplikasi yg slalu menolak banyak orderan,negatif
57cba6c3-4c1b-449b-8a8e-8412fc378c66,Up Rfajr,2,2026-09-11 11:19:15,lama2 makin mahal aje tai!,negatif
f08b696c-ccfa-4f26-848e-a1851922cffc,Nur Pajrih,5,2026-09-11 11:14:03,kak tolong tambahkan fitur pembayaran Qriss,positif
0a6847fa-3d6a-4b04-ad52-4b56b337d721,Nona Hermalina,5,2026-09-11 11:04:46,gojek sangat membantu,positif
28352847-840d-4f9e-a876-e045028f0ee0,Pak Een Channel,5,2026-09-11 10:04:08,keran dan mantap,positif
6a0fbd9b-739b-47f7-a4e7-eca4ab3d6393,kasino,5,2026-09-11 09:10:00,"Good job, sangat memudahkan untuk mobilitas pekerjaan",positif
7990a551-cbcc-4974-be94-8cc2aa17419d,Badri Tangguh,5,2026-09-11 08:04:18,saya melakukan salah transfer dari plafon dana ke plafon gopay dengan nomor tujuan sudah tidak aktif mohon info dan solusinya admin,positif
536b12c6-c952-4650-8d6f-b115e952d024,Sunarjun,5,2026-09-11 07:31:24,simple pakenya cm gk ada promo ky sebelah,positif
eff5bb8e-aa91-461a-a5fa-2d5c3e7b4274,kurnia rubianto,5,2026-09-11 07:13:01,"aplikasi paket hemat,, lokasinya lengkap akurat",positif
a30b8d98-b316-416f-9b37-c41ad8b2c505,rohman saputra,5,2026-09-11 07:10:42,perjalanan jadi lebih mudah 👍👍👍,positif
7b0ed725-4de2-441e-9639-187e0743d964,Yaya Wati,5,2026-09-11 07:06:23,selama ini saya berlangganan dengan gojek aman dan beliu selalu naik dan sopan terimakasih untuk semuanya,positif
3d0cad99-88ff-4c64-97fa-be0df47c56a2,Seny Feronika,5,2026-09-11 07:04:13,nyaman srmoga keamanan slalu terjaga ya,positif
9846033e-7866-4fd3-a43f-e8d5b8389a74,Amin Wahyu,5,2026-09-11 06:49:51,lbh cepat ramah smakin bnyak armada motornya..trimakasih,positif
bcd5fc6b-36da-4f6b-87d6-99aaec33b8e9,nadia nadianadia,1,2026-09-11 06:45:10,"Sistemnya makin 'canggih' sampai-sampai bisa bikin pesanan baru sendiri dan cancel sepihak padahal penumpang sudah jalan sama driver pertama. Kasihan driver kedua yang kebagian operan sistem tanpa tahu apa-apa, dan kasihan pelanggan yang lagi sakit malah dibuat panik karena gak ada fitur buat meluruskan masalah ke driver setelah ter-cancel. Jangan malah bikin bingung driver sama pelanggan. Driver pertama ga ada di history ga bisa kasih bintang 1",negatif
3b6a0ebd-9cb0-4d72-ad69-cdbffb23dd85,Abdul karim Karim,5,2026-09-11 06:32:27,semoga bisa membantu,positif
f4e2b468-417d-4af5-9b77-7fd3cf6d000f,Ferris Irawan,1,2026-09-11 06:28:50,"WOII GOJEK!! KALO SEANDAI NYA BUAT PROGRAM ADA HEMAT2 TP GAK ADA YG AMBIL ATAU SISTEM NYA GAK DI BUAT LBH JELAS! MENDING GAK USH ADA PROGRAM2 HEMAT! PERCUMA ADA PROGRAM HEMAT2 TP GAK ADA YG MAU AMBIL, GOJEK, GOCAR DLL, PEMBODOHAN PUBLIK NAMANYA",negatif
367321a6-bc74-40a3-bdc0-99a1c57608e5,ahmad safii,5,2026-09-11 06:00:54,"tepat waktu, sopan",positif
847ac9ac-08ce-4d2b-a5ee-845dbea4d033,Deniss,1,2026-09-11 05:55:14,dapet gojek yang jauh mulu,negatif
57366266-fc00-44c6-938f-72ab074f8ea0,Tiyo Iyo,5,2026-09-11 05:46:41,"mengunakan aplikasi gojek sangat mudah,untuk mencari makanan lengkap apa aja ada dan sangat membantu ada juga pinjaman nya",positif
4fd44102-8f52-4296-b731-8c4c3728248f,Xavier Alberto,1,2026-09-11 04:47:50,"woi, kl mmg kkurangan driver, y tmbhin, yg murah sllu ga ad yg mo ambil, overprice, stres",negatif
b5e38e1e-1f6d-46aa-963b-d6ae618e54b1,Faisal Arsyad,1,2026-09-11 04:40:14,"tolong di perbaiki perbaruannya, setiap saya pesen gofood MURAH di jam 00:00 WIB pesanan saya selalu di cancel atau kalau tidak ""driver belum di temukan"" terima kasih🙏🙏🙏",negatif
a6b69d47-01f1-4456-a785-e0d189164188,Nurkholis Realme,1,2026-09-11 04:37:06,wadaw palamu. udah ngabisin Ruby banyak malah dpt wadaw,negatif
5630a24f-7908-42e8-bcb4-2813551a5221,Nizam Maruf,2,2026-09-11 03:34:46,"driver di bali sering minta di batalkan , dan bahkan kalo sudah ada penumpang minta offline saja suruh di cansel di aplikasi , dan parahnya suka minta harga 2 kali lipat ,,",negatif
5c812357-f04f-48b6-b0c3-a011b688fd6e,Ammar,2,2026-09-11 01:16:44,"Terima Kasih 5+ tahunnya Gojek, sekarang udah tau Shopee dan Grab jauh lebih baik🙏",negatif
dfa3b53d-6a79-467c-b91b-355c9f0b42d9,pe pe ap,1,2026-09-11 00:14:48,"apl gajelas, setiap pesan ongkir murah pasti lama bisa sampai 1 jam lebih",negatif
b348f5e9-e0d8-464d-b079-a43d0a0ff63c,Mayor Logay22,1,2026-09-11 00:00:25,lamaaa dapet driver gila,negatif
8675fb2f-8897-486a-ac28-e188e53891b5,Pinkaloo Boo,1,2026-09-10 23:55:28,"Kecewa banget sama pengalaman order GoFood kali ini. Udah nunggu berjam-jam tapi nggak dapat driver, estimasi makanan terus diundur, dan saat hubungi layanan bantuan pun responsnya kurang membantu. Ujung-ujungnya pesanan malah dibatalkan setelah menunggu lama 😔 Next time kalau malam kayaknya mending order lewat ShopeeFood aja.",negatif
e01cba99-587b-4a8a-a2b4-34d0a5fef4bc,Mikael Dino,1,2026-09-10 23:06:43,sulit nyari driver,negatif
c6ba1716-3f64-45b0-b364-3718e3caac75,Nabili Izharudinn,1,2026-09-10 23:00:46,"SANGAT MENGECEWAKAN! Pesanan GoFood saya dibiarkan lebih dari 2 JAM tanpa kejelasan. Driver tidak bergerak dan tidak bisa dihubungi. Saya sudah berkali-kali menghubungi CS, tetapi tidak ada solusi nyata dan hanya diminta menunggu. Pihak restoran bahkan sudah mengonfirmasi adanya masalah pada driver. Setelah membuang waktu saya selama lebih dari 2 jam, pesanan malah DIBATALKAN. Ini bukan sekadar keterlambatan, tetapi buruknya penanganan masalah yang sangat merugikan pelanggan. Mohon Gojek NOTICE",negatif
6bf0da29-191b-4c77-a72d-bb2f050e2376,Mikhail Stankovic,1,2026-09-10 22:58:19,susah cari driver ternyata potongannya ga ada otak gmn mau dpt driver di jam sibuk customer bayar mahal yg di terima driver kecil it nya punya otak ga,negatif
534d47cb-6bd4-4cce-86cc-8cf71095f788,Bur Hans,1,2026-09-10 22:55:11,saya mau login pas udah selesai verifikasi muka malah tiba tiba keluar sendiri aplikasinya,negatif
3ea4c846-00a9-470a-b550-8ea676264abd,zara nur rohimah,1,2026-09-10 22:50:12,susah dpt driver,negatif
a169a374-1f18-4e1e-8f95-7729692ed192,cahyo NA,1,2026-09-10 22:49:50,"maaf ini untuk gofood nya gausa ngasih² promo sama ongkir murah klo bikin driver² nya males ambil orderan,udah nunggu lama² ujung² nya di cancel makanan gajadi dapat,mau order ulang makin lama nunggunya dan blm tentu ada yg mau nge pick up lagi,ngerusak rencana org ajaa kampretttttt!!!!!!",negatif
e7520d53-a510-45ef-9301-4878094d99e2,nazfudin Zaky,1,2026-09-10 22:02:18,"ga niat ngasih diskon ongkir ga usah ngasih,2 jam gua nunggu kaga di anter anter udah gitu langsung di batalin ga ada kompensasi . sistem ai kaga bisa komplen sama cs langsung👎👎👎👎",negatif
72549086-b094-4bc3-990c-81e70449b06b,Martin Adi,1,2026-09-10 21:41:38,"penanganan gjls, tidak sesuai dengan apa yg konsumen mau",negatif
5578c29d-3d3c-4415-874f-e7167843ceb4,naya naya,1,2026-09-10 21:25:41,males driver gadapet' lemot gaada solusi pdhal dah chat cs,negatif
b915d33e-1b1e-46f0-aa61-90f7c287ee80,Indah Sari,1,2026-09-10 21:16:41,pindah dari shopefood ke gofood supaya g ada double2 order. elah malah sama aja,negatif
ca7f6e64-a304-4857-afdb-3b240ed97a33,Leonardo Aliong,1,2026-09-10 20:49:13,di makasar susah sekali dapat driver gofood klo misalnya gak ada jgn di persulit buat ngebatalin anj,negatif
fdeac78b-c32f-4aae-85e8-6d6cd6641fbf,Nur Auni Nismara,1,2026-09-10 20:33:34,"SUSAH BANGET DAPET DRIVERR GOFOOD, PROMO GEDE TP DAPET DRIVER SUSAH....SATU JAM LEBIH KU TUNGGU, BERKALI2 LOH GA CUMA SEKALI...PADAHAL POSISI GW DI KOTA, GA YG PINGGIRAN GITU....",negatif
a84d8da8-1e23-48eb-a7c7-fb8b9c05bb4b,Naila Rafa Nabila,1,2026-09-10 20:18:10,"pesen makan jam 6 dateng jam stgh 9. tolong lah gojek banyak banget yg nolak pesenan. benerin sistemnya deh. gw ttp mesen dan ga di batalin, ga enak sm penjualnya udh bikinin makanan btw ini dilampung ya aku pernah dapet pengalaman buruk dijakarta aku pesen makan harga 50rb saat itu lg DBD dan pertama kali merantau, gada yg ngurusin mana duit terakhir juga. tapi makanan gw diambil sama drivernya. alhasil ganti driver 3× pesen jam 12 dateng jam 2. mana posisinya gw blm makan dari malem saat itu.",negatif
3cec4f9f-0d4c-4d8a-801f-32462ffc6ef5,orang,1,2026-09-10 19:56:02,Buruk!! Denger driver tentang gojek sekarang,negatif
7a05895d-2662-43ec-971f-7cf65c739633,Randy Wilyani,1,2026-09-10 19:48:54,gocar ga jelas kalau udh malam. maksa penumpang yg cancel. driver ga mau cancel suruh penumpang cancel sendiri ga jelas,negatif
49b11036-2e7b-45c0-ab8e-bd8c0552fcfb,NGATIASIH,5,2026-09-10 19:19:01,"sangat membantu, mudah ,",positif
12cf9a0c-b9ec-4630-967d-2a82a497ec05,Athaya Laily Syafitri,1,2026-09-10 19:00:25,"Aneh saya langganan Gojek PLUS yang Signature 90 hari tapi malah gak dapat diskon makanan di resto GoFood, sedangkan teman saya yang gak berlangganan dan jarang pakai Gojek malah dapat diskon makanan gede. Sudah coba reach out bantuan di app, tapi selalu diselesaikan sama chatbotnya karena ""gak ada masalah sama akun."" Tolong dong ini kalo emang dipersonalisasi setiap akun, kenapa gak adil banget padahal saya udah spend banyak buat langganan?",negatif
3944684b-3e78-4a3d-b721-246e8e0aea56,Nathan Noa,1,2026-09-10 18:52:22,"jelek parah , susah mau ganti pembayaran ajah, harus seribet inihh",negatif
17998322-b46a-40bb-aea4-2dd17f0abd3f,Dede Kosasih,5,2026-09-10 18:22:00,sejak awal selalu pakai gojek partner,positif
4832592c-92e3-4f0b-b77f-f5b4fcc275df,HAN'S Project,1,2026-09-10 18:04:27,"Gopay sudah top up tapi tidak masuk ke aplikasi... CS di komplsin yg jawab AI, g ada solusi... Gimana ini?",negatif
fde626b0-813b-4090-826c-61d6115c5336,Nurjun Frahman,5,2026-09-10 17:49:08,cukup membantu dan tingkatkan lagi agar tidak pelanggan tidak kecewa,positif
c6291ae4-ed63-4fb7-b148-59be933aaf6d,Ind Sakti,4,2026-09-10 17:04:24,done kasih rate ting,positif
1ffaeea5-a50e-4437-8abf-8b8195d065f3,Gendhis Anindhita,2,2026-09-10 16:33:23,"parah gojek skrg kalo pesen makan, smpe 1 jam setengah blm diambil jugaa, pantes skrg ada opsi pembatalan, makin kesini makin jelek pelayanannya",negatif
7bb6f78f-fe62-48a0-9855-fb4878f73b5b,Eko Raharjo,5,2026-09-10 16:16:11,respon pengemudi baik,positif
f25d40cc-9f37-4063-862a-49c69f6e15d6,Fahri Nopriansah,5,2026-09-10 15:44:26,membantu kehidupan sehari-hari,positif
1358c3c2-46c4-4967-92af-dba1de93fc7a,Muji,5,2026-09-10 15:39:37,belanja d sini mudah n ringan toko x amanah n berkah trma kasih.... semua onlilen..... tetap semangat para pejuang rupiah...,positif
e99e6e93-7d84-45bd-bf43-99f1ac295d4f,Siti Nursabila,1,2026-09-10 14:57:13,"benerin noh driver lo, make gocar jarak 1km doang udh gue lebihin 10rb msh aja mnta lebih lg yg tdnya iba jd mls",negatif
5b241b29-12f6-4695-96c2-96787bc07e92,sarah sofy,5,2026-09-10 14:46:15,gojek the besttt👍🏻,positif
56bc48b4-7453-4e4f-bae0-27a92b985110,Reni Wahyudi,1,2026-09-10 14:30:58,kecewa ya SM gojek...tidak pernah telat membayar gopay later dll ...kok bisa skor kredit menurun🙈🙈,negatif
639a5173-74b4-4c97-9927-6860ce34a878,Beautiful Life,5,2026-09-10 14:07:57,terima kasih gojek sudah membantu keluhan saya kemarin dan sudah diatasi sama pihak gojek. terima kasih.,positif
3f53e548-2b56-409e-92e3-dd40f269f158,Feny Febrianty,5,2026-09-10 14:03:37,kecewa udh beberapa hari ini conis dari permainan ga masuk jadi saya uninstall aja lah,positif
25445b1f-11c5-450c-98ec-56a9f6a52213,Saubari Saubari,1,2026-09-10 13:59:53,"knp muncul wadaw lagi lagi lagi😢udah beberapa kali lo,padahal jaringan stabil udah hapus cache udah diupdete juga😑",negatif
24f4a764-d168-46b0-8654-c25e42c8355d,Salwa Pasa Salsabila,1,2026-09-10 13:57:51,kenapa drivernya susah banget sih kalau gofood.,negatif
2e29699c-dcdd-40aa-9ad1-493407c60390,Abdul Latif,1,2026-09-10 13:44:35,"nggak ada evaluasi sama sekali ni aplikasi,masih aja gini trs.pesen gofood beberapa kali dapat driver trs di cancel nunggu lama sampe 1 jam an di batalin trs sama driver nya.hadehhhh",negatif
8d2c6bb1-fba2-456f-b95e-364ca4622fd1,Ade Tri Prasetya,1,2026-09-10 13:43:49,"susah mencari drive untuk gocar, pdahal itu yg reguler, sekalipun dapat, tidak ada pergerakan untuk menuju lokasi, tdk ada respon..",negatif
3d0bf4f9-d33b-45d0-aabc-8679fe2b0f41,Sudarto Darto,5,2026-09-10 13:29:00,"Pelayanan cepat,aplikasi mudah di gunakan",positif
c7e94574-8dab-4eed-ad8e-4894fb022b11,Abdul Kosim,1,2026-09-10 11:58:06,sangat kecewa bgt numggu lama bgt niat beli soto madura sulung surapati karena sakit malah zonk 😭😭,negatif
237d2d3c-a3af-465b-ba70-967ac547355f,maria angeline,5,2026-09-10 11:43:15,Aplikasi sudah banyak diperbaiki. sekarang sudah bagus.,positif
a4ca1994-1778-4b35-90a9-afd336d5d715,Rifki Maulana,5,2026-09-10 11:31:47,jaya terus gojek,positif
8e4c23ed-344d-4c43-99ed-c04219c494ff,Suyat no,5,2026-09-10 11:29:33,cepet dlm mnjemput penumpang,positif
47a178bf-8562-4493-badf-cb586f9b6fdd,Steric,1,2026-09-10 11:22:33,aplikasi lu ada yg bobol tuh!! masa ga mesen apa2 tiba2 ada pesanan! udh gt pesanannya tinggal lgsg kirim tanpa persiapan,negatif
ab46d12c-26ab-490d-a7ee-725e7f890568,professional007indonesia,5,2026-09-10 11:19:05,Transportasi tepat guna melayani dg baik dan cepat,positif
a6584b7f-5ff8-45f2-b514-f10a0dd20959,Permata Agustina,5,2026-09-10 11:05:08,sangat nyaman berkendara dengan memesan lewat app gocar,positif
7e56dca4-03c4-402b-b2c3-e1cd00a80a7a,Endank Wahyuningsih,4,2026-09-10 10:42:18,sering sering kasih promo atau diskon biar jajan terus,positif
a6320d97-ae49-4357-a300-ea813ef01a83,Masputik Putik,5,2026-09-10 10:16:37,"drivernya baik dan ramah,,, senang menggunakan aplikasi ini",positif
6236e050-540f-437d-9d58-34adbf607662,Husni R,1,2026-09-10 09:33:42,"verifikasi wajah gagal. lah kok bisa? wajah saya tidak berubah. saya pegang nomornya, saya tau pinnya, saya daftar vermuk pake wajah saya, trus kenapa gagal terus? kalau belum bisa pake sistem vermuk gausa sok sokan diadain vermuk dah",negatif
77cbdf35-bf46-46a8-8a56-832feed69193,Artha Lia Wijaya,1,2026-09-10 09:24:02,kebiasaan telat ambil orderan jadi lama banget nunggunya ditambah lagi ojolnya kalo di bilangin ngeyel,negatif
0a9c5347-e026-4dce-8f97-345718ff13f3,Channel Azril,1,2026-09-10 08:07:48,"sudah saya ceritakan melalui email, tapi masih saja tidak bisa d gunakan gopaylater nya.",negatif
fc23e53f-cca4-4e49-9e11-1be33da2c8c9,Susi Suryani,5,2026-09-10 07:07:20,pengemudi baik dan sopan,positif
82e48e15-2de8-4000-aab9-cc6db82c12ba,Putu Agus,5,2026-09-10 07:03:09,"sangat membantu, efektif dan aplikatif.",positif
bf2f52ef-cd76-4495-a4d0-83c478758399,Fito Anugrah.T,1,2026-09-10 06:46:09,adain qris kek kampung,negatif
2d2fc93e-10ef-40fb-a9ec-75e1f492dbbd,William jhon,5,2026-09-10 06:41:26,terbukti akurat dan tidak mengecewakan,positif
11b4287b-8b9c-4184-ad91-dc633dcfd683,Galuh Nudiyaf,4,2026-09-10 06:36:33,"gatau akhir - akhir ini drivernya ko kaya pada males, udah beberapa kali hampir telat padahal udah pesan lebih pagi",positif
bf97f64a-3901-4f2c-910e-09c9129d54c1,jul elvin,1,2026-09-10 06:35:35,dapat driver lama amat dah,negatif
3e3aa1f1-6a03-483a-b818-b219773d83e9,Rizeli Satudualima,1,2026-09-10 06:34:00,daerah saya cari driver susah. tutup aja dari pada gk guna banget,negatif
f759254c-0630-4517-80d0-08df485a57c1,Andri Irawan,1,2026-09-10 03:50:18,"game balok balok scame, wadaw wadaw apaan, main udh nyampe target gopay koinnya ga masuk NAJIS",negatif
1f5c4677-6cc7-4786-b4dc-30f773eb98d5,Ratna Sari,5,2026-09-10 03:44:06,cepat mudah dan peraktis siap untuk pesan apa pun dg Go-Jek transportasi nya dan mendapat kan poin nya bertambah permudah dan cepat baget,positif
5daed7fb-3e6a-4d4e-9edc-6d122aff1597,Shafa Permana,5,2026-09-10 01:07:38,biar bisa gunakan paleter bismillah,positif
cab8d143-5070-4a48-9383-8722a47b1334,Satria Adesta,5,2026-09-10 00:22:47,sejauh ini baik baik aja aplikasinya dan penggunaan nya,positif
4bc6367b-32ca-4f66-ab60-b6ac6e175335,Edo Zuhanda,1,2026-09-09 23:56:51,"udahlah lama pesan makan, di batalin",negatif
44ccee82-6f08-4b39-a8f0-e029af39fb09,Ahmad Fawuzi185,1,2026-09-09 23:56:10,masa saya udah nunggu lama pesanan gofood di batalkan,negatif
34b3cced-d226-4afc-a2a7-f69955ea82aa,Fiyya Sabila,1,2026-09-09 23:31:25,"kalo pesan tidak bisa dibatalkan,ini sangat menyusahkan bikin double order, sangat mengecewakan, bikin rugi, harusnya ada sistem dibatalkan, lama mendapat driver lagi! giliran bisa dibatalkan harus nunggu 45 menit, eh setelah itu driver langsung muncul, tp tetap tidak bisa dibatalkan, sangat minus sekali sistemnya",negatif
09ea5a9d-bff3-4fce-812c-03ff12642605,Nur Ayu Rizki,5,2026-09-09 23:09:04,terbaik! sangat membantu sekali,positif
5d6e5c5a-dfe6-4a39-9807-95f2205ef27b,Valentino Rio,5,2026-09-09 22:46:01,sangat profesional dan cepat aksesnya,positif
89825278-6ee9-4b26-ab95-0f4faa2caafc,Citra Tri Rahayu,5,2026-09-09 21:30:00,tolong kembaliin mapsnya klo lg d anter jdi bisa liat udh nympe mana,positif
f6f783db-b684-48cb-8937-c67b843a9916,Octavianingsih,1,2026-09-09 21:24:34,"baru kali ini naik gocar jauh tanpa tau ubah rute itu apa , di awal saya bilang lewat sini tapi driver bilang jauh terus menanyakan keputusan di saya, saya bilang bapak yg tau saya ikut, dan saya kasih etoll saya nah pas di tol driver bilang nanti ubah rute ya bu saya sepanjang jalan bingung loh kok ubah rute, nah pas saya cari ternyata ubah rute itu harga jadi mahal dan saya baca di google banyak Maslah soal uang rute in,saya tolak& di turunkan di pinggir jalan",negatif
5872b7d2-acbf-4a75-9038-72ab56671a4c,Adrie Palilingan,5,2026-09-09 21:24:27,"suka pesen makan di sini kalo lagi mager keluar,",positif
7b6ae241-b4d1-43d7-a512-103e018cfb7d,Sahri Alex,1,2026-09-09 21:21:40,nyalain seharian ga bunyi,negatif
2956a26c-b2e7-4844-990e-838f22a097cf,dian indriana,1,2026-09-09 21:03:52,"sudah nunggu lama ,gak dapat driver. promo zonk. mengecewakan hapus saja aplikasi buruk",negatif
291f1eed-e826-4f25-818d-336180d3292b,Aa Rian suprianto,1,2026-09-09 21:02:57,"males gw pesen makanan pke gofood, giliran gw pake promo pesenya gk ada satu pun driver yng mau nerima pesanan gw, giliran kgak pke promo gercep langsung drivernya, mending di shopee food mau pake promo atau enggak tetep aja mau nerima pesanan gw.",negatif
c91456df-9c91-4339-9e90-edd7ae524a24,Edga Firznathan,1,2026-09-09 20:19:37,"kecewa banget sama gojek, udah 8 kali dicancle gegara ga dapet driver, padahal ini tembalang yang banyak drivernya, 2 hari berturut turut gadapet driver mulu, katanya sih gegara diskon. mending gausah adain diskon sih kata gw, tutup aja udeh kalo emang gabisa ngelolo kaya gini, bikin kecewa aja asli. sama hilangin mode hemat, udah nunggu lama lama driver cuman mau ambil yang pake kilat wkwkwk, rusak banget karena berbedaan harga, kesenjangan sosial udah lah gw capek, galagi lagi pake gojek anjgg",negatif
0099621b-398f-4728-bcdb-ddcb3040b377,laila hidayah,2,2026-09-09 20:03:29,"kenapa tiap ada pesanan yg nunggu driver agak lama, selalu dibatalin sistem? agak ga suka aja sih",negatif
b1554f5b-5e8b-45fb-a701-260215976d49,Teddy Januardi,5,2026-09-09 20:00:47,gojek top banget,positif
5a0c709f-d8b7-4c3f-877c-53d973fa4e27,Hendryan Kusumah,1,2026-09-09 19:24:36,makin kesini makin nga jelas neh aplikasi .pesan makanan bukan nya tambah cepat malah tambah lamaaaaa...,negatif
5385e8bc-9963-4e80-8d5a-dc1acbb1f7a9,D. WAHYUDI,5,2026-09-09 19:24:34,mantap pelayanan dan harga nya,positif
c6712071-f606-45bf-9520-2a52ff5401bd,Yonglex Jamet,1,2026-09-09 19:15:58,tolong dong buka kembali pin gopay saya sudah dinonaktifkan dari tanggal14 Agustus dan sudah melapor keemail ke Ig dan sudah nelpon cs tanpa Ampe skrng blm terselesaikan jadi saldo ketahan dan tidak bisa transaksi beli makanan pulsa data gara gara pin eror,negatif
6ada7564-5c1f-4855-8b65-c9dfa8429ab9,M,1,2026-09-09 18:59:02,"terima kasih gojek, akhirnya bisa mendapatkan kembali dompet, ktp, kartu akses dll yang tertinggal di gocar, meskipun cukup lama ditangan driver. semoga aman dan lancar untuk kedepannya",negatif
36198a5e-e4a8-46f9-90bf-befd06831983,Adrian Maulana,1,2026-09-09 18:44:10,"sudah 3 hari berturut turut susah dapat driver pas pesan makanan. daerah makassar. saya uninstal aja, bikin orang mati kelaparan nunggu dapat driver hadehhhhhh👎👎👎👎👎",negatif
a6ff39ac-787e-4545-aaba-20185d9a5248,Ria Agustina,1,2026-09-09 18:35:43,"gak jelas banget, udah bayarin Go pay later tapi tagihan gak berkurang. udah buat laporan juga tapi tagihan masih sama gak berkurang, ini niat malak apa gimana aplikasi?",negatif
5ea375a2-cdd9-4c50-9415-9db8f0827b02,Sofiya Putri indah,5,2026-09-09 18:18:23,pokoknya the best dech gojek,positif
37f0cdb4-f4fb-4391-b7dc-60ceb0798ab1,Blue ice one,1,2026-09-09 18:15:52,"belanja goofod paling bener itu di Grabfood vouchernya konsisten 24 jam. sedangkan di jogek vouchernya tergantung waktu makin sore loe belanja voucher makin sedikit bhkn ada yg tdk pny lagi voucher belanja,wajar aja deh saham loe gak jauh2 dr Rp50,-/lmbr dan bentar lg klo diterapkn aturan baru bisa2 hrg saham loe tinggal Rp1,-/lmbr paling lama 1 thn keluar dr bursa saham dan dlm 5 thn perusahaan bakal bangkrut",negatif
5b1b0310-4251-4b16-bb61-b1b77ace1031,Ni Made Shinta Hardiyanti bendesemas,5,2026-09-09 18:02:25,"Satu aplikasi yang paling bagus banget saya suka belanja dan mencari motor dan mobil bisa pergi kemana saja,terima kasih gojek.",positif
d3a9ac5e-bcbb-4a1a-8493-6530ff1090f2,Lionel Caesar damai putra,5,2026-09-09 16:47:29,bagus waw deym keren emezing well,positif
e1a85a60-77f7-41f0-b1dc-16c500473d8b,Sangu An,1,2026-09-09 16:46:12,pesen gofood pengiriman hemat nunggu 2 jam akhirnya di batalin sistem .maksudnya gmn sih bikin kapok sumpah perasaan di sebelah hemat juga ga gini gini amat inimah keterlaluan kaya ngerjain,negatif
8a00ecde-03c8-477f-9797-e3e820076ec4,M R,2,2026-09-09 16:37:52,chat di cust service tidak ada solusi. kalau mmg aplikasi keberatan dan tidak mau ada pilihan ongkir hemat lebih dihapuskan saja,negatif
c727ce20-15fc-48f2-a33a-2bd951b21812,ram cah,1,2026-09-09 16:12:27,hapus aja metode pembayaran Qrisnya nge scan kaga pernah bisa mulu anjinglah,negatif
12a73b4a-c9e1-433c-a7f6-916606b1a06a,Rizki Amelia,5,2026-09-09 16:04:14,mendapatkan driver yang baik,positif
67bcc17f-e523-4210-ba8c-cd7997aecc97,Devi Rahmadani Prabowo,4,2026-09-09 15:40:45,"sejujurnya ngga fair ya, sebagai konsumen jika kita cancel akan ada potongan 3rb, meanwhile drivernya dapet jauh dan di beberapa momen ngecancel setelah kami harus menunggu. so ya, the solution I used to be ga pake apps ini jika kedepannya masih seperti ini. but yeah, I still love the laris mawnis games. jadi pake apps nya buat main game doang kedepannya wkwk",positif
82c6ece0-58cb-405e-9b8f-8140e59f3e19,Firmansyah Putra,5,2026-09-09 15:34:34,"Alhamdulillah, makasih gojek, saya bisa pulang cepet tanpa harus nunggu ibuk saya yang jemput, soalnya kalo ibuk saya yang jemput mesti lama nunggunya, tapi kalo pesen gojek, jadi lebih praktis aman, dan murah tentunya, sekali lagi, thanks ya gojek. Mantap, saya acungi jempol, jasamu, tak akan pernah kulupakan. 👍🏻",positif
813897ac-2b79-43d6-8ae9-baa1434be93c,ipip ranginang,1,2026-09-09 15:30:51,jelek banget kesel !!!! driver 2x tiba2 cancel,negatif
e7ef3914-0958-472c-84d1-7fad41c6f037,I Made Ivan,5,2026-09-09 14:35:25,aplikasi nya bagus dan gojek ramah,positif
b34422a0-d183-404a-a0e7-6ea5b2768191,Grace Avrilina,1,2026-09-09 14:32:23,"benci bgt pesen makanan di sini! skrg tiap pesen gofood, harus nunggu minimal 40 menit buat cancel. pdhl yg bikin bete tuh karna gaada konfirmasi dr toko sama apps jg ga ngasih kejelasan pesanan kita itu udh diproses ato ngga. alesannya karna gaada kang gofood yg ngambil. dih, bilang aja gaboleh pesen pake Voucher",negatif
3fdfc051-2887-4138-9111-bb4f658d16fa,Anisa Kartika Wicaksiwi,2,2026-09-09 14:10:03,"tiap kali go food selalu nunggu lama dan berakhir dibatalkan, karena milihnya yang murah. kalo ga mau melayani paket hemat ya jangan kasih promo dong. kita nunggu berjam"" kelaparan. padahal sudah banyak yang komplain, tapi tetep ga diperbaikin sistemnya",negatif
6965fd2c-ee75-4e08-b521-79b905ab1810,Rismawati Marzuki,2,2026-09-09 14:02:36,"sudah beberapa kali pesan tapi tidak dapat driver dan akhirnya pesanan dibatalkan setelah 1 jam menunggu. setelah dibatalkan saya pesan lagi tapi setelah menunggu 1 jam lagi tetap tidak dapat driver. 2 jam saya menunggu makanan karna lapar,akhirnya saya pesan grabfood.",negatif
70543ef7-c0a8-4e38-8962-e14650973c41,ricka wuland,1,2026-09-09 14:00:31,"gojek ini gofood saya sudah 3 jam tidak diambil2 driver padahal direstonya sudah disiapkandan tidak bisa juga dibatalkan, ini drivernya Edi M nopol B3014EPP, gimana ini solusinya, pesanan saya sekitar 500rb",negatif
20d6477c-d226-40fc-97cd-ef5523260142,Felix Sitepu,1,2026-09-09 13:57:21,kalo gofood suaah dan ga tepat waktu,negatif
3f2c4fc4-78ab-4224-87e7-ee4cf83fe643,Joe Hery,5,2026-09-09 13:50:30,inti nya sangat membantu👍👍👍,positif
de60b3e4-f8f9-4974-a663-401e7381c3d9,Galaxy Star,1,2026-09-09 13:49:44,"di aplikasi ada promo ongkir Muraahhh cuman bayar 500-1500 rupiah, tapi pas check out gak nemu driver mulu, katanya driver lagi sibuk... saya tanya ke abang ojol yg nongki katanya dari aplikasi kalau pilih yg murah suka gitu, kecuali pilih driver yg berbayar baru cepat. padahal driver ojol masih banyak yg nggak ada orderan... sama aja kayak ngasih harga promo tapi gak bisa dipake.. skalian aja gak usah kasih promo👎",negatif
ee6ebd7d-e48c-4389-a746-4cb4730c6270,Ridwan Hidayat,1,2026-09-09 13:42:44,"padahal Saya gak punya Tunggakan,pas aktifin gopay later gagal teruss payah",negatif
db6e8aa9-1ff2-4c33-b70c-01f93d64622c,Jumaidil Makmur,1,2026-09-09 13:30:08,gojek SOP nya emang lambat ya pengantaran nya? makanan yang harusnya datang 30 menit pun jadinya 1 jam 30 menit,negatif
78dee2d5-97b8-43d8-ac07-ecb25353911d,Yusron Nurdian,1,2026-09-09 13:05:15,MAKANYA PERHATIKAN DRIVERNYA. KALAU PELANGGAN GOJEK PINDAH KE APLIKASI LAIN HANCUR GOJEK. DRIVER TU MARKETING KUNCI BISNIS ANDA GOJEK. TIDAK ADA ORDERAN KE APLIKASI LAIN DAN APLIKASI LAIN DAPET PELANGGAN BARU YANG LARI DARI GOJEK,negatif
f04f42bc-b618-4c30-b7ec-8518e6ee5c14,Hebat Maha Putera Nusantara,1,2026-09-09 12:59:55,"berkali kali transaksi tidak dapat driver sampai dibatalkan sistem, tidak ada solusi dari CS menunggu sampai berjam jam sama saja",negatif
7cbdddde-c8e1-49a8-b0c1-988e8e98e79f,Maureen Celcilia,1,2026-09-09 12:37:11,"kalo udah ujan apk pasti jelek banget plus gak bisa cancel gofood, padahal mau cancel karna pengantaran delay hampi 1 jam",negatif
6b5c164d-3c23-481e-a315-f5445f0757b8,Giovani Aldia,5,2026-09-09 11:39:00,the best promo go foodnya,positif
af4e2e5a-6efd-477e-9c7e-5d18ae3e63ef,Keyshaaa Putri,1,2026-09-09 10:40:25,tolong perbaiki. saya mesen facial wash yg per1 driver ny ngebatalin trs saya beraniin diri buat mesen lagi eh pas Dateng 2 driver . padahal pas menuju ke toko nya jg driver ke 2 saya yg duluan.. trs pas sampai barengan yang per1 kata ny dr sistem gojek ny suka ngebatalin gmn ini? saya jg rugi saya mesen harga jg ga diskon harga facial wash ny 65k.. sy g permslhin harga tp kasian ke Abang driver ke 2.. sy beli jg Krn lupa bawaaa dan keadaan sudah larut malam jam 11 dan keadaan uang saya sisa 65k,negatif
bf1aed41-f131-4ed8-835e-a8367fa5d736,Reyhanalok 4,1,2026-09-09 10:14:08,"SAYA TIDAK MEMBELI GOJEK PLUS SAYA TIDAK ADA NIAT UNTUK MEMBELI GOJEK PLUS,TAPI DIBELI OLEH GOJEKNYA LANGSUNG,SAAT SAYA MAU COBA MEMBATALKAN DARI LANGGANAN GOJEK PLUS TIDAK DAPAT PENGEMBALIAN UANG PADAHAL YANG MEMBELI BUKAN SAYA SENDIRI TAPI APLIKASI GOJEKNYA SENDIRI,PADAHAL APLIKASI INI UDH BESAR TAPI UANG KECIL AJA TIDAK BISA DIKEMBALIKAN",negatif
7f0972f3-b758-4708-b383-6ea3a744823d,Bunda Talita,1,2026-09-09 09:54:13,"kenapa sekarang customer ga bisa pantau driver? cuma dikasih gambar ilustrasi aja, biasanya ada map nya kok ini ngga",negatif
ee1cc3e2-2326-4a89-8d9d-b47535dac1d4,Siti Indriyani,5,2026-09-09 09:14:26,sejauh ini blm pernah kecewa,positif
409634c9-a1b2-48c3-8ef4-e60857c1e89a,Najwa Nafaaa01,2,2026-09-09 09:04:29,"gofood makin lelet plis, sering ga tepat waktu juga. resto ga ada notif sebelm driver jmput:)",negatif
1f0dd81a-8599-4974-8134-89470bd2be06,rizka yesa,1,2026-09-09 09:00:40,saya habis top up gopay 100rb tapi saldonya tidak masuk tolong dong gmna ni gopay hadeh,negatif
777ffc8c-d075-4f42-98de-36b7dbd4dfb0,Maria Widiawati,5,2026-09-09 08:56:39,gerceppppp... cakeeeppp... 😉,positif
a7654255-b7a7-496d-88b2-a96f286c75ca,cinemaku,1,2026-09-09 08:26:02,makin buruk. komunikasi suara sampai detik ini didiamkan buruk.,negatif
a94558c3-d655-4962-9c31-53569ee37f22,Dini Rahayu Septiyani,1,2026-09-09 08:18:57,kenapa ya mau masuk gojek susah banget di gmail nya kayak gabisa nyambung pdhl gmail saya aktif terus dan aman buat kirim pesan tp kok tdk ada pesan masuk dr gojek tiap mau masuk ke apk gojek sampai cari di spam jg gak ada,negatif
605773ec-ebf6-4fa8-948e-5e36fd3c0e5b,marzuki ardi,1,2026-09-09 08:15:06,"sistem kacau, orderan gilak",negatif
ba597558-fa08-40ce-bb97-34d510971970,Rozak 999,5,2026-09-09 07:27:34,sangat mudah dan sangat membanty,positif
9ac47c18-4321-4b5b-aa3c-a4fee25844f0,abdul hakim,1,2026-09-09 07:05:05,"kenapa dikasih rute muter2 lewatin jalan besar? alhasil tarif jado 2x lipat, jahat juga trik barunya",negatif
1303099a-cfb3-4bf6-ab53-f56b7a882362,Ronald Saragi,5,2026-09-09 06:26:16,Mantan luar biasa,positif
80b3b67d-9346-4f7c-986e-0a0f2b37e9b4,Aprilia Mardiastuti,5,2026-09-09 06:23:18,"saya sangat terbantu dengan platform ini, semoga layanan gojek semakin ditingkatkan",positif
8a51daa3-0749-4ddd-bae9-afe5f1ff027e,alexa nder,2,2026-09-09 05:33:25,"gak tauu yaa kenapaa akhir2 ini udaah 4 kali akuu selalu yang namanya gak dapat driver buat anterin makanan binguung akuu, mana udah lapor tapi pihak sana cuman bilang terima kasih kamu sudah menerima laporan mu dan ituu tidak ada kelanjutan dalam solusi gituu yaa 4 kali aku ngelapor nya bjiir lah",negatif
9bec5c14-c6c8-4207-bff5-7c47d3a4b0a9,rr_ gaming,1,2026-09-09 02:19:24,"parah gofood skr, harus evaluasi si kebijakan buat driver, merchant & customernya, karena udh pada ga nyaman, banyak batal ga jelas...",negatif
5167190d-0812-43c4-974d-8c03849e8955,Hazzel,1,2026-09-09 02:13:51,"aplikasi enggak jelas pas gua pesan makanan bilangnya sampai pukul 02:00 nah terus kalau telat kan dapet voucher tapi kalau drivernya belum nyampe pukul 02:00 nanti tulisan di gojek nya berubah jadi 02:01, jadi nggak dapet voucher karena waktunya berubah-ubah, pokoknya mundur terus lah biar gw ga dapet voucher,aplikasi picik",negatif
1e53cfda-8248-4762-9fb3-21da4ea8b8a1,Luniko Jama_ 2229,4,2026-09-09 01:55:09,"Kecewa sekali. GoPay Later saya diblokir dan dikatakan melakukan aktivitas tidak wajar, padahal saya tidak melakukan hal yang melanggar dalam transaksi. Padahal saya sendiri juga selalu tepat waktu dalam membayarkan pinjaman. Mohon pihak GoTo meninjau kembali dan jangan asal memblokir. Terimakasih.",positif
24d69a4c-d883-4dbc-9d0a-5bf318978872,riska sulastri,1,2026-09-08 22:23:46,lelet merugikan tidak ado solusi,negatif
0c06f0b8-cd35-46a0-afb8-b4067a2f6304,Daurent Hs,1,2026-09-08 21:50:55,"kecewa banget sama ini aplikasi gua order dari jam 6 sore sampe jam 7.30 ga ada yang ambil, disuruh cancel dan order ulang sampe jam 8.48 yang harusnya ham 6 ini masa sampe jam 8.48 mana ga di cancel orderan yang kedua mohon balikin duit gua, gua ga nerima makanan nya",negatif
e387fa76-9e8a-4d05-af89-dc624d5466c2,Dede Tina,5,2026-09-08 21:46:45,"gass gojek oky bangett terimakasih,,",positif
4ab178f1-8f98-4d02-9412-611c361d9ca0,Aldiano Aguwero,5,2026-09-08 21:16:01,gojek murah dan hemat saat mau berpergian,positif
7560f915-90d9-4566-aa4d-187c4dbb3cee,agus rhrjo,1,2026-09-08 20:50:57,"pesan gofood aja lama dpt driver,nya!!!!",negatif
294cec53-5292-4c90-a1bd-4d296ecc5019,Pratama Satya,1,2026-09-08 20:20:19,"sekarang dikit2 cek akun,, semakinlama semakin RUWEET",negatif
9b2e3795-0648-41e4-8af7-8d302ff8ed0b,Cyro Loft,1,2026-09-08 19:40:55,"Kecewa dengan gofood sekarang yang tidak kompeten sama pesanan opsi hemat, nunggu hampir 2 jam sama sekali gk dapat driver, sekalinya dapat driver langsung mereka batalin, parah.",negatif
a30b0cae-bf1f-4016-9124-b1eeef3f0803,Indri Atmoko,5,2026-09-08 19:23:22,karena saya driver Gocar 👍,positif
1ee56672-feb1-4df7-aac7-a3fc448c6b84,Aririxin,1,2026-09-08 19:03:08,sudah nunggu lama banget padahal lagi buru buru padahal ada driver di pinggir tapi GK dipilih sampai driver nya pergi,negatif
20f769d0-f60b-4436-b250-b193e8fbaea2,MFZ,1,2026-09-08 18:46:33,"BELI FOOD VERSI MURAAAH ITU GA BAKAL AD DRIVER YG AMBIL, INI PERMAINAN GOJEK BIAR CUST AMBIL YG JASA REGULER YG MAHAL BINTANG 1 APLIKASI BURUK",negatif
da3f313c-81f8-43fe-b59d-89905cca4810,Deni Dwi Andriatno,1,2026-09-08 18:34:23,iklannya di beberapa sosmed memaksa untuk di tonton. ( tidak bisa di scroll ). klo nggak maksa nggak tenar gitu? tolong segera di cabut iklannya.,negatif
f6851e22-2580-4f07-8c9f-6f40d979f088,Samsony igo,5,2026-09-08 18:34:04,"so far never dispointed ,thanks",positif
6a341e5e-85f2-469e-8f0e-f180f9cf7a20,Nurul Izza Syaninditha,1,2026-09-08 17:58:27,"buruk seburuk buruknya, chat cs dijawab BOT gaada kontak email gofood, DM Ig disuruh tunggu tim sosmed lebih dari 20menit ga muncul muncul dan yg paling penting permasalahan sama dengan 2 akun berbeda artinya gaada perbaikan. Kalau gini terus mending gausah pakai gofood",negatif
0d78b23c-fce2-43f5-a6ba-45e2f848932b,jefsi andril es,1,2026-09-08 17:43:21,"waktu pencarian driver lama sekali, padahal driver disekitar banyak.",negatif
f906d71b-ad03-4f4f-a507-8a7ab7fa7abe,Lilium,1,2026-09-08 17:39:14,susah driver mau bangkrut kayaknya buang buang waktu saja,negatif
3341ce74-109a-4856-98b2-8e79d193192c,Theodore Channel,1,2026-09-08 17:36:23,aplikasi ter tolol,negatif
4552be3c-0e30-4010-bd37-0a701f8d33c9,Lidiyanti,1,2026-09-08 16:59:56,mitra tidak bagus,negatif
21c8bfda-033e-4e6d-91de-fc6561bae420,Miranda Nuelle Moralles,1,2026-09-08 16:51:24,"How to explain, I got racist from this service, the drivers said racist things in Indonesian, I know what it means because I can speak Indonesian and some also asking for more money than the nominal amount, pathetic",negatif
92bdaf50-71b1-4652-ac82-b224ab9c70e3,Aldo L.S.,5,2026-09-08 16:33:03,"the best indo app, better than grab",positif
860be09f-da11-4233-a2f4-136339dc306d,Kiandra Ayla Indhira,1,2026-09-08 16:22:04,dapet drivernya lama,negatif
45ac0184-d29a-487c-8b45-beb8a03e1adf,stok epep 450,1,2026-09-08 16:18:43,"makin lama makin aneh ini aplikasi, sudah 4 kali order tapi dibatalkan udah nunggu Berjam jam, kalau emang gak bisa dikirim/selebihnya kenapa open order anehh",negatif
714d2f36-f138-400b-ab16-cd920e4c729b,nadien Delavia,1,2026-09-08 16:11:50,"setiap saya pesan gofood selalu tidak mendapat driver padahal saya hanya memilih fitur yang tersedia (hemat) padahal sudah menunggu 1 jam tetapi selalu tidak mendapat driver, kalau driver enggan menerima paket hemat lebih baik dihilangkan saja, daripada sudah menunggu lama tetapi tidak kunjung diantar.",negatif
88f6d1f0-2f98-46f4-a903-4da629570446,heru bagus,1,2026-09-08 16:07:45,"TOLONHG DONG GOJEK, ADAKAN FITUR UNTUK MELAPORKAN DRIVER YANG GA AMBIL ORDERAN TPI GA CANCEL ATAU GA ADA CHAT RESPON, ITU NGERUGIIN WAKTU KAMI YANG SEDANG MENUNGGU, MAU DI REPORT JUGA TIDAK BISA, KARENA TERLALU SERING KETEMU DRIVER SEPERTI ITU, ADAKAN FITUR REPORT DRIVER, BIAR ADA EFEK JERA!!!",negatif
a6c2275f-0628-4a0a-9e95-9f3ad80d419f,Pramitha Devi,1,2026-09-08 15:41:00,"saya gak mau batalkan pesanan saya, cepat kirim pesanan saya",negatif
598782fd-a512-4e66-9df5-ebec8e52352b,Maghfur Maak,1,2026-09-08 15:32:54,tolong perbaiki di gofood. sering kali nunggu lama eh malah ga dapet driver. Pelanggan rugi waktu dan toko yang sudah siap pesanannya pun juga rugi pastinya. soalnya tidak hanya sekali dua kali🙏🏽,negatif
56938558-26df-48d2-9d77-daa0dabd0efa,Argi O,2,2026-09-08 15:25:29,padahal aplikasi bagus tapi entah kenapa beberapa kali saya pesan malah 2x order,negatif
3b1e30e3-e4e8-44bb-ab23-ad272dd8cd62,Desy Natalia,1,2026-09-08 15:00:00,bayar VIP plus harga sama aja malah lebih mahal dari pada sebelah.... nyesel,negatif
ead59cf2-f861-4e8f-99d0-86f4a02488e2,I-nuel Hendro,5,2026-09-08 14:39:51,pengiriman dan transportasi membantu,positif
f71ad159-0cc1-4324-a97f-c558a49fdf11,Santana tan,1,2026-09-08 14:37:01,"Order dari pkl 13:24 dengan estimasi tiba 14:09 gak ada Driver yang pick up, sampai akhirnya Cancel otomatis. Kemudian saya Order lagi dan harus menunggu 1 jam belum tentu dapat Driver. What the h...Mau cancel juga gak bisa.",negatif
8f020ffc-7218-416f-918d-545125c0b63e,Yehezkiel Napitupulu,2,2026-09-08 14:21:55,"Tolong knp kdng kdng pas masuk gojek nya tiba tiba ngelag yah kek masih kosong semua fotonya, trus padahal wifi lancar, penyimpanan masih banyak,tlong diperbaiki yah,kalo tetap sama aja di turunin lagi",negatif
9e3d3eb0-bb6d-4349-81e4-ba946fa11486,Noel Hutauruk,2,2026-09-08 14:15:57,"ini apk makin ga beres aja makin lama, buat sistem pengantaran murah di gofood tp udh ½ jam lebih ga dpt2 driver, juga promo ongkir 1 Rp hanyalah mitos, ujung2nya saya batalin karna terlalu lama itupun harus sekitar 35 mnt baru bisa dibatalin dan ga ada dpt kompensasi berupa voucher apapun. Dikira mau dimakan bsk kali ya",negatif
07684739-222e-4f67-8d38-009ce9fd6dd1,Wahyu Guruh,1,2026-09-08 14:13:28,"driver kalo jarak Deket GK mau respon, driver sering tidak bergerak. busuk banget. harusnya jangan diterima kalau akhirnya di chat TDK bales, trs ditunggu GK gerak posisinya.",negatif
b0898b48-2993-4499-9337-7fd3417960bf,Iful Banie,5,2026-09-08 14:01:50,gojek is thebest,positif
33e2e075-a4a4-45b2-931c-9f1356c34042,Rafif Fritzy,1,2026-09-08 13:57:10,"banyak rumah/ tempat yang tidak masuk di dalam sini, udah masukin alamat yang benar malah salah jalan saat sudah di konfirmasi",negatif
a0a71ae7-72e2-4551-bad9-bda8b6b9aae7,Arin Nasution,1,2026-09-08 13:53:10,"DRIVER MEMINTA BAYARAN 2X, LALU MEMBUAT KERIBUTAN DIRUMAH SAYA TAPI TIDAK BISA DISELESAIKAN OLEH PIHAK GOJEK",negatif
3f04dddd-2b3e-4dc3-9b58-ec566310144c,Nanda Rahmawati,2,2026-09-08 13:07:16,untuk pemesanan Go Mart mengecewakan lalu ga bisa komplen ke supermarket nya,negatif
74e6a6ce-1f01-4bde-a5ec-2cda4f81a716,Dauzan Fahmi,4,2026-09-08 13:06:08,"plis lah gojek masa habis update proses tahap gofood jadi lebih banyak dan lama, orang mau orderan segera sampai malah dipersulit, balik lah ke sebelumnya yg proses dan perkiraan waktu lebih cepet, parah gojek😡",positif
433bc2a7-7fbb-4c64-874a-abc6357c6e5e,Xyanz genshin,1,2026-09-08 12:41:44,"udah pesan makanan dari jam 9 nunggu sampe jam 1,eh taunya batal gara² ga nemu driver, ga dapat kompesasi sama sekali pula lagi, hadeh",negatif
db1cb225-6aac-4fd9-8e4d-dda5d8d04cbc,Bang Jo Channel,1,2026-09-08 12:37:58,drivernya kek babi Semua giliran promo gak di terima orderannya giliran bayar mahal pada ngantri...apalagi namanya kalo bUkan TOLOL,negatif
02506250-8af6-4383-8f3f-5a2ccdf72724,Putri Mutyara,2,2026-09-08 11:16:34,"saya tidak bisa mazuk ke akun saya, ini ada apa?",negatif
b2721c08-1be1-4d16-b09d-60b7e0f589cc,elvira rosa,1,2026-09-08 11:13:26,"kenapa tidak ada opsi untuk pembatalan, mengadu tapi tidak ada saran",negatif
d47cf15b-45e0-4a6a-86cd-1eeb2a8db177,Didik Junaedi,5,2026-09-08 11:08:41,Sejauh ini sih masih baik lab,positif
86a5fe5c-f5c9-4470-b0ef-baf66a771591,Dea Serizawa,2,2026-09-08 10:57:02,"bang yang bener aja,gw mau beli makan harganya cuma 10k, ongkirnya 4x-5x lipat bang... deket loh ga ada 2km",negatif
e6ac7122-d880-4bd2-8629-2e68e7163bc1,Roy Ray,1,2026-09-08 10:44:44,ini aplikasi kek tr*vel*ka. ada algoritma yang kalo ngecek harga 2 atau 3 kali akan berubah.. ga rekomendasi,negatif
5ca5e0e7-4681-4449-8c2a-3277012d2196,Irsyad Fakhri R,1,2026-09-08 10:03:31,"saya pesan gofood dan titik antar sesuai dengan alamat, tapi di map alamat ada di jalan sebelah",negatif
12dd5f2b-3889-404d-8cab-107ffeed0f02,Muhammad Ricky,1,2026-09-08 08:54:08,"pengalaman terburuk saya di gojek ini adalah ketika saya pesan makanan, tetapi pihak tokoh tidak bertanggung jawab saya beli 3 datang nya 2 dan si aplikasi gojek ini menghentikan chat saya tanpa ada solusi yg konkrit sangat tidak rekom buat yg mau instal ini apk jelek",negatif
d5add705-43f5-4511-945a-b82b5f7e4869,Sri Urip,2,2026-09-08 07:34:30,mengapa gopay saya tidak bisa membeli pulsa listrik dan transfer bank? jawabannya gangguan tehnis terus,negatif
4628ff65-31c1-4b56-b1f7-43642bfba2de,Kodok Laalover,5,2026-09-08 07:16:55,Tolong bantu kasih tau saya min .. akun saya tidak bisa masuk aplikasi gojek . Karena harus masuk verifikasi kode OTP email .. sedangkan saya lupa password email saya min. nomer hp saya masih ada .. jadi bagaimna saya buat untuk Proses nya .. di sini masih ada saldo saya ..,positif
419a5a81-6607-4907-a814-c46ca27c90cb,Vina Amelia,4,2026-09-08 07:15:28,"tolong dong di perbaiki bagi para driver yang belum siap Nerima orderan matiin apk nya, saya sebagai customer sangat kecewa sudah dapat driver tidak jalan2 tidak ada ngabarin. saya pernah sampai telat 1 jam kerja yaampun jangan buat resah kita dong. dlu saya sering pakai gojek ini. dan saya juga pernh dapat Driver minta bayar nya di luar apk jadi dia matiin apk nyaa",positif
87fc68a4-1a9c-4a3a-a5e0-21dc7aded815,Aries Widyantoro,1,2026-09-08 04:48:35,"Aplikasi ga jelas driver pilih pilih ambil penumpang, padahal udh mesen pake prioritas juga sekalinya dpt dicancel mulu gaje",negatif
f59626be-72b6-4d8b-a252-8940925ecaef,Muhammad Ridwan Sidik,5,2026-09-08 04:06:31,"terimakasih, sangat membantu",positif
09d2fc32-c47f-47a7-83a5-1120c6ea1369,Layla Dzikra,1,2026-09-08 02:26:22,"udah dapet gopay coin dari geam bolak balok 20k tapi malah malah aplikasinya eror udah mah cape cape mainnya eh malah keluar sendiri, pas masuk lagi coinnya gak bertambah parah sekali. kalau gak mau memberi hadiah jangan di adain aja geam geam ny",negatif
a03a13a6-b877-414a-8b38-ea64aa97b4f5,Ochi Mochi,5,2026-09-08 02:16:27,dari seluruh aplikasi pengantaran. aplikasi ini cuma beberapa mengalami kesalahan kecil,positif
7a76c7ee-805f-4b24-bf78-0a03443bc81d,Alifiah Zahra,1,2026-09-08 00:15:42,"pesanan saya dibatalkan sepihak dikarenakan sulit mendapat kan driver, saya sudah menunggu pesanan dari jam 22.22 sampai 00.08 pesanan saya otomatiss batalll!!!",negatif
c727dcf7-3f4b-4463-a69e-561b68777c6f,Muhammad Nafis Ammar,1,2026-09-08 00:14:47,"Susah banget cari driver buat gofood. Bikin nunggu lama banget, jadi harus cancel pula. Mungkin harus ada yang dievaluasi dari opsi murah di ongkir, karna saya rasa ini bikin driver ga mau ambil orderan. Masalahnya ongkir opsi cepat kemahalan.",negatif
e33ebf4c-2427-4cfa-af8d-a527173e7338,Lonely,1,2026-09-07 23:36:44,"hari ini saya pesan GO-FOOD dah cancel 3x karena saya nunggu sejam lebih, gila parah sih sekarang apanya gak jelas.",negatif
ec3613e7-a7a2-480e-89d4-34dd529eef29,Sarinur Nuraini,1,2026-09-07 23:02:46,"apalah gue pesen gofood tidak sesuai estimasi, tiba 22.58 ini jam 23.00 belum dapet² driver, apa karn gue pake voucher??? kalau gabisa atau sesulit ini gausah lah ada ada voucher. sistem bobrok gini nih yang bikin gojek kalah saing sama yang sebelah, pliss lah profesional perusahaan sebesar ini masa sistem buruk!!!!",negatif
c0eac474-c1a1-42ee-9a3a-c963e97f2a76,saila anwar,1,2026-09-07 22:25:41,"driver gada yg ambil food, sudah 4x pesan sampai di cancel pesanan krn tdk ada driver yg ambil, gojek cm mau ambil untuk pengiriman cepat, yg hemat mereka tidak mau ambil. bantuan di aplikasi juga tidak menyelesaikan masalah, hanya nyuruh cancel atau lanjut pesan, seperti itu terus jawaban di pusat bantuan gojek.",negatif
0187802f-7672-4d52-9f3f-6f9d9a649d9a,Zamuri kabayan Yahmien kabayan,5,2026-09-07 22:08:01,bagus kak bahanya,positif
de96b326-f3dd-4bc8-b6dc-d9d23c6d39df,Anjar D. Prasetyo,1,2026-09-07 21:42:22,A+Rewards nya malah ditiadakan.. Perusahaan Merki.. 🤬,negatif
df4af660-0119-4f8d-b3d3-6efbe5382ff9,Ujen Jaelani,5,2026-09-07 21:35:54,saya pelanggan gojek. sdh lebih dari 25thn,positif
ece41b70-41d9-41c1-ab0f-35085d34af08,jahraa,2,2026-09-07 20:57:52,"susah dpt driver kl gofood smpe restonya tutup, mana ndbisa di cancel",negatif
384f194b-738e-4a6e-b345-88d5b4b54cf6,Yuliyanti 1717,4,2026-09-07 20:43:34,kenapa sekarang kalau mesen gojek pake harga MURAH tu lama banget di acc. tapi giliran aktifin pencarian cepat behh langsung dah itungan detik. tolong dong jangan seperti itu. kalau kalian perlu biaya tambahan jangan mempersulit orderan harga normal (murah),positif
822073d4-5185-4315-9941-8dad15e49247,Lisa Lestari,1,2026-09-07 20:34:08,buat apa ada fitur ongkos murah di gofood kalo pada akhirnya ga bisa di pakai. udah nunggu 1 jam ga dapet2 driver padahal biasanya beli di sebelah 30menitan udah sampaiii dan ini udah nunggu 1jam lebih ga dapet² driver. mending gausah adaain fitur ongkoss murah kasihan orang orang yg udh laper tapi uangnya pas²an udah berharap makanane dateng dan di tungguin sampai 1 jam lebih tapi tau2 di cancel. blom lagi klo makanan di cancel gitu uangnya masuk ke gopay dan kalau ambil harus ke potong admin.,negatif
c39c26a4-9c1b-4a32-bd37-e1cd6de152d7,Fahriza adelia putri,2,2026-09-07 20:11:17,tarif terlalu mahal,negatif
4ca8ea35-3f6a-4dee-b953-50dd05e68ee8,Laurent,1,2026-09-07 19:54:51,"susah dapet driver gofood, udah nungguin sejam, eh malah ga dapet driver mulu",negatif
a779ce35-b891-4ca0-a783-c06b2d5c67d2,VIDYA ELMARETA,1,2026-09-07 19:49:03,"parah. pesen grab food 2x gak bisa terus nunggu sejam lebih endingnya dibatalin. gojek makin stres, sampe asam lambung gue nungguinnya.",negatif
199b2844-653a-4cef-97b4-bae78862c06b,lielie djaya,4,2026-09-07 19:46:02,kak saya gak pernah minta kode verifikasi gopay kenap ada kirim kode ..... pengirim ......2947,positif
722d40b5-ac3e-4bcb-9206-0d4f8b017e56,Lvyona Lunara,1,2026-09-07 19:45:21,butuh perbaikan 😏,negatif
f968a918-b562-4c1f-8440-b705da5a8807,Adi Arfansyah,1,2026-09-07 19:22:54,terlalu banyak biaya admin.,negatif
95a463b2-128b-45b2-b2c3-53af1d62f487,azkya davina n,1,2026-09-07 19:09:32,"Fitur nya mungkin sangat membantu driver, tapi untuk pengguna pelanggan fiturnya sangat kurang apalagi dalam gofood, saya mencoba mesen udah di 2 outlet dri restoran yang sama, penangan nya sama semua. Di buat nunggu sejam lebih, driver ga dapet padahal dri aplikasi akan di carikan driver sampe jam tertentu tapi 30 menit lebih dri waktu yg di tentuin tetep ga dapet. Sekalinya dapet driver langsung hilang. Saya chat CS minta bantuan untuk crosscheck lagi ke restaurant, tida membantu sama sekali.",negatif
31e6b3fe-f4c0-4d3f-9870-073a78d038b0,arvelia gv,4,2026-09-07 19:03:02,"bagus, tapi ngeselin pesen makanan kalo nunggu drives lama ga dapet dapet perkara pake vocer murah mana ga bisa di batalin lagi gila ni apk lu mau gw mati kelaperan",positif
16a5b5b7-6cc6-4947-babc-3da4fb408416,Herman Setiawan,1,2026-09-07 18:53:17,"parah sudah bbrp kali gofood berjam2 tidak dikirim dg alasan tidak ada driver alesan mengada2, pelayanan super buruk",negatif
69727aeb-d4b3-4309-8c50-3fa1fdd8731e,Bagus Rakhmadani,1,2026-09-07 18:50:53,"susah cari driver, alibi banyak promo biar banyak yang tertarik giliran di pakai susah cari driver yang mau, jelas banyak driver yang gamau ambil pick up promo karena kebijakan dari gojek untuk tarifnya nggak sebanding bisa di bilang rugi di driver dan imbas nya ke pelanggan, lebih di pertimbangkan lagi kalau bisa gaada yang di rugi kan dari pihak driver dan pelanggan",negatif
4ad3305c-c8e1-4f2c-bf65-159d06aedbdb,Dwi Putri Mitra Rosdiana,1,2026-09-07 18:03:40,pesan gofood mode muraaahhhh tapi selalu gak dikasih driver. mending hapus aja sih mode muraahhhnya tohh kalo pun ada juga gak di bisa dipake gak pernah tuh dikasih driver nunggu spe berjam jam,negatif
e12e5ea9-a74d-4e3c-9bfc-2e0e5befb7bf,Jhihjiubj Hhjnnini,1,2026-09-07 17:40:38,"CS yang tidak membantu sama sekali, lambat dalam pengerjaan maupun respon. Driver salah alamat dan pesanan gofood yang tidak diterima tidak ada opsi untuk dibantu",negatif
f4b8beef-ad6a-47dd-af34-2f5a6d8730fc,anisah hana,1,2026-09-07 17:21:07,"terkhusus driver² mobil gojek, sepeda motor pengalaman saya memesan gojek para drivernya byk tingkah.. di oken pesanan saya tp tdk bergerak demi mndpt coin yg gk seberapa agar costemer meng cancel orderan yg mreka ok kan. tlg d perbaiki sistem kalian pada betingkah driver gojek",negatif
e21844d9-6d35-488e-9994-7fc9efcc7f96,Pengguna Google,4,2026-09-07 17:08:10,Kalau hujan jaringannya jelek jadi susah chat sama drivernya,positif
88dddb67-bb4f-4519-8d0c-442fd60f123a,Clarisa Ribka,1,2026-09-07 16:41:12,2 jam saya di goosting driver,negatif
01eee366-8f01-41b1-ad95-99457af0e687,A _,1,2026-09-07 16:24:02,"setiapkali pesan pakai hemat selalu dibikin nunggu sampe berjam jam ini bkn skli aja tp berkali kali, tiapkali mau chat ke tokonya gk pernah bs dan ini bkn cuman gofood alias Gojek jg. kalau saya chat ke cs bknnya membsntu mlh menjswab hal yg sama aliaS BALASAN SISTEM! BUKAN BALASAN CS SUNGGUHAN UNTUK MEMBANTU! nah kalo udh fitunggu berjam jam kalo udah driver gak dpt trs dibatslin dari ssna lah emangnya dipikir yang sibuk driver foang semuanya jg sibuk kalau pengganguran gk akan sy pakai gojek!",negatif
8523bcd4-108a-4287-8149-7bbdb4549496,Rosita Rosita,5,2026-09-07 16:16:19,semua jdi mudah krna ad gojek🤗,positif
e7ff0340-cda1-4f5d-ac07-b18f3f8428da,Mutiara Fauzia,1,2026-09-07 15:51:12,selalu diminta dana lebih dan pesanan selalu terlambat,negatif
2de34596-04d7-4814-9491-4f8de607927f,M Amin Rasyidi,5,2026-09-07 15:44:47,"MasyaAllah, nyaman saat berkendara..",positif
5c01345b-b211-4541-a717-ab9511663fcf,15. Muhammad Wildan Rifqi,1,2026-09-07 15:42:23,"ada bug di fitur gofood kah? ada warung yg rangkuman ratingnya *5 dari 20+ rating. tapi pas ditekan detail ulasan, cuma ada 3 ulasan dengan *1 ; *2 ; dan *3. itu sangat menipu pembeli sih. dan memang pas dibeli layak dikasih *1 itu warungnya.",negatif
33745572-1164-46fd-ac92-f9121b11d257,christian anwar,5,2026-09-07 15:15:17,ok sangat membantu,positif
e7bed6fc-8ea5-40a6-a948-44b25da6356e,REI,1,2026-09-07 14:35:17,"aplikasi kikir, gua udah dapet promo ongkir 2k, tiba"" gabisa dipilih karena gua di tf lagi.",negatif
696af9de-e032-45c9-99b1-57dca8d5684e,Shirohiru Yume,2,2026-09-07 14:29:11,iklan nya maksa bngt kaya si oren,negatif
bddd8d5f-b92f-42d4-826f-034a674e5c76,Zuyaaa Ajhaaa,2,2026-09-07 14:03:41,"kalau ga niat ngasih ongkir rp 1 jgn d kasih Napa, dari semalem smpe skrng gk dpt"" driver, loll",negatif
f8e4503a-84fe-492f-a250-58af6b51370b,Wahidin Wahidin,5,2026-09-07 13:59:45,sangat membantu untuk perjalanan,positif
6cf7241a-0650-43d8-815c-ba2a1c3f445b,masmas didi55,1,2026-09-07 12:05:00,susah kali we dapat driver sudah sebulan setiap beli pasti kesulitan dapat driver,negatif
05682a3f-15f6-4779-8ce1-3e40baddecd2,Ema Darwini,1,2026-09-07 12:01:43,"sangat sangat menyebalkan, beberapa kali sya order makanan lewat gojek selalu ujung""nya batal, karna drivernya gak dapet lah, karna ini lah itu lah, kemarin udah sempat sy uninstal aplikasinya, terus tadi pagi sy coba instal lagi karna sy pikir kali ini tidak terulang lagi kejadian kemarin"", dan akhirnya terulang lagi dong, udah nunggunya lama, ujung""nya batal, 😡",negatif
b986f454-39d2-45e9-b868-c3cb6e29269c,Meyla Salsabila,2,2026-09-07 11:47:42,"udh 2 kali pesen gofood selalu susah dapet driver,ini gmn sih? sering telat dan susah akhirnya tidal jd order. kyk gitu tolong segera ada tindakan ya",negatif
2f5b4c71-65e1-410b-a979-6557bdf03225,Rohmat RD,5,2026-09-07 10:28:51,orang .nya ramah dan baik sekali,positif
4025ea5b-82b1-4128-862b-09794c78f9b4,CMD,1,2026-09-07 10:15:19,"Gak bisa copy paste nomor telepon buat dimasukkan ke detail penerima/pengirim Ga ada notif masuk chat nya dr driver, dan gak bisa edit chat pesan cepat nya, sering error",negatif
a3fe9720-69c2-4fc0-aac9-c3ff3f3dcfc6,Om Batman89,4,2026-09-07 09:48:19,jadilah pado indak,positif
1458dcbb-cafb-4b13-901d-0f783c9522b4,Rusdiyansyah,5,2026-09-07 09:38:16,JAYA SELALU GOJEK SELALU YANG TERDEPAN,positif
8c60663c-1ffd-4fbb-8499-d8fa5830da64,Setiawan Robert,5,2026-09-07 09:26:46,sejauh ini bagus dn aman,positif
bf978d35-e6ef-4962-a82e-aa37df536069,Lisa Dewi,2,2026-09-07 08:47:56,"SUSAH DAPET DRIVER MENTANG MENTANG DISKON GEDE SUSAH DPT DRIVER, 3X PESEN GA DPT DRIVER",negatif
43df6f22-adba-4c47-8f81-e414fb557c98,it's hanieee,1,2026-09-07 08:46:00,MAU PESEN MALAH DOWN TRS SERVERNYA INI GIMANAAAAAAA,negatif
4c2aa101-e8c1-4915-b44e-4547b2f79f94,abhii,1,2026-09-07 08:38:30,"gila ya orang mau ke rumah sakit di cancel terus sok jual mahal banget sih drivernya, 6x pesen 6x dicancel kalo mati gimana?siapa yang mau tanggung jawab?",negatif
d6784e67-6698-44fa-b04a-f7c1430311d7,Siti zulaikha,1,2026-09-07 08:34:52,setiap pesan grabcar dpt hrg murah selalu tidak mau nerima driver beda sama apk sebelahh,negatif
12a28196-9bea-447e-89c1-c7716126d728,lisa catherine,1,2026-09-07 08:29:31,"gojek makin lama dipakek kok makin g bnr ya. pertama, jarak driver dgn alamat yg saya psn slalu diksh yg jaraknya jauh. kedua, pas brngkt saya psn dr tmpt A ke tmpt B, tp pas plg emng saya g naik gojek, trs 2 hr kemudian saya mau pakek gojek dr tmpt A ke tmpt C, knp bsa nyetting sendiri utk saya hrs balik dr tmpt B ke tmpt A? waktu saya mau ubh g bsa ktnya titik terlalu jauh. tlg dehh diperbaiki ya, masa saya g ada nyetting bsa nyetting sendiri, ghaib dong nih apk",negatif
2f058ad3-a3a6-48a0-9367-ec8b2f27febd,ARIP,1,2026-09-07 07:28:45,"jelek banget sekarang voucher promo yg dikasih cuma gocar sama gosend doang, kembalikan voucher promo goride seperti dulu",negatif
112675e4-76b4-4bda-89b3-ff412afe1962,Edison Sitorus,1,2026-09-07 07:22:12,aplikasi sampah busok lama kali masa saya dah ambil eh 1 jam gak datang datang terus maksudnya itu dah ku prioritas kan pun sampe 9000 naiknya eh ga datang datang drivernya . aplikasi aneh,negatif
829b82c3-90e6-4000-acd6-db918446e7dc,Ahmad Mahfudz,1,2026-09-07 07:21:11,saya ngak suka penjemputan yg harus ngedrop penumpang lain,negatif
f24fe187-9464-46e2-b8cf-e0452077b521,Pengguna Google,5,2026-09-07 07:12:53,tolong di perhatikan tarif ada yang tidak tarif berubah sesuai secara otomatis diaplikasi pengguna,positif
da80ac25-532d-4109-85de-9522f4a299fb,Dio Akhsan,1,2026-09-07 06:52:34,mesti lelet kalo cari driver harus bayar lebih Bru dpt,negatif
a7728bbb-2b9a-4ec1-a075-9343ccd398b3,Renzzz,5,2026-09-07 06:45:14,mendapat driver yang baik dan asik,positif
54447504-d928-4787-b9a8-5fc7f36d2d90,Nurhayati Nupus,5,2026-09-07 06:44:24,memuaskan setiap butuh keluar sangat di mudahkan terima kasih semoga menjadi yg terbaik sll sehat Aamiin,positif
9e161ca9-f0ae-41db-8181-c21f70547942,Lucky Man,1,2026-09-07 06:32:35,"APLIKASI BOSOK, CARI DRIVER LAMA BANGET",negatif
9b2e52ce-8496-41d2-a293-e137fa4cc55a,Samsung A05s,1,2026-09-07 06:12:58,"area denpasar makin hari makin susah dpt driver,mau ojek,food,send.",negatif
0c90a61b-49bf-4430-b2f4-897e4cb3dc7e,Pengguna Google,5,2026-09-07 05:37:21,"terimakasi gojek karena kehadiran kamu aku jadi tidak telat untuk ke sekolah , pesan saya siapapun itu bapak-bapaknya yang sedang mencari nafkah semagat dan jaga kesehatan",positif
f95d8815-aedb-4423-af6e-91a253107028,Pijat panggilan,5,2026-09-07 02:26:14,mantaps dari dulu pakai gojek gak pernah ribet selalu aman,positif
3917b579-ee05-41c3-97f3-614fbe96f5ea,juan suez,1,2026-09-07 02:18:36,"kenapa harga makanan di gofood makin mahal dan ongkirnya semakin gila mahalnya ?? apa kalian pengen cepat kaya raya ?? harga makanan di app kalian lebih mahal daripada harga aslinya. enak ya mentang² pemerintah gk mau tau masalah ini, jd seenaknya kalian bikin harga sendiri",negatif
81ac241a-ccb2-418b-9677-e40be86301b8,selviwulansari,5,2026-09-07 01:59:23,walaupun jam brpa tetap di anterin tepat waktu,positif
2a9e3b84-caa6-45eb-baca-f02744ad0e5a,Asmia Hanifah,1,2026-09-06 23:45:32,TIDAKK REKOMEND!!!! UDA NUNGGU 1JAM LEBIHHH TB2 DI BATALKANNN DGN ALASAN YGG MSUK AKALLL...... SY PESEN Y KRNAAA LAPERRR KNP D BTL IN UDA NUNGGGUUUU LOHHHH............. gausa bntg ini satu cm buat pjgn biar bisa repostt ajah! uda uninstal g brfunsi jg klo laper tb2,negatif
4db13200-dcc8-4d70-bd40-551f8ae4b1c1,abrar pasolo,1,2026-09-06 23:41:43,udah nunggu berjam jam ga dapet dapet driver nya hdehh,negatif
7bd5aa30-c539-43f1-b328-a0600bd65028,Echah Nyilfiah,1,2026-09-06 23:27:20,goblog. udah nunggu 1 jam dibatalin otomatis krn ga ada driver. kelaperan goblog!!!,negatif
ef8ec526-70a7-44f0-9f79-f56dfc7df366,nugroho satrio,1,2026-09-06 23:07:10,skrg gofood mau pesen makanan lama dan gk dibantu cepat..mana tulisan pesanan masuk.terus sampai sejam lebih dan gk bsa dicancell..,negatif
8f3b5103-517e-41be-9d6e-e797c6f80c9d,Heti Herdiana,1,2026-09-06 22:25:20,"pesan makan di cancel toko alasan tidak menemukan driver, tanya ke pusat bantuan dibilangnya tokonya yg masih menyiapkan makanan. perasaan toko mau siapin makanan kalau driver nya pasti, apalagi mendadak dibuat, kalo driver ga ada ya mereka ga akan buat dulu. yang bener aja lah",negatif
b4730545-3823-4da5-bdb3-31b9550812de,Muhammad Hafiz Muizzuddin,1,2026-09-06 22:23:55,tidak menjangkau seluruh Indonesia,negatif
563c733a-9488-4d0c-b4d2-8ad6724a749e,Dandi Muharam,1,2026-09-06 22:17:15,order makan ampir 2 jam... sistem go jek parah.......,negatif
42cf59de-381c-4785-9081-9b1a1dfd3702,Hasna Amalina,1,2026-09-06 22:14:00,"Gak jelas fitur gofoodnya. Udah nunggu pesenan sejam, masih aja telat. Itu pun gak ketemu terus drivernya. Estimasi ada buat pajangan doang? Portal komplek keburu ditutup. Gerbang kosan juga. Waste of time banget. Kalau emang sekiranya ga bakal ada sama sekali bilang aja biar orang ambil opsi lain. Jadinya kan, makan ga dapet, buang-buang waktu juga. Kalau nunggu, mau berapa lama? Gak bakal bisa diambil juga makanannya kalau gerbang-gerbang udah dikunci semua. CS nya juga ga membantu.",negatif
3b568564-8581-4844-ab03-503511797c83,Tigor Boys,1,2026-09-06 22:03:31,mengecewakan akun saya di bekukan dan tidak mendapatkan gopay coin /gojek coin,negatif
28ace211-5620-4e72-984a-509e90832aa0,Shemi Shemi,1,2026-09-06 21:55:27,posisi driver yg terima dan menjalankan order selalu jarak jauh membuat proses pesanan menjadi lambat.hai aplikator kami ini pelanggan order itu bayar bukan gratisan jangan sesuka otakmu saja memberi pelayanan.nambah biaya layanan aplikasi bukan malah bener tapi kok malah bobrok.,negatif
b207206e-81f4-46a9-ab68-47b4a815e025,Elisabeth Mariana,1,2026-09-06 21:50:51,"UANEH DAN GAJELAS SISTEMNY, PESEN GOFOOD UDAH LUAMA LEWAT DARI ESTIMASI GA DAPET DRIVER TRUS. GA 1 ATAU 2X KAYAK GINI SERING MALAHAN, SANGAT MENGECEWAKAN. GA USAH BUAT PROMO AJA SEKALIAN KLO GA ADA DRIVER YANG MAU AMBIL UDAH COBA BERKALI"" TETEP SAMA UDAH DAPET DRIVER ILANG LAGI DRIVERNYA",negatif
9caa67e8-b35c-4d39-9f2e-b6d2811c3115,Kaysha Zahratusyita,1,2026-09-06 21:49:06,"DALAM 3 HARI UDAH LEBIH DARI 5X HARUS BATALKAN PESANAN GOFOOD. BAHKAN, 1 HARI INI AJA SAYA UDAH BATALIN 3X GOFOOD. SEMENTARA SAYA HARUS NUNGGU 30 MENIT LEBIH UNTUK BISA MEMBATALKAN PESANAN YANG GA KUNJUNG DISIAPKAN. BURUK SEKALI, DIPIKIR ORANG GA PUNYA ASAM LAMBUNG APA?",negatif
d35d9bc7-4012-4c16-8146-d88ee778111b,Dian Agung Simatupang,1,2026-09-06 21:40:12,iklan lu dimana² nyebelin banget,negatif
217a4fce-98e7-4dfb-b8cf-3baa46864521,Ikhwan Alfiansyah,1,2026-09-06 21:31:08,"sering dicancel sepihak, sudah nunggu 2 jam, perut sudah lapar, tp seenaknya dicancel oleh gojek, uninstall saja, pengelola tidak profesional 👎👎👎",negatif
fffb6c39-40da-43ad-bfea-2fc399a6356f,Adam Taufik,1,2026-09-06 21:23:46,drivernya kalau nyeberang main masuk aja ga liat kanan kiri dulu,negatif
a6d67959-4370-4bb8-941e-a3de9418ea16,Ikan Goreng,1,2026-09-06 21:04:51,"driver gofood pada pemalas ga mau ambil , beda ke aplikasi lain mau ngambil pesanan",negatif
26cc9f29-2e72-4bf1-97c3-e0eb3707ba87,Imam Gunarsah,1,2026-09-06 20:55:30,"Pemesanan order paket hemat sangat2 lama, jika pelayanan lama lebih baik tidak usah ada paket hemat. tidak berguna sama sekali. BAD! delete aplikasi gojek",negatif
78924f14-3f6e-4684-a821-bcd98ca4ec18,Meisoifu,2,2026-09-06 20:44:44,"aplikasi gila mesan gofood 2 kali mesan ga ketemu driver, ni niat aplikasi nya mau bikin orang kelaparan kah apa mau bantu orang?",negatif
06acfaaa-b19b-46b6-a186-504f1fb3f2ba,ujoo's house,1,2026-09-06 20:28:53,udah nunggu hampir 2 jam malah di cancel dengan alasan gak ada driver. kecewa sama gojek dan gak akan pake lagi aplikasinya.,negatif
4569992b-e6c0-4f9c-bf2a-f43467868573,Chanaya,1,2026-09-06 20:16:17,"nunggu makanan gofood udah sejam lebih, posisi makanan sedang dimasak, tbtb aja dicancel ktnya resto mau tutup, gila kali",negatif
280a4bfd-1115-4c6b-aba1-065a56180c8b,see sart.02,1,2026-09-06 20:06:15,"sekarang susah banget dapet driver makanan, udah sejam lebih gila kali. Gausah ngadain promo klau ga niat, tutup aja platform gofoodnya",negatif
96d7dcbd-0934-40de-9936-3d1457fb8bef,Azria Salsabila,1,2026-09-06 20:03:10,"sudah nunggu sejam setengah setelah pesan makanan, tiba2 di batalin , dasar babi, babi, babi,",negatif
05c60d33-39a9-4c23-9aa0-d1ada321b83f,Maora,1,2026-09-06 19:59:10,sialan gojek gak bisa di handelin,negatif
422470ed-a351-4510-871d-3863c44dfb42,Febi Dwi Yanti,1,2026-09-06 19:57:21,KECEWA PESEN SAMPE 1 JAM LEBIH TAPI PESANAN TERNYATA TIDAK MASUK DIRESTO,negatif
160441b5-cb0e-443b-8627-cfe945355684,Niel Harefa,1,2026-09-06 19:50:47,"lama bet nyati driver gofoodnya, udah 3 kali diulang pesan tetap aja gak ada",negatif
fa733c2c-2aaa-495a-9530-c855d4ea40b3,firman permana,5,2026-09-06 19:45:09,oke banget aplikasinya,positif
39c5d879-4e25-4d68-ab0b-0be68f817d9e,Daeng Tutu,5,2026-09-06 19:42:09,"diskonnya banyak, dan aplikasinya gampang di gunakan. terima kasih Gojek",positif
004b4a38-ead4-4ec0-a41e-c46b58a27f73,Eko Budiyono,1,2026-09-06 19:34:32,"Gua pesan gofood nunggu lebih dari 1 jam dan gk kunjung dpt driver. Menunggu dalam keadaan lapar dan gk ada kepastian dari gojek. Sudah konsultasi ke CS, tapi GAK GUNA. Pesanan gua pun DIBATALKAN OLEH PIHAK GOJEK. Terus gua dapat apa menunggu selama itu? Gk dpt apa-apa? Cuma perut lapar karena menunggu aplikasi yg gak jelas",negatif
be24a79e-111d-4c96-9412-bbcd0c211969,Herwin Saputra,1,2026-09-06 19:28:35,ga cocok gofood terlalu di lebih2kan,negatif
d76618cf-f824-4fc5-92bb-0ea6f6c57f41,Sharimovski99 N,5,2026-09-06 19:22:04,"Membantu keperluan transportasi (gocar, goride) dan pemesanan makanan (go food).",positif
dd80da24-9dac-45ba-a104-3ccb6c1b58c7,Viraa,1,2026-09-06 19:04:13,pesen makanan lama banget sial keburu gerd kambuh,negatif
33055305-d15b-4fee-a518-afd5a1d0feba,Mochammad Daffa Gustiana,1,2026-09-06 19:01:43,"perbaiki lagi deh aplikasi gofood, masa nunggu makanan 2 jam",negatif
6dfbcbc7-c46a-45e1-b70e-237d9d2fb616,Ahmad Habibi,1,2026-09-06 19:01:02,"Apaan, driver nya pada males2 smua masa aku udh 2 jam nungguin g ad yg ambil, dari pagi td nyoba 2× astagaaa, yg awalnya laper gajadi laper, BAD RATE BGT GUSTIII, masih mending2 an sebelah hdeeehhhhhh muaakk",negatif
43f58388-4f6d-4da4-9aa8-093005dce911,Maura Putri Chantika 019,1,2026-09-06 18:59:52,"tingkatkan lagi pelayanan untuk gofood, udah nunggu berjam jam di batalin otomatis sama pihak gojeknya dengan alasan driver sedang ramai. GA MASUK AKAL BANGET!!!!",negatif
779b9cfa-f9df-4e9b-8519-a2419bd34bf8,farantika fathiyah,4,2026-09-06 18:53:12,biasanya saat telfon tidak muncul notifikasi dari gojeknya. dan tidak bisa langsung diangkat,positif
b6d09631-ceff-4f43-b9df-c5a814316902,Ilham Muhammad,1,2026-09-06 18:29:14,"minta tolong untuk pihak gojek, untuk bagian gofood kalau emang seandainya dibuat diskon makanan, driver gojeknya minta tolong kerja samanya juga, nggak dibiarin lama makanan juga gak ada yang ambil",negatif
a884ce12-109b-42ca-a8e4-7e08aabb10b5,Fajar Razqween,1,2026-09-06 18:28:42,"aplikasi tidak lengkap pelayanan, mau di batalkan pesanan lewat aplikasi aja tidak bisa? kek gini lama lama pada males pesan lewat gofood, gara gara salah pencet menu mau ganti aja ga bisa , mana yang kepencet menu mahal lagi ... gofood Masalah pelayanan aplikasinya JELEK",negatif
ef78c652-59af-4fbc-9c53-43da19d213a8,Vivo V60 lite,1,2026-09-06 18:10:25,aku udah beberapa kali pesen makan ujungnya dibatalin kek why???,negatif
4fca7d16-1957-48ab-8f69-72e881c23bc7,Risma_sririsma29,1,2026-09-06 18:06:34,"susah dapat driver, resto lama konfirmasi",negatif
b6f6f557-a3bc-4036-aaca-388734d1de95,Asyila Abdan,4,2026-09-06 18:03:10,bagaimana di aplikasi tertulis harus update os padahal biasanya pakai HP dan aplikasi yg sama?,positif
802734c2-ae9d-4b8c-b0a0-1b5b1f07ecc5,Neneng Kurniawati,5,2026-09-06 17:59:57,"Murmer ,gerak cepat",positif
73348cdb-4c5d-48fd-a962-fccca96038ea,Ibrahim Syahreza,1,2026-09-06 17:59:32,"Di perbaiki lagi, buat komplennya, makin sini makin jelek, pesanan sering telat",negatif
47b08799-6e15-40b4-be2b-90e14a14c88f,Iswandi Hanapi Wandi,5,2026-09-06 17:59:02,sangat mudah di lacak dan di mengerti bila mengecek aplikasi,positif
e0e66e8c-c3d3-4812-a561-d258de2c31c9,Adzka Zaidan,1,2026-09-06 17:30:55,"apaan banget dah, koneksi lancar, server kagak down, tpi loading mulu. terlambat dh gw jadinga",negatif
d6afc72c-d3ec-4f71-bddf-ea9745fd52a3,Tyo Fajar,5,2026-09-06 17:24:59,"tolong donk buat pengembang aplikasi gojeknya, untuk fitur go gamesnya masa ngadain misi buat main 3 game masing-masing main minimal 3 menit buat dapatin kunci peti harta karunnya pas gue udah main lebih dari 3 menitan buat satu game doank tapi sistemnya nggak mendeteksi kalau gue udah main selama 3 menitan. perbaiki donk sistem mini gamenya",positif
e46deed6-9cac-4a08-a8ab-a8f28c3e0ed8,Hanifah Nurusyifa,1,2026-09-06 17:10:15,"ga dpt driver gofud, parah bgt, kecewa bgt",negatif
e4cf0791-4afa-49bc-97c2-b95e3a2b846d,Andrew Paul,1,2026-09-06 16:39:29,"Kok skrg semakin susah dapat driver, sudah nunggu makanan lama malah jadi batal gara2 tidak dapat driver",negatif
61422bfa-ff20-4d7e-aa1a-ea0d05f8a685,Audzubillahi Bissmillah,5,2026-09-06 16:19:12,syukur ALLHAMDULILAH. cukup baik,positif
073c155f-706e-421c-a6be-d22d8256e10f,Zulkifli,1,2026-09-06 16:11:21,"tolong untuk driver goofood yg ngk mau ambil ongkir murahh di tindak,untuk apa ada ongkir murah tpi driver ngk ada yg mau ambil order.",negatif
e67f62bf-442d-469d-ba00-1cddf9a3ce62,Siti afiah,1,2026-09-06 15:54:43,Untuk apa diadakan promo besar-besaran jika membuat para driver tidak mau ambil pesanan,negatif
0ee68f43-91be-4c05-ac66-2c6e57e05aa5,Agus Setiawan,5,2026-09-06 15:43:23,sangat membantu perjalanan lebih mudah,positif
b96bcd27-abce-4ede-850a-fa1737620ffc,Reynd Hamonangan,2,2026-09-06 15:21:26,"Belakangan ini sering banget order gofood dibatalin. Udah gitu di cancel baru setelah 1 jam kemudian, awalnya bilang ditunda jadi lebih lama, eh udah nunggu lama malah dicancel. Tolong diperbaiki dong",negatif
4d0a7cd3-dacc-456d-a18f-d053fa90960b,Giselloo yustantyo,4,2026-09-06 15:01:09,"susah dapet driver pas gofood, padahal baru jam 7-8 malem",positif
c7b0c347-70f8-428b-affc-1db083f0c76d,Fikar Mahiru,1,2026-09-06 14:59:06,pesan gojek sekarang lama maaf ya bintang 1,negatif
c6dd038d-942d-4851-8654-68d2c8786d05,Oktareza Ramdani (Rezz),1,2026-09-06 14:47:10,sekarang lama nyari driver. udah hampir 5x seminggu ini gk dapet driver,negatif
06d8261c-896c-4746-a5eb-be1d2980e0a1,margaretha Silalahi,2,2026-09-06 14:32:17,"masa Iyah mesan makanan nunggu driver doang 45 menit? perasaan Go-Jek dulu gak gini? pembaharuan sistem apa gimana? bukan sekali dua kali harus nunggu drivernya harus 45 menit ini udah yg ke 4 kali sampe pihak restoran nanya ""kak belum dapat drivernya?""",negatif
b5bbcffe-0fb5-4254-b5eb-5e52085b02fa,Jihad Faiz Baihaqi,1,2026-09-06 14:28:54,kalau pesen go food sudah berkali kali tidak bisa dapat driver,negatif
74c99106-1b54-44b7-8585-c7f25d40d37d,Aliyah ratu,2,2026-09-06 14:22:01,"susah banget dapat driver kalau pesan gofood cash, kalau gopay bisa dapat walaupun agak lama, mohon perbaiki",negatif
39f89aed-0609-4bac-9cd0-5679512dfb30,annisanoviyanti 2,1,2026-09-06 14:13:53,"kecewa bgt, buat apa ada opsi murah klo makanan lama di antar? driver jga jdi susah bgt, cuman nyoba sekali susah bgt dapet drivernya, iya tau opsi murah tpi ini udah sejam lebih, smpe² anak toko nahan lapar, opsi batalin juga gada mau beli makanan tkutnya datang tolong di perbaiki",negatif
a32227ab-662b-4465-a574-1d8eb96375c4,Krisna Wiranata,1,2026-09-06 14:02:22,"kecewa dengan pelayanan gojek sekarang, semua driver oon, ga bisa ngikutin map atau arah tujuan. terus ya respon aplikasi kalian lelet banget sumpah ya driver juga milih"" mau ambil orderan atau ga kan oon rezeki di tolak terus",negatif
3b80dbc9-e5ee-4c36-a1f5-5c066d05b758,Dharma Halim,1,2026-09-06 14:00:52,sibuk apanya 5 kali pesan ga dapat driver hbs waktu terbuang naik asam lambung udah bubar aja mending app sebelah 10 mnit dpat driver sdh. percuma tiap hari promosi makanan murah ongkir gratis tapi ga dpat driver padahal masih pagi siang ya apa guna nya Lucu kali. KECEWA BANGET JANGN HARAP DAPAT FULL BINTANG BAHKAN ADA DRIVER AJA KU MINES SETIAP BELI GA PEDULI KECEWA BANGET SDH,negatif
7013647e-0865-4e70-a3f8-fb44985615fd,Rossy,1,2026-09-06 13:56:23,"UDAH ORDER 2X GOFOOD DENGAN ESTIMASI 14O MENIT MASIH KENA CANCEL DGN ALASAN DRIVER SIBUK SEMUA? EMG DRIVER GOJEK CUMA 1 KAH ? ENAK BGT MAININ CUST YG LAGI LAPER ! NIAT BIKIN APLIKASI GA SIH? MANA GA DAPET KOMPENSASI APAPUN, BUANG2 WAKTU ORG NUNGGUIN ORDERAN GA JELAS! CUMA BISA MINTA MAAF, ITUPUN SISTEM YG KIRIM OTOMATIS. AUTO UNINSTALL !!!!",negatif
3e8e9db2-0ac1-462e-a96b-45893d467a4d,Herlina Pardede,2,2026-09-06 13:48:09,"gofood kalo udh pengantaran mode hemat luar biasa lamanya nunggu, asik minta dibatalin trus",negatif
7e91cd96-2748-4046-8ab9-a3969048bef5,Kristian Tian,5,2026-09-06 13:30:30,min coba buat qris untuk transaksi naik gojek dan gofood nya..,positif
82073a5e-723c-490e-9b0d-80fcdb915474,Akhmad Syaifudin,1,2026-09-06 13:22:57,Kenapa di aplikasi customer slalu d bales ya keluhanya. Sedangkan di aplikasi driver gk ada balesan dari pihak gojek. Maaf sbelumnya buat gojek tlong donk d tindak lanjut buat para driver yang pke aplikasi tuyul dan fake gps. Kasihan driver yg pada jujur. Sepi order krna byk yg msuk k driver yg sering pke tuyul dan fakegps. Apa g bisa sistem gojek cari tau mna yg jujur dan mna yg g jujur. Sekian. Trimakasih,negatif
4dc84a20-b89d-4623-bcec-4089b64a06aa,Didik 3wahyudi,5,2026-09-06 13:14:46,aplikasi memuaskan sangat membantu,positif
e3867e29-7bb1-4787-91c8-bee145e932e8,Wisnu Zidan,1,2026-09-06 13:11:17,driver taii .. 5x order semua batalkan,negatif
4b04ce9c-3e73-40c8-b00f-c69c1c21754c,Miss Sunday,1,2026-09-06 12:56:33,"aku berkali2 pakai gojek tapi berapa kali selama 3 kali terakhir aku kecewa,makanan tidak sampai dengan baik,seperti mie gacuan pangsit hilang,pesan ayam geprek ada siomay,bisa2 siomay hilang 1 biji.jadi mohon ditegaskan adanya refund atau laporan untuk driver",negatif
ad31610d-edfb-4765-bbe3-a89ac607f03d,Ressy MSaragih,1,2026-09-06 12:28:43,"saya sudah 2x pesan makanan, dengan sabar saya menunggu tetapi dibatalkan oleh pihak gojek, alasan nya driver sibuk, siang hari order alasan nya tidak ada driver, banyak sekali abang gojek, masak tidak satu pun. saya tidak suka pokokny, kelaparan kami. mau order lagi perlu waktu lagi. 1 jam menunggu padahal orderan makanan dekat sekali. buruk sangat buruk",negatif
c7ddb9c0-d6a8-44e4-a187-351d6463b983,Jessica Vianni,1,2026-09-06 12:16:11,"Kalau ga niat kasih promo mending gausah deh. Beli gofood dapat promo lumayan banyak, tapi sampai waktu yg seharusnya makanan saya sudah harus datang malah masih ga nemuin driver dan dikasihnya opsi cancel atau menunggu dengan ketidak pastian. Saya udah nunggu sejam cmn buat dicancel kah? Saran aja, kalau emg ga niat ngasih promo mending gausah dikasih drpd udah nunggu lama sambil nahan lapar tp endingnya zonk.",negatif
2cc97287-9132-4c2d-a6fd-a36cc9e2eb3c,Setiana Pramono,5,2026-09-06 12:15:55,pokonyaa gojek the best ⭐⭐⭐⭐⭐ ⭐⭐⭐⭐⭐,positif
78ff3ff2-aeb8-44fa-b6c8-a736225e7486,MUHAMMAD MUKSON,1,2026-09-06 12:05:58,"UDAH KAGA ADA OTAK MESEN MAKANAN, NUNGGU 2 JAM AN GA DATENG² NYARI DRIVER GA DAPET² ANEH GOJEK SEKARANG, MOHON BERBENAH DALAM PENCARIAN DRIVER MAKANAN.",negatif
c320957a-617f-426f-94b9-8197ad193740,22. Rahmaninda Vigneswari,2,2026-09-06 11:55:34,"pengelolaan aplikasi masih buruk, help desk tidak membantu, semoga diperbaiki",negatif
053b4f6d-1ce5-4512-81de-dca5e033de51,Wibu Taubat,1,2026-09-06 11:34:59,ngelag terus... pesen gofood lama banget cari drivernya. paling parah lag nya,negatif
7272e0ab-9410-4939-b2c8-5a127513afba,Decha cell,2,2026-09-06 10:41:01,"gk bisa claim koin , gmn ini gopayyyyy",negatif
cd71e279-c1d2-48ba-8c6d-e5cc8f654218,Lenti Maryasari,1,2026-09-06 10:35:40,"udah nunggu sejam lebih, malah dibatalkan karena gak dapat driver. ini sejam anak"" nungguin makanan datang ternyata terbatalkan setelah 1jam lebih menunggu. parah banget pelayanannya",negatif
66204e7d-796a-48dc-aa2b-24280f0bc8f9,Pollysteven,5,2026-09-06 10:28:21,sampai tempat tujuan dengn keadaan selamat🙏,positif
4921cd27-a7bc-4c09-977f-c0617ed703d8,Baraspati Kanjeng Raja El Jio Project0089,5,2026-09-06 10:27:09,gojek ini tercepat dan termurah bgt ak suka pke apk ini sampe ak pesen itu puas bgt deh pengantaran ny bgs bgt sy percaya sm gojek nymn dn rmh,positif
1fc44ae4-d45c-46c1-bc85-6c5d9f237bfa,faras jannati,5,2026-09-06 10:21:57,"Gojek selalu jadi andalan, banyak promonya jugaaa",positif
d2ae2d06-cf9c-4366-b851-9a41b0f77ab1,labqi iqbal,1,2026-09-06 09:57:22,pake nama sendiri gaada yang mau giliran saya ganti pake nama cewe baru banyak yang mau hadeh ini kerja apa nyari cewe si gw juga penumpang malahan gw selalu lebihin uang nya tapi kenapa buat cowo Susa banget dapet driver nya 😹,negatif
fc422c27-2c9d-4ed1-8396-483caa4cda14,Chelsea Vivera,1,2026-09-06 09:52:06,"lagi sakit lemes banget pesanan malah dibatalin sepihak karena gak ada driver 😭, ini beneran gak ada kompensasi apapun kah?",negatif
37b01a03-2749-447b-946c-9e89fab01a75,Chece Satoru,2,2026-09-06 09:30:43,"udah gofood makanan 2 kali, tapi gak ada driver yang mau ambil. dengan alasan driver sibuk...",negatif
2a45c9b8-54ee-45eb-a70c-a96b0ce9019c,Kevin Wijaya,1,2026-09-06 09:22:53,kenapa saya tidak bisa masuk padahal saya instal di playstore tpi waktu mau masuk tertulis harap download aplikasi diplaystore,negatif
3e13b40e-c9bb-4166-98e9-ae66974832b8,Choose “Your” Username,2,2026-09-06 08:35:14,"double order buat orderan lain menunggu lama. tidak bisa tepat waktu sesuai lokasi. sudah terlihat kalau sekarang driver kebanyakan pemalas. sangat merugikan pengguna, ganti ke apk sebelah",negatif
722dafcb-fd70-4b8f-b2b9-f3e5c012a8c3,Shinta Arini ayu,5,2026-09-06 08:20:47,selama kuliah saya sangat terbantu,positif
94c411f0-9f4a-4d37-9e08-49da39459601,Ani BANKpermata,5,2026-09-06 07:48:51,Mudah dlm memesan,positif
0936a3ca-7443-470c-9181-c867d418da46,Ghina,1,2026-09-06 07:31:13,"iklannya dikondisikan ya. jadi badmood pake aplikasinya, keliatan maksa banget masuk",negatif
b521b8d5-738c-4027-a63a-fafe744c493e,Immanuel Yadika Sukandar Silaen,5,2026-09-06 06:34:48,"Sebagai pengguna, saya suka gojek. Ekosistem yang diterapkan sangat bagus dan terintegrasi satu sama lain, selain itu banyak promo menarik yang dapat dilirik oleh pengguna. Semoga dapat lebih baik dalam memperhatikan mitra pengemudi dan pengguna non pengemudinya.",positif
8b3c075d-948c-4dc9-8363-00b757505570,REZA KUSUMA NUGRAHA,5,2026-09-06 06:19:06,pelayanannya murah dan cepat,positif
9ec7f55d-54b3-4c13-bace-501bbb12c335,Aldi Bae138,1,2026-09-06 01:56:25,aplikasi tidak bisa di update,negatif
c9eace9e-f94e-4b06-9fc0-ab4ac39bdc6f,Tito Sidarta,5,2026-09-06 00:50:09,semoga semakin sukses gopay,positif
81dabdbd-d1d8-41f6-acfb-61c5770a3768,16_Irma Rahma,1,2026-09-06 00:31:03,Saya pesan dari aplikasi ini dan membayar pakai gopay. saya belum naik kendaraam dan tiba tiba driver sudah menyelesaikan perjalanannya. saya rugi besar karena driver tidak bertanggung jawab ini! ini parah sekali namanya penipuan.,negatif
e7ae1651-9743-49e2-aa48-29a919f53abe,Ezz Cappucino,1,2026-09-06 00:26:23,sangat kecewa. customer service gak bisa menyelesaikan keluhan pelanggan dan penanganan diputar2 situ saja.,negatif
9ba9739e-1e72-47ab-8489-33d4680d36b9,rika Buyet,5,2026-09-05 23:30:03,puasss bngttt 👍👍👍,positif
deb939a6-2943-4955-bf3a-a26824298e6f,Nabila Wijaya,1,2026-09-05 22:56:26,"REVISII, AKU DULU KASIH BINTANG 1 TAPI GOJEK UDAH BERBENAH, GA LEMOT BAHKAN DI HP MODEL LAMA SEKALIPUN, BISA BUAT BAYAR QRIS JUGA... DRIVER DATENGNYA CEPET, JARANG CANCEL, REVISI LAGI, gua disuruh puter balik anjeng sama driver tolol di mrt blok m, padahal gua uda sesuai titik jemput di depan kimia farma, malah disuruh nyebrang anjeng posisi udah malem, rame, gua udah capek. disuruh nyebrang gua tolol emang driverny",negatif
28f09c24-f76c-4aa1-8a31-4ff02d54abeb,Mahadewa D'Saga,1,2026-09-05 22:35:48,"kebanyakan update, koin makin tipis",negatif
3b023b8e-aead-4b35-83de-ebd8066f95f4,Puji Lestari,4,2026-09-05 22:03:29,senang bisa menikmati perjalanan bersama gojek,positif
b14a759c-f5fb-4918-8882-c79dd59065cb,Wafdaa Septiany Rahayu,1,2026-09-05 21:51:30,"kasih bintang 1, kendala nya stiap saya pesen gofood slalu susah dpet driver nya tolong kerja sama nya yahh, masa lagi lapar2 nya malah kyak beginih susah juga dpat driver nya tlong lebih di tingkatkan lagih",negatif
fad64128-6b9f-49c5-a0e0-238fcb27d703,Noviar Natanael Nehe,1,2026-09-05 21:43:31,lama banget booking nya percuma pake prioritas kan tetap aja lama sejam saya nunggu gak dapet²,negatif
7d0480a9-5862-4b19-a7c7-4672b0458178,lymao,1,2026-09-05 21:28:05,sumpah ya promo ongkir gofood Rp 1 bikin muak.. tolong hapus aja program itu.. udah nunggu 1 jam lebih makanan belum juga Dateng.. merugikan customer,negatif
e7d04edc-72ab-4222-9d29-30c7cd35a50c,Dewi Suryani,5,2026-09-05 21:20:22,aplikasi bagus cocok tidak iklan (bebas iklan) dan mudah digunakan jaringan juga stabil Pokoknya cocok deh!🙏🏻,positif
ecbf5d75-d016-4998-bf3b-008063751b31,saidi akasah,1,2026-09-05 21:16:54,pelayanan buruk. .,negatif
64b6c9fc-93b1-4e07-a7eb-d7dc0ce7486f,Wahyu Fikri,1,2026-09-05 21:11:01,"Woi min gofood lo problematik banget sumpah, cari driver buat mesen makanan, driver pada ngartis semua kagak ada yang mau ngambil, giliran mau kita cancel gak bisa, nanti pas udah pesen pake akun laen malah dpet drivernya, lu kalo buat system yang benerlah. customer rugi waktu sama uang kalo gini.",negatif
93395f75-3c4a-4ea1-b7f6-8cb21ee5830f,Re Sya,1,2026-09-05 20:57:34,pengiriman murah sampai 5 jam wong iso klenger,negatif
881d3431-2b77-44a7-86f9-0aaec5ee0f0f,Yusuf Nurkholik,1,2026-09-05 20:16:53,tolong ya buat driver gojek dibenerin lg klo semisal ga mau ambil pesanan gofood jngn di ambil pesanan nya udh nunggu 30 menit makanan blm sampe tiba2 ganti driver baru. tolong dong edukasi ke Mitra nya yang bener. 🤬,negatif
3a6a2340-663d-4784-a41c-194cd1fb48cc,Ferdian Pramudya,1,2026-09-05 20:07:27,"di gofood lama bgt ga dpt driver, udh nunggu sejam lebih ga dpt dpt",negatif
f01ba40a-7c7e-444e-a36c-b7c506da7121,Lee Min Hoo,1,2026-09-05 19:41:58,Tambah hari bukannya baik... malah tambah ancurr ini gojek... pesan gofood bisa tembus 1jam 20mnt padahal bnyknya driver disekitar sana... PARAH SISTEMMU JEK... JGN CUMA MAU AMBIL UNTUNG SJ PERBAIKI SISTEMMU ITU... aplikator oyen nda sampai 5mnt dpt driver diresto yg sama...,negatif
55b8af2a-b5ce-4473-8e9b-1143745bd0e5,Abas Basirun,1,2026-09-05 19:41:28,ga jelas ongkir reguler bayar 20k tapi masih di double sama pesanan lain kaya hemat,negatif
0c802379-4519-4d15-bff3-01bf387a4bfe,Alan Wahyu,5,2026-09-05 19:41:10,"aplikasi terbaik, mau kemana aja gampang, mau mau makan aja lebih gampang....terima kasih",positif
8037366a-a7be-4016-930c-bf9a272244e7,Selli Maulina,1,2026-09-05 19:32:15,"bobrok banget sekarang gofood,susah dapet driver,lama banget nunggunya buat dapet driver atau nunggu makanan nya,lebih cepet apk oren,pokonya kudu banyak2 sabar,sama bener2 lagi engga lapar kalo mau pesen di gofood",negatif
8151ba02-e76d-4d82-a674-fc06dfa27202,Kristian 21,1,2026-09-05 19:31:44,lama banget dapet drivernya 3 kali dibatalin driver sepihak.. apa karna pake promo jadi pada ga diambil atau gimana sih aplikasi kalo udh melebihi estimasi ya udh otomatis batalin aja jadi pesen di aplikasi lain kalo driver gojek ga mau pada ambil,negatif
9b76dc16-ad2c-48d4-81e3-a84d1e4bd9dd,Yogha Mozzca,1,2026-09-05 19:30:58,nggak jelas banget. susah dapet driver tapi nggak bisa dibatalin langsung. ya kali harus nunggu 30-50 menit. belom lagi ditungguin masih nggak dapet driver juga. sorry. terpaksa uinstal.,negatif
d4725ab7-3b94-4f2d-b9fe-393ac1daf5ef,Fatimatus Mufidah,1,2026-09-05 19:09:53,gila sih order gofood nunggu hampir 1 jam buat dapetin driver ujung ujung nya ga dapet dan baru bisa di batalin 1 jam gilaa kalau ada bintang 0 pun ku kasih bintang 0 resto yang di pilih pun selalu banyak driver gapernah sepi buat perusahaan kalau emang opsi pengantaran hemat itu merugikan driver ya gimana loh kebijakan mu,negatif
0df91981-4307-40bb-8ea0-2b2f8e0d3b6a,Muhammad Agung Jaya,1,2026-09-05 18:57:46,"lalod, pesan gosen udah 2 kali per hari ini aplikasi sangat lalof untuk mendapatkan driver padahal kota dikota ni",negatif
94248f2d-c010-475a-a622-d7aa8e915781,Efi Trisfian,5,2026-09-05 18:16:34,mempermudah kita mau apa atau mau kemana g usah bingung gojekin aja🤩,positif
67f7b7b7-7664-45a1-aee1-d2773d7fe346,Ghost,1,2026-09-05 16:43:57,"ketika sedang menunggu pesanan gofood tiba² dibatalkan otomatis oleh sistem dikarenakan tidak mendapat driver. Entah itu driver sibuk ataupun driver tidak mau ambil, tapi disisi lain waktu yang saya buang untuk menunggu hal seperti ini juga berharga",negatif
9474730f-6e43-49d7-85c7-40b01e9cbbfd,Steven Tonz,1,2026-09-05 16:06:48,"Gocar sen, Gocar instant ( kirim barang ) aplikasinya GAGAL TOTAL. tidak ada menu tambah biaya PARKIR. pengirim dan penerima tdk mau tau urusan parkir. utk rekan2 driver matikan fitur gocar sen. thanks",negatif
30cf414c-3db8-44bb-8383-0395938dd31f,saputraa 1,1,2026-09-05 16:06:02,klo kita minta anter dengan jarak dekat susah dapat,negatif
4d25671c-4f6f-4a2f-86f8-57c649d650b0,Diyan,4,2026-09-05 15:38:08,"benar benar emosi pakai aplikasi ini mau masukin alamat buat gosend aja susahnya minta ampun.. ada opsi milih titik lokasi tapi ribet, minta alamat lewat link tambah ga tau caranya mau tf gopay aja wajib upgradeke gopay plus.. pantesan pada milih ke oren.. tolong donk di perbaiki.. bner2 ribet soalnya",positif
d601fc1d-1889-4613-a80f-0a4a59784a3a,Hana Rahma Dania_466,1,2026-09-05 15:34:08,kenapa sih skrg gojek jelek bgt susah buat dapet driver pas pesen makanan??,negatif
f8c304b7-a39e-464e-ae94-fc3fb7efd574,Mirantika Tika,2,2026-09-05 15:30:51,"kecewaa skrg gojek klo pesen gofood jd lama ,menjengkel kan ,, driver so sibuk, skrang tuh terlalu banyak alasan ,,perbaiki lagii seperti dulu lah,org udh kelaperan masa iya nunggu 3 jam .. menyebalkan",negatif
b4f35691-2942-4bc9-a832-be6366801b36,D a r,1,2026-09-05 15:19:18,"Masa harus nunggu dulu 45 menit baru bisa cancel gofood, udah ditunggu ttp aja ga dapet driver",negatif
3ce567ef-0eb7-4017-8c4e-06d50fa5a978,cv.dammar sukses abadi 2,2,2026-09-05 15:12:59,"kecewa susah cari driver, klu ongkos murah ditolak tolak",negatif
87aaf82d-213c-4e75-a992-f965f1562fbc,N. Sudiartha,5,2026-09-05 15:12:43,"sudah bisa didownload billnya, tks ya min 👍",positif
fe2940f4-3efd-42cb-94a3-958a4bd79fdd,firman rudiansyah,1,2026-09-05 14:57:06,"mesen jam 12 sampek jam 4 sore gak ada dirver, kalo sudah mati kelaparan baru dapet driver",negatif
a2a76773-3aa6-45d1-a5b7-1d4892cd63e0,Mayrrell,1,2026-09-05 14:39:02,"setiap saya menggunakan gofood pesanan saya selalu dibatalkan karena tidak dapat driver, saya sudah menanyakan masalah tp hanya disuru menunggu, kalo pun dapat driver (langsung dapat atau tidak) makanannya selalu datang terlambat, selalu melebihi estimasi, telat sekitar 1jam - 2jam dari estimasi",negatif
ab071d0b-7520-41a4-a97e-83dfc6ddaf54,naupal nur alamsyah,5,2026-09-05 14:36:30,bagus banget pelayanannya cepat barang ketinggalan tim cs-nya sigap cepat tanggap,positif
d079de80-6e09-4d24-813f-923964366269,Hasbi Bakri,1,2026-09-05 14:09:43,"gofood sekarang kenapa mengalami kemunduran,harga mahal cari driver sulit lagi ,klu seperti ini akan banyak pindah ke layanan lain payah",negatif
fe369751-4259-45b9-af32-3588447a9a62,Garey,1,2026-09-05 13:59:22,aplikasi nya selalu ngelag padahal sinyal lancar,negatif
f89c8428-200a-4c10-ac6e-5e39ef14d0aa,Adham Smith,1,2026-09-05 13:43:37,cs gopay/gojek boot semua. mau tutup akun susah nya minta ampun,negatif
d88dd931-5252-401d-bd87-a2adf7f986a3,Navigator Map hack,1,2026-09-05 13:42:21,"gojek makin kesini makin jengkelin dapat driver gak ngotak jaraknya jauh bgt cancle bkin bad history akun , jadi serba salah, lagian,, promo nya juga kalah jauh sama apk sebelah..",negatif
ccf0e055-d2a6-49e0-b5c6-ea09efaaf582,ssy4bibil,5,2026-09-05 13:23:21,"ngebantu bgt, makasi lohya",positif
4383e432-fa3b-404f-97b5-9bf30092f19f,zephcrine.,1,2026-09-05 13:21:25,ongkir ny terlalu mahal,negatif
1355f860-e5b8-4d76-8654-748d88c6cc7b,Fatimah Sudjaja Perwendha,1,2026-09-05 13:15:56,"applikasi ga jelas. pesan makanan via gofood nunggu sampai 1 jam ternyata belum disiapkan resto krn belum ada driver. dicancel dr akun pembeli ga bisa, cancel dr akun resto jg berimbas resto bakal kena tutup.",negatif
a26be94a-49a8-4d40-9e2a-6a007939f034,Angelita Rambu Atandema,5,2026-09-05 13:03:48,Mantap. respon cepat,positif
82ea0aa7-1c23-4368-9bef-4b6b6259c874,Rahadiyan Eka Putera,1,2026-09-05 12:28:30,kecewa lagi laper2 nya nunggu 1 jam tiba2 gak ada yg antar drivernya gimana sih niat gak? auto d batalin dan saya pesen di aplikasi sebelah cepet bgtt,negatif
46843a82-4ec3-4c5a-88b8-a96b603d0755,Yeni Nuraeni,1,2026-09-05 11:55:59,susah dapet driver untuk gofood sudah 4 kali kena cancel. atau karena pakai pengiriman murah makanya susah banget makanan diantar,negatif
eb3a33b6-1b46-4447-bddd-aed1d5671a6a,Serba. campur_bos,1,2026-09-05 11:52:23,"makin nggk ngotak aplikasi ini sekarang, udah hampir 10 th saya make gojek dan baru belakangan ini ngeselin banget semenjak ada kebijakan 3000 untuk pembatalan, driver makin seenaknya, yang tadinya kita nunggu cuma 3 menit jadi 40 menit dan yang jarak awal Drive cuma sekitar 2 km jadi 13 km malah muter"" nggk jelas lokasi kita di lewatin gitu aja, hal ini saya alami yg ke 5 kali nya makanya saya buat ulasan ini, mohon di tinjau kembali hal yang seperti ini agar tdk merugikan orang bnyak, Trimksih",negatif
34c8a6c7-b20f-4120-96e4-ff55ea176df8,Ika Ayu16,1,2026-09-05 11:51:34,"masa apk gaada notif ke driver kalau ada orderan masuk. Udah nunggu hampir 30 menit an dari pemesanan, udah chat driver juga.. eh jawabannya katanya lagi offdan gatau kalau ada yang nyantol aneh banget. semoga bisa diperbaiki kedepannya. Alhasil mending apk Grab aja daripada ini. makasih buat pengalamannya",negatif
3a52e2e7-0642-4a9f-946e-c3dbca561549,Alodya Bunga,2,2026-09-05 11:49:52,"mau gofood susah bgt dpt driver, udah 3 kaliam di cancel haduhh, bt dah",negatif
98251b05-cb76-4c71-be96-307e3619cf64,Annisa indriani,1,2026-09-05 11:49:08,berlangganan tp malah jdi lebih lama pengantaran.,negatif
4bdd6cc9-9ae9-49bd-bdee-d5c3bce7bdea,Haerul Anwar,1,2026-09-05 10:36:14,"harga di gojek kenapa mahal, jauh beda dengan beli lansung ?",negatif
f65b6ed6-c9ff-4821-bb0f-847ff5139a3c,Radit Tya,1,2026-09-05 09:47:30,susah kalau mau tutup akun,negatif
37a2210c-8c59-482b-a9b6-4db5d74bfd9e,Leo Tiko,5,2026-09-05 09:40:00,selalu menemaniku kemana aku menuju,positif
6aa71683-8424-4262-95b9-684bf493cb83,Syahrul,4,2026-09-05 09:23:52,mantap tapi kayaknya ada yang kurang sih,positif
0517509f-70ef-4f4c-a6e5-5d0a2fe911d7,Ahmad Damini,1,2026-09-05 09:15:34,"*sekilas info* untuk pengguna goride hemat/murah jangan kaget kalo ketika order susah dapet driver, karena sebagian driver yang main goride di kunci fitur layanan goride hemat/murah nya .karena itu order goride hemat/murah tidak masuk ke apk mereka,padahal banyak driver di sekitar saya. sudah lah tidak usah maen kunci fitur layanan sperti itu apa untung nya coba buat aplikator yang ada kami sebagai costumer malah di rugikan. apa mungkin aplikator ada maksud lain untuk dapet keuntungan.",negatif
9d944faf-f204-46d0-9c9f-7996473f3dae,Joko Nugroho,5,2026-09-05 09:13:52,lsncar dalam penggunaan.,positif
3565a298-a157-4cb9-8862-af996da8e65c,zoegik tanalin,5,2026-09-05 08:55:50,cepet rjngkas memudahkan,positif
be987d02-32a4-43bf-9717-21bf66c2000b,Arifah Nurainip,4,2026-09-05 08:43:03,"baguss ,,gampang jugaa",positif
7650464b-2636-4b80-9977-b63c52569c95,Hanimah Sam,5,2026-09-05 08:39:20,nyaman dan cepat,positif
b645fcc4-9757-4af0-879b-23ca942752ca,Framudya Wacana,5,2026-09-05 07:30:32,bagus dan membantu banget,positif
779d8833-84d8-4b9d-ba8c-06bdfe8c17ff,Rahmat Budiman,5,2026-09-05 06:56:10,gojek top..cuma susah ya mau daftar jadi ojol gojek,positif
eebe14a7-25fb-4c8f-a1d9-bcd5ed34a6d6,Dita aulia,5,2026-09-05 06:05:50,pelayanan nya mantap,positif
53e55e5d-8346-4fbe-b26a-f1a48db39704,Raissa Dwinanda,1,2026-09-05 04:39:33,pelit bgt bikin iklan tapi ga ada tombol keluar? sampah tau ga iklannya tu,negatif
470ed189-1e25-48c3-9058-6573bcbd35a9,Arizka Arnelita,1,2026-09-05 03:04:21,saya pesann minuman bahkan makanan selalu dibawa driver nyaa💔,negatif
58a35d97-59b8-4b15-91d8-c48337987ea2,Nabila Kryy,1,2026-09-05 02:49:32,"bisa""nya g dpt driver pas lagi laper""nya sampe 80menit",negatif
f0527416-25db-44cf-8fee-00274ce35faf,mia zumi,1,2026-09-05 02:23:16,unimstal ramai ramai ga mutu guna gojek maling semua,negatif
a404e776-7d94-488a-a5f8-9d8706002ae0,Reno Renot,1,2026-09-05 01:32:27,"makin kesini gojek makin ga jelas, nunggu nyariin driver aja ampe 1 jam GAK JELASSSSSSSSSSS 👎",negatif
868df7e6-5ced-4fe2-97f5-9a1e0fd76699,lutfi gunawan,1,2026-09-05 01:14:46,nunnggu mencari driverny lama,negatif
979a6087-af45-43ba-9b5d-f5a7aa999c9e,Meow.,1,2026-09-05 00:58:49,lama banget order dgn sistem skrg. pindah shopee food aja kalo pesen,negatif
64a894d0-119e-4e55-b843-dc720559616e,naufal alfianto,1,2026-09-05 00:35:28,"2 jam nunggu pake paket promo murah, hahahaha ada yang udah ambil driver di cancel lagi wow luar biasa enak sekali cancel cancel gitu sedangkan kita gabisa cancel seenaknya",negatif
38852831-3780-4a56-be05-2149733e173e,Risky Prayugo,1,2026-09-04 23:12:47,"tolong dong benerin sistemnya, udah berkali kali kejadian susah dapet driver, harus nunggu Sampek batas waktu pencarian driver habis baru muncul pembatalan, dan keseringan harus nunggu bener bener sampai waktu habis sampai akhirnya di batalin system tolong dong, kasih opsi kekita jika misal 30 menit gak dapet driver, kita bisa batalin, udah mah nunggu lama lama endingnya dibatalin system, tau orang kelaparan gak sih, ngerugiin customer banget, makin kesini makin gak jelas nih aplikasi",negatif
5001b7be-fa30-4e30-b2a8-a08ff3599b60,Johansyah Alwin,5,2026-09-04 22:52:53,"hapus jek layanan hemat,bikin susah driver loh",positif
cc16347c-0d09-4e5f-9217-5d61cd2973e2,Ahmad Rayhan,2,2026-09-04 22:27:03,gofood lama banget.,negatif
d95561af-1644-45eb-b01f-260be5b94b84,jaka ramadhan,5,2026-09-04 21:12:52,pelayanan dan respon nya cepat,positif
0c595f57-2e20-43fa-a6c1-af6ab113d510,Rita Asmara,2,2026-09-04 21:09:56,"susah banget dapat drivernya, tolong perbaiki dong supaya driver yang membatalkan pesanan kena pelanggaran, kami para customer susah klo gini",negatif
ea3a2bfb-19c5-4eee-a69a-6aeb10e1d3c5,Allamsyah Yusuf,2,2026-09-04 21:08:54,"sistem order sekarang kenapa malah makin ngaco sih, kok bisa driver dapet double order buat goride sampe akhirnya dicancel driver di jam 2 pagi",negatif
a0f022c9-1fd2-4f2e-a2c8-da8a2a020550,Eggi ramdan,1,2026-09-04 21:06:11,"Gimana si ini sistemnya tolong dong, nyari driver lama amat, saya pesen goofod sampai ber jam jam nyari driver ,",negatif
21b21983-5b09-4d3c-9f20-d74f0fe90b96,Umma Dzaka Dzakira,5,2026-09-04 21:04:24,"Sejauh ini pk gojek baik2 aj, ya .. Abng drivernya jg baik2, cuma aq seringkali kesulitan untuk order di akhir pekan .. btw, trmksh gojek untuk kemudahan dlm setiap perjalanan ..",positif
ee62ef6a-beca-4328-8f56-e75ca9253010,Airlangga Setio,1,2026-09-04 20:31:25,tdk ad kesejahteraan driver nya,negatif
6693b0b7-5317-4a0a-b717-f8dae5a0ce70,Bambang Sugiarto,1,2026-09-04 20:05:51,"APLIKASI AMPAS!!!! Driver mengirim pesan ke pembeli, banyak antrian di resto, dan meminta untuk dibatalkan.. saya kemudian menghubungi cs gojek untuk meminta batalkan pesanan ini, tetapi dipersulit tidak bisa batalkan pesanan.. saya kemudian langsung pergi ke resto mencari driver ini, ternyata driver ini tidak berada di resto dan saya tunggu di resto, tetapi driver tidak pernah datang ke resto.. membuang waktu 1 jam dengan sia-sia dan Tidak ada tanggung jawab dari pihak aplikasi Ampas ini!!!!",negatif
3ed2f02a-cc61-480b-883d-f21b32bc56df,Samuel Lowi,1,2026-09-04 19:47:17,"Saya pesan gofood, ada opsi murah untuk ongkir pengirinan namun lebih lama. Saya menggunakan opsi itu, tapi justru setelah menunggu 1,5 jam tidak ada yang menerima pengiriman pesanan. Jadinya pesanan saya batal. Saya paham kalau itu termasuk dalam s&k, tapi kesannya tidak adil juga bagi customer. Ibarat harapan palsu, perbaiki sistemnya mungkin bisa di beri waktu 30 menit untuk memastikan apakah pesanan bisa di kirimkan atau tidak. Dari pada sudah menunggu 1,5 jam! mana ga di kasih kompensasi👎",negatif
5f39bb47-3ed0-4edd-8b44-bf9c6610fbe5,Ika Suciana,1,2026-09-04 19:15:28,apk apa ini lagi laper laper nya mau mesen mie gacoan udah sejaman malah di batalin sama pihak sananya,negatif
7929ef25-9f94-4a6e-8d02-84d57b8f63a9,Chandra Dhidhoe,1,2026-09-04 19:14:38,"gamenya dari gojek transport dan gopay transfer bermasalah tidak bisa mendapatlan gopay coin, sudah memunggu selama 4 hari tidak ada kejelasan sama sekali. penanganannya sangat tiidak memuaskan dan tidak ada kriteria untuk game error dari halaman bantuan..",negatif
ad506437-1047-4971-b392-cb0dc78d8f9c,Yuli Nur Hidayah,1,2026-09-04 19:13:51,aplikasi yang sebenarnya bagus tapi iklan sama notifnya kampung! bisa gak sih gak usah tiba-tiba dipaksa harus mesen?! gak sengaja kepencet dari iklan atau notif gak jelas eh malah masuk ke menu orderan mana dipaksa banget sialan! padahal gak mau! bikin panik doang! gimana kalo orangnya gak sadar? RUGI KITA SAMA KASIAN DRIVER! FITUR IKLANNYA JELEK BANGET!!!!,negatif
7be9c4f9-aa66-4c74-a9d6-87ad70343722,Syamil,1,2026-09-04 18:11:33,"ini makin waktu, aplikasi gojek mulai ga jelas dah. Ada fitur transportasi hemat dan cepat .Saya sudah nunggu 30 menit transportasi motor cepat. dan keadaan saya disana sudah lelah dan pusing. bnar² tdk ada empati",negatif
6b975b10-8053-4ece-b277-1cfd56e13761,Fadil Gaming,5,2026-09-04 18:01:53,aku akan selalu pakai gojek 🤩🤩,positif
cf2f2e1f-aadc-47b3-807e-29f60f093e8b,Mnasir Nuralif,1,2026-09-04 17:29:42,"BERMASALAH,MAU NGISI GOJEK7AN MALAH PROBLEM DI PEMBAYARAN",negatif
531440d8-023a-4ef6-84b5-2c34371aea59,Malaka Jawa,1,2026-09-04 17:03:30,order food harus nunggu hampir 1 jam belum juga dapet driver.,negatif
ad77829b-ce07-4e81-ae45-bf6bfab08ec2,Reka Fianti,1,2026-09-04 17:02:22,"pembelian go food tgl 4 September 2026, mulai jam 10an sampai jam 5 sore. sudah transaksi 4 kali tapi semua gak bisa, status batalin oleh sistem. karena driver lagi ramai pembeli. nunggu sudah lama tp gak pernah berhasil. apa karna saya pakai pengantaran murah mangkanya gak bisa",negatif
d1d9e0d9-e899-493c-893c-43f9ed9a3f73,Leisha Lewis,1,2026-09-04 16:56:06,"sayaa pesan sesuai alamat tapi kurirnya ubah alamat pake hp saya tanpa tanya dulu sama saya,ternyata dia ubah alamat saya seenak nyaa ,2 Kali lipat ,saya dan nada bicara kasar kepada saya dan orang tua saya ,saya yang biasanya pakai gojek karena hemat sekarang saya kecewa , saya bayar uang gojek pakai uang saya jajan saya dari sekolah gak amanah kurir nya, kalau isa oplod foto drivernya saya akan krm tapi gak bisa ,gak ada hemat gojek sekarang,makin buntung , selamat ya kurir berhasil menipu",negatif
0382f0ce-6e25-462e-84a2-860997d402f2,dwi astuti,1,2026-09-04 16:43:26,susah banget dapet driverrr,negatif
e3f490a4-67b8-43b8-a791-137cc4c99735,Oreo Twin,1,2026-09-04 16:23:06,ko sekarang ngorder gojek susah dapat driver ya. padahal lihat di depan banyak tukang gojek sekalinya dapat jauh jauh jadi males. payah lah pindah aplikasi sebelah ajah .,negatif
cd0a1eeb-f679-45c9-a4cd-e198f64b67f0,Retha Monica,1,2026-09-04 15:57:17,"susah bgt ya cari driver buat nganterin makanan, udh nunggu 2 jam an ga dianter"" kebatal otomatis mana laper harus nunggu 2 kali, dibenahin lagi ya kalau ganiat buat promo jgn bikin, malah yg rugi 2 pihak",negatif
2f0e8b08-3e98-45b5-b195-33ec36d470d7,Anindya 1502,5,2026-09-04 15:33:15,berguna banget sih In this ekonomi,positif
2012cbe1-f8d1-46de-b57b-6251f69883f3,Iqball Dabell,1,2026-09-04 15:17:08,gopay pinjam saya ditolak padahal pinjaman pertama saya lunas. saya juga aktif di gojek sebagai mitra pengemudi.,negatif
46d7d65a-3146-40cf-b350-ccddc9d55186,Dona Alfarensa,1,2026-09-04 15:07:12,"tolong dong untuk gofood di benerin lagi, susah banget dapet driver untuk nganternya, walaupn gak pake harga pengantar murah susah juga dapet driver nya, apalagi kalo pake pengantar harga murah malah makin susah dapet driver nya kdang sejam lebih baru dapet driver nya, pdhl saya cumn pake yang ada di sediain, kalo pake vocer mun ga ada sma skli driver yng yang mau ngambil aneh bangett sih, tolong di perbaiki lagi dongg, sangat kecewa makin sini!!!!!",negatif
963e8264-ace3-44ab-a843-97353c220834,rizky ruchfiansyst,5,2026-09-04 14:46:51,oke tarifnya mumerloh,positif
518d998f-5642-45f7-a08f-6b714fc06ebe,Yuyun Nurida,1,2026-09-04 14:28:47,"hari ini sdah lebih dari 3 kali pemesanan gofood tapi lama sekali dapat driver nya di tunggu in hampir 1,5 jam an dari jam 10 sampai jam 14.25 ngga ter konfirm juga bikin kesal langsung uninstal app nya padahal selalu pakai untuk antar barang kecewa sih",negatif
cecc134b-3157-4827-b9ce-16df474cd86a,Vrimer Vibro,4,2026-09-04 14:22:18,sekarang makin susah dapet drivernya payah,positif
6fd1b088-cc26-40fe-946d-45b983587b09,Alvito Arkananta,5,2026-09-04 14:21:18,"lelet, mahal, mending apk sebelah",positif
d3164a0c-c9a0-4610-9716-65ac9412fbcc,Yoshua Okta,1,2026-09-04 14:08:32,respon driver di gofood lama,negatif
c73ccc0a-a44c-4dac-b84b-656578731858,Rizky Bintara,1,2026-09-04 13:50:24,banyak penipunya ini driver kocak,negatif
83b09bcd-45f6-4f23-a7aa-af0c377fe7e1,Yunasril Padang,5,2026-09-04 13:46:58,lebih nyaman dan cepet,positif
7872a42e-4c12-4619-84a9-8ae7f64e33c3,Linda Oktavia,1,2026-09-04 13:10:14,apk ga jelass,negatif
955f701a-97b9-4882-8da1-f57478ddd300,Bayu Indah Hidayat,1,2026-09-04 12:56:28,"aplikasi anj*ng. saldo 58rb, biaya antar 37rb. gmn ceritanya metode bayar jadi paylater. notif tagihan setelah ada denda 50rb.",negatif
dc07e0eb-c979-456d-89d8-28479bcf3340,Yuki yuki,1,2026-09-04 12:36:10,apalah verifikasi wajah masa gagal padahal gak ada masalah sebelumnya,negatif
4593533e-56fa-4b89-aa68-81a5d1effd66,Gracia Ester Halawa,1,2026-09-04 12:24:34,Buruk. udah sejam lebih saya pesan makan. malah dibatalin sama driver taik,negatif
d7a697b2-2154-432d-a9be-b8f303ca6a88,Dhimas,1,2026-09-04 12:00:19,aneh udh sejam lebih nunggu makanan di gofood malah disuruh cancel karna engga dapet driver,negatif
f2d89adc-01af-4649-837e-bec15848d05b,Yosua Sullivan,1,2026-09-04 12:00:11,"Apk taik, alamat udh bener bgt dan dicek 2x malah nyasar kemana... Apk sampah",negatif
a8c7b4d1-99e9-41ad-aca5-5862610d7725,Mahesa 123,2,2026-09-04 11:41:48,setiap mau pesen gofood pake perantara MURAHH driver pada ga mau ngambil gimna min,negatif
e980c4aa-cb1f-473a-ac13-177c78b68bcc,Amalia Widia,5,2026-09-04 11:41:25,alhamdulillah nemu aplikasi yang cocok untuk bepergian saya,positif
f77098da-8f3d-4a4b-a8d7-f627d79f07da,Jung Jaehyun,1,2026-09-04 11:34:15,PANTEKKKKK ASUUUUUU BELI 5X DI BATALIN TERUSSS MAKANAN GA SAMPE-SAMPE TOLOL KLO EMANG UDAH LEWAT 3 MENIT GA DAPET DRIVER BATALIN LAHHH INI DI SURUH NUNGGU 50MENIT PICEK MOTOMU SU..,negatif
4299e0b0-cad7-4e29-9a0a-18536d1aaa67,ARTIYO Tio,1,2026-09-04 11:30:27,cs tol bodo,negatif
d03f24c6-f6cd-472f-9260-000eea1eceb9,Harris H.D,5,2026-09-04 11:22:22,"Sabar Sabar ya Customer... driver yg Deket lokasi Sampean gak kebagian Order... jadi driver YANG POSISINYA JAUH, yang dapet orderan sampean.... emang bgitu Stelan aplikasi GojekDriver nya !!!",positif
2e785ccf-473c-4a56-b24a-397d40863d81,Arum AL,2,2026-09-04 10:59:00,"agak kecewa sama gojek, kalo ongkir murah para driver gak ada yg mau nerima , pada batalin semua , meskipun gofood nya jg gitu , nominal sedikit langsung drivernya batalin klo minta bantuan jg gk ada solusi",negatif
e84df4cb-708c-4b75-a67a-50a9aae04510,orang aring,1,2026-09-04 09:39:21,"kalo bikin promo yg bener dong, disediain opsi ongkir murah, tapi pesenan kebanyakan di cancel, tau gitu gausah sekalian dibikin kalo endingnya dicancel",negatif
a2d8d16f-2dd6-4898-ae26-4db4b391fba1,Hunter Mahulu,1,2026-09-04 09:28:56,sangat tidak rekomended,negatif
fc8de32c-8bc7-4eac-9cc2-df11856b82b8,Yuni Wijaya,5,2026-09-04 08:28:56,selalu puas lynan gojek,positif
0178f756-5061-426c-aa90-c03cc545754d,Aditya Helmi,5,2026-09-04 08:13:27,semoga semakin baik dan menjadi yg terbaik,positif
cfa0d802-1e54-45e9-a159-cf76dd704d16,Febry Yanii,2,2026-09-04 08:04:54,"udah seminggu susah banget dapet driver selalu di kecok sama sistem , tolong perbaiki sistem nya ! masa nunggu driver doang sampe 30 menit , saya kerja tadinya ga telat jadi selalu telat.",negatif
bbc9f0b3-ecf4-4b82-afbd-aa483af75700,Suyoto Suyoto,5,2026-09-04 07:27:51,aplikasi serba guna,positif
9a34edb1-eaae-45a0-9315-f6a03dadb2e5,Nizarrr,1,2026-09-04 07:19:32,ga bisa login heyyy,negatif
1fb2853f-2cd3-4d68-953c-cbb586d9e625,TANTRI DwiOctavia,4,2026-09-04 06:47:20,"mohon maaf, harus banget ya ambil yang mahal biar dapet driver? padahal drivernya ada yang deket, banyak juga tpi kok g bisa dapet, saya sampe telat kerja gara² ga dapet²",positif
9b70cd2a-c031-4275-9d8a-ab9f6b5427c5,Ayu Rosmalina,5,2026-09-04 06:38:57,"terimakasih, selalu ada. untuk semua gojek tetep Amanah ya..",positif
9289aff8-09b4-4b69-96a9-1a01c01e124a,Jella,1,2026-09-04 06:33:51,"buang buang waktu dah, udh pake prioritas nambah harga tetep aja nyari driver 12 menit sendiri yg bener ajalah",negatif
2814925c-161b-4da5-a27c-360c98156f51,Mukhtar Khudori,1,2026-09-04 05:28:25,rute sll dipilihkan non tol. begitu kita minta masuk tol driver tidak mau.. setelah di edit ongkos berubah.. mending pakai aplikasi yg lain,negatif
626908a7-c926-4e90-a8d9-5d2321c4b7f5,Ariefianto Sofian (Arief),2,2026-09-04 05:11:38,"Apakah memang bgini y sdh hampir 4'hari berturut-turut hnya tuk pembaruan aplikasi GO-JEK ⁉️ Tidak Whortit lah seperti itu, IT nya lol atau bagaimana y‼️⁉️ Terimakasih smoga saran 1'bln cukup tuk pembaharuan aplikasi GO-JEK 🙏🏻",negatif
fca7e1ee-b297-4f5a-a5a6-fd3138ea1f49,StinkBeanZ,1,2026-09-04 04:54:31,"GUI-nya gak praktis, terutama pembayaran tunai/cash, masa nyempil sendiri....",negatif
123c163a-2bc7-46b9-8b5c-dee022a2f4c2,Azizah Yazid,1,2026-09-04 04:38:13,"Akun baru sama akun baru bikin beberapa bulan ongkirnya mahal banget buat pesan makanan minuman sama naik motor dan mobil udah ada voucher diskon tapi malah nambah naik harganya tadinya 38 ribu jadi 89 ribu gila sih,tolong perbaiki,harganya murahin napa semuanya sama belanja kebutuhan pokok kaya beras daging juga mahal itu ongkirnya 30an gila 😭😭",negatif
098b2837-62eb-4d2d-a2c0-ff70e391120f,Berak,1,2026-09-04 02:44:33,"driver nya tolong dikondisikan, telalu anarkis",negatif
987482db-0c07-4704-9cd7-dd18b2bbc1e9,Ana Palembang,1,2026-09-04 01:48:08,"bener bener ya gojek sekarang di beda bedain, sama yang cepet dan murah buat gofoodnya, lagi laper"" nya uang tinggal seadanya pesen gofood gaada samsek drivernya, bener bener kecewa",negatif
0bffae4c-0ecc-4dd3-b33d-cc2036c61ec1,Ananda Putri,1,2026-09-03 22:27:29,"membantu bngt,lebih cepat apa""",negatif
affe9376-2fca-47c0-aee7-84e0e8472d53,oji rajikin,5,2026-09-03 21:12:53,"top bingit, nggak pake lama",positif
1088b6e7-f4fa-486d-823f-e5f0b1e015e5,Jolssy Novriyansco,1,2026-09-03 21:05:18,knp Skrang susah banget dapet driver sih hampir tiap hari resto saya cancel sistem mulu tolong di benahin knp sistem nya ...,negatif
98e776e0-fe46-4bb9-8f0a-7d21f27c73c1,Zafranputra Ramadhan,5,2026-09-03 20:58:41,makasih jek sudah memperkerjakan saya 🙂,positif
e96344fd-ab41-40a5-8d8f-baf1e7a89f02,Devi Ayu,1,2026-09-03 20:54:39,"pemilihan driver lama, aplikasi gajelas hapus aja, udah nunggu berjam jam malah dibatalin, aplikasi ga guna",negatif
78d03e90-3870-409f-9638-dfdc9187ff84,azr _hrp,1,2026-09-03 20:40:42,sudah hapir 2 jam saya nunggu ga dapat juga driver nya bukan sekali aja tapi berkali kali mesen disini ga pernah dapat driver,negatif
8d49cd8f-d94d-4b43-a39d-bc93a73dd872,Ocha Aulia,1,2026-09-03 20:40:29,sekrng lebih susah dan nunggu lama banget apa apa tulisan driver sedang sibuk dan selalu begitu,negatif
84463427-24d2-43c7-bef9-82d1a23aadf2,Alwi Alfiana,2,2026-09-03 20:38:22,"serba lama sekarang, bukan mempermudah malah mempersulit. gofood lama gojek lama",negatif
bf75f95d-8c0b-4568-aded-39bd1c2e801f,Sotardok,2,2026-09-03 20:32:21,"fitur gojek yg kasi, promo gojek yg kasi estimasi gojek yg kasi giliran digunakan mengecewakan sudah nunggu lebih dari 1 jam masih juga melenceng.luar biasa gojek ini jika tidak ikhlas gak usah memberi!!!!",negatif
25555c30-e323-497e-90c3-c76d40ee76ad,Nevin,1,2026-09-03 20:19:06,"udah nunggu 1 setengah jam, udah tau gada driver masih ttp disuruh nunggu keburu mati kelaperan, maksimal 30 menit kem biar bisa ganti aplikasi, niat ngebunh orang apa",negatif
de8b1ed8-cf12-409e-8a2c-cfd8af8b4a1d,Fauzan,1,2026-09-03 20:09:40,"najis ih anjg, telat 2h doang di denda gpp g mslh bgt, ini? nyebarin nomor anjg. gojek tolol",negatif
973695ea-705c-41d0-9e9e-0cdc4613a298,Vina wa1120,1,2026-09-03 20:06:43,gila! udah bela belain nunggu gfood berjam jam ga dapet driver giliran udah telat waktunya malah lo suruh batalin ga ngotak emang makin lama makin ngaco ni aplikasi aneh!!,negatif
7fe471a2-1a71-40de-972f-7f22fa9f2761,FreeManN Sinaga,5,2026-09-03 19:24:47,"Saya mengajukan permohonan mutasi dari Goride ke Gocar tapi sudah 1 tahun tidak lolos juga, jadi saya ingin kembali ke akun goride lagi, apakah bisa ? bagaimana caranya?",positif
739fbaab-ca1a-40ed-8e3c-e1c12f2b87bf,Novel aziz,5,2026-09-03 19:20:55,membantu sekali dalam kebutuhan transportasi.,positif
b8d1b350-2dda-4119-8a1c-2c10811bdcb1,rhdds,5,2026-09-03 19:06:45,PERBARUI LAGI LAH PLIS BUAT BATALKAN PESANANNYA,positif
130dccef-d0d9-4d3d-ab63-bda1de1cae84,Rayhaan Keren,1,2026-09-03 18:36:04,"ongkir mahal banget, padahal makanan ga begitu jauh, not recomended mending aplikasi lain",negatif
2e82bbf0-7c20-4220-bfe8-ccafbfc8da3f,Jaya Sugiartono,5,2026-09-03 18:34:56,seneng aplikasi anak bngsa,positif
547e6874-590f-4c68-a33e-9fd9c3b6dbdf,Sholahur Robbani,1,2026-09-03 18:05:26,"apk g jelas, pesen makanan udh 2 jam ga selesai """,negatif
94cd58fb-96f0-42d1-abb0-15b19f6508a2,gede rivandy,1,2026-09-03 17:54:41,keluhan sya sdh 1 tahun gak ditanggapi. smpai skrg sya gk bsa login pakai no HP krna email nyangkut di akun lama. nelpon CS yg jwb AI,negatif
80015d54-e12d-4478-81cf-335a238b95bb,Eka Darmawan,5,2026-09-03 17:51:10,Bagus dan ramah,positif
47ec4840-726e-46d1-8f3d-163adcb87510,Utami Riski,1,2026-09-03 17:46:09,aplikasi tolol lama banget nunggu gojek sampai 3 jam ga dapet2 pdhl d kota bsr,negatif
c464ce4d-117b-48a8-b1da-3e4c79d0350d,Liuw Benita,1,2026-09-03 17:26:07,"pesanan saya bolak balik di batalin, udah nunggu 3 jam nggak diantar"" kirain saya apa gk dikirim"" makanannya",negatif
237764bd-266e-48bb-be99-47840e5a5cfc,Nurul Atikah Suparjo,1,2026-09-03 17:21:15,"driver sekarang sombong banget, cancel-in customer",negatif
12ff033b-95d5-4022-8aa6-b242a7472d7c,LUMINAL,1,2026-09-03 17:15:16,"sial barusan dipesanin gojek sama teman, abangnya pakai Scoopy merah. bawa motornya ugal-ugalan hampir nabrak orang di BXC malah salahin orang lain.. mau kasih tau teman biar abangnya dikasih bintang 1 tapi kasihan.. jadi saya komen disini biar bagusin lagi SOP cara berkendara nya",negatif
2d31103d-acee-48e9-9def-d1e7b0e6cf6a,Cittra Fitriani,1,2026-09-03 17:13:03,"kalo ada keluhan kita gabisaaaa nulis sendiri! ga memuaskan jdinya, apa yg mau kita keluhkan harus sesuai kata yg ada di gojek!! pesen makanan 1 jam lebih nunggu!! promo di sediain tapi pas di pakeee malah di jadiin alesann pesanan lama, lebih lamaa dari waktu yang di tentukan!!!! lain kali kamu mau ada cs biarin customer yg ngomong!! jangan di kasi kata kata di aplikasinya, gak sesuai!!!",negatif
e1bc4fed-9c67-4d95-a7e0-b0a5c7c7cc5b,—Zenn `kishin.,1,2026-09-03 17:11:52,"mesen gofood lama amat, udh nunggu 2 jam eh malah ga nemu2 driver",negatif
ae61a3c0-a56e-4d91-95d6-d49f6bf9d654,RANMAN Co,1,2026-09-03 15:48:53,"pakai"" Promo Rp1 percuma pesanan g ada driver yang mau antar udah 3x pesan g dapat sekalinya dapat langsung dicancel mending hapus aja g fungsi",negatif
7a5647c3-dff0-48f8-85e2-7f63caaf5bcd,Dede Supriatna,1,2026-09-03 15:47:24,"banyak masalah, memuakan!!!!",negatif
7c80138d-86ad-44a8-bcac-bc66a86916bc,livia fitri,4,2026-09-03 15:45:57,"fiturnya masih ada yang kurang, di fitur ""minta"" gopay nya qr nya tidak muncul. mohon untuk di perbaiki",positif
8d9f5e63-7e05-48c3-a3b8-f78a4d3f61cf,Nailaa Aqilaa,2,2026-09-03 15:32:36,aku mesen grap lama banget pdhl udah upgrade yang prioritas,negatif
5413233c-592f-49a7-b6a5-0e91f42eb3a7,Dadan Rustandi,1,2026-09-03 14:31:30,"saya ga bisa masuk, karna saya ganti email , kode otp nya di kirim via Wa sama email klo nomer masih tetep susah nya minta ampun udah ngisi form di pusat bantuan bantuan tetep aja ga ada solusi masih belum bisa masuk.",negatif
6a49162d-f121-4eb7-b96e-c64b7f1d0a36,fikri Triplek,1,2026-09-03 14:31:12,kenapa harus ada notifikasi permanenn.. males bangett,negatif
ab35be86-7c83-48bf-9c47-792c78832a3d,Indah97 97,5,2026-09-03 14:19:28,"Terima kasih aplikasi gojek saya,suka makan Jawa ,di gojek semua assalamualaikum syaa mau izin bnget, sebelum minta maaf, bosnya mau kirim makan ke teman, sedangkan saya tidak ada di rumah, wajar nggak saya, sebelum Pak maaf saya izin foto ya pak, pacar saya enggak foto bapaknya saya foto bapaknya Mega makanan mukanya saya tutupin, terus di bilang ke saya kaya gini, mbanya saya foto juga,lah saya yang krim pak,dan foto makan untuk bukti ke bosnya saya pak,",positif
f76e6c4b-4d1b-47f6-ac21-7f35f7960f0d,Soekarno Wijaya,5,2026-09-03 13:08:50,sampai dengan aman,positif
ebded3fb-8d2a-434e-bdf1-e17b20878df8,DODDY ARMAN SYAH Xl IPA,1,2026-09-03 13:01:04,gosend nya kek taai wlaupun dktt ya di prcpt dkit kek anjirr gw jg bayarr njir kdng jg gw lbihin Tpi knp smkin dktt lokasinya smkin lamaa anj smpe 1 jam nunggu kdng lbih bangkeee org jg pnya kprluan anjrr mau cpttt . prbaiki lagi laa kmi jg byrrr bknn mnta grtisan ap Lg mnta diskon👎,negatif
92f1c7d0-422a-4261-8108-43fe42bd0d01,muh alif,5,2026-09-03 12:59:47,very2 good and thanks,positif
e5ba5780-75f3-4ada-b2da-59586de58f81,Darren Emmanuel,1,2026-09-03 12:58:44,"pesan grabfood 12:42 driver bakal ditugasin 12:57 ""makanan mulai disiapin begitu driver deket resto"" jadi ini pesannya kapan? kok 12 57 baru drivernya mau di tugasin? pas dekat baru disiapin makanan nya? emg setelah siap lgsg dianter ke sini dulu? gaje gofood",negatif
6573110e-0bd6-44e4-8df1-d58a03852d53,Abiku Kuu,5,2026-09-03 12:12:30,alhmdlh berkatbada gojeg bs membantu mobilitas sy. mksh,positif
47ea49a2-f1ff-4c8e-b4d8-4f0b68756cc0,Adri Suhendry,1,2026-09-03 12:10:18,"mesan makanan lama sekali , sudah nunggu lama pun masa GK dapat2 driver, terus di cancel pula tu, kelen ingat jngan terlalu bnyak yg kalian ambil dari peruntungan, GK usah serakah x jadi orang y binatang, selak mati orang mesan makanan kelen buat",negatif
d77c9740-e65a-42c8-86df-c0df306e5f3d,NOER ROHMAN,5,2026-09-03 12:07:10,"tolong lah,untuk CS goride. klw pas naik motor,mohon duduk ya tidak diujung motor bngd,karena sangat beresiko dan membahayakan driver dan CS itu sendiri.. driver jg tau diri kq,klw duduk ya ga diujung dia jg ga akan mepet2 kebelakang🙏🙏 MOHON UNTUK SALING PENGERTIAN YA ANTARA CS RIDE DAN DRIVER. terimakasih🙏🙏 sekali lg mohon maaf🙏🙏 ga semua CS selalu duduk dibelakang paling ujung,tapi kebanyakan ya emang duduk ya dibelakang paling ujung🙏🙏",positif
e3a95081-5cad-4ee0-badb-2d98d181eadc,Yusuf N.M.R,2,2026-09-03 11:20:44,aplikasi gojek Yang saya download atau saya instal di hp saya ini kok gak ada fitur jadwalin nya ya pada goride dan gocar,negatif
86e99769-f0d6-4e92-871c-f5749b780cba,Nazwa Nuraini F.,1,2026-09-03 11:10:17,"saldo saya seketika terpotong dgn catatan ""memperpanjang gojek plus"". saya tidak pernah melakukan hal itu sama sekali. lalu saya baca di syarat & ketentuan yg berlaku, terdapat bbrp penggal kalimat di nomor 3 pada topik pembatalan & pengembalian dana yg menjelaskan bahwa ""TIDAK ADA PENGEMBALIAN UANG ATAS BIAYA GOJEK PLUS YANG ANDA BAYARKAN"" lalu bagaimana baiknya? karena saya tidak melakukan transaksi tsb. kembalikan saldo saya, masalahnya saya lagi hemat uang, shock lah ketika saldo terpotong",negatif
9670a5ce-bdb4-4a04-afce-ebdfe4029bff,Ibar zuchrih,5,2026-09-03 09:52:51,aplikasi yg sangat membantu.,positif
d5cd1b3c-c81e-43e1-b7f8-ffd52c2bc746,Deni Kusdinar,1,2026-09-03 09:45:58,kapok lah jgn pernah pinjem digo pinjem nyekekkk.. udah dilunasin gk jelas gk dapet lgi..,negatif
2a71e655-c18a-477a-83fc-1bfb9f089e7b,Darmono ok,5,2026-09-03 09:27:34,cepat sesuai ekspektasi,positif
52e8f8e4-4652-4dfc-b03f-0be8d59ef749,Saeni Susylawati,5,2026-09-03 08:50:33,senang pake gojek tks,positif
fd0fc85a-c8da-4b6e-bc61-8a5e81c41c6e,Del,1,2026-09-03 08:35:49,pengalaman memakai sistem gopaylater kurang memuaskan,negatif
c29d2efe-986e-465a-9757-a5807754e83b,Shandy Sopyan,1,2026-09-03 08:21:03,giliran dapet promo sudah banget dapet driver apa dah anjir,negatif
f6ac124c-67a7-4766-aa2a-faaffcd22175,Sophia Craig,1,2026-09-03 08:16:44,"masa gak boleh banyak akun?jd gak bs main dpt coin,,payah gojekkk,,biar irit ini malah gak boleh main",negatif
49d4437f-e60e-4bac-9c2d-e27140421466,Rika Oktaviani,5,2026-09-03 07:40:10,baik dan nyaman,positif
d6ad81aa-10cd-432e-bc7f-d6843f25d27c,DANI,5,2026-09-03 07:16:24,"⭐⭐* Saya pengguna tunanetra dan aplikasi Gojek sangat membantu kemandirian saya sehari-hari. Alasan saya suka Gojek: *Sangat Aksesibel*: Semua menu dan tombol bisa dibaca dengan baik menggunakan Talkback Skin leader. Tidak ada menu yang tersembunyi, jadi saya bisa pesan sendiri tanpa bantuan orang lain. *Fitur Lengkap*: Butuh ojek ada GoRide. Butuh mobil ada GoCar. Butuh makan ada GoFood. Butuh kirim barang ada GoSend. Semua ada dalam 1 aplikasi. 🚀 Mantap, jos. ✅",positif
89b5966c-c0d1-4615-832e-623f9ead9dc3,L A,1,2026-09-03 06:58:32,"Kalau pas pesen makanan kan ada tuh, lagi nyari driver sampai jam sekian. Lah, ini udah lebih dari jam nya gak nongol juga. Mending update diperpanjang pencarian setiap berapa menit gitu kan atau dibatalin.",negatif
1b0b5147-5c3c-45b2-af3c-49eae8738144,Pathul Jackal,5,2026-09-03 06:35:42,selalu ada jalan bersama GOJEK👍🏽,positif
1e5bfddf-32d6-45ce-99bb-db25237c6212,Rifadia Arissya,1,2026-09-03 06:17:25,lama bgt anjg nyari gojek bisa sejam bikin gua telat aja padahal gua book gojek biasa bukan hemat walaupun dapet tapi jauh bgt padahal gojek pada ngetem di depan rumah gw,negatif
1ee27d04-42d6-4ab3-aa4b-b30dbd822cb4,Tahu Walik Cireng KPJ,1,2026-09-03 05:58:04,kenapa driver go jek nya sekarang dapatnya bisa sampai setengah jam kasian resto nunggu keburu dingin pesenan.....blok,negatif
e82287a3-da59-4069-92d8-4709637519dc,diana syem,1,2026-09-03 05:36:10,"gopay pinjaman saya dah minjam 5jt an keatas sekalinya lunas semua cuma dapet limit 1jt aja,, gila ya ni aplikasi",negatif
99acee4f-a3c8-4a6b-a4ec-22eb9c41f1ed,home zone,1,2026-09-03 05:33:08,"mesen makanan d gojek ibarat memesan sesuatu yg tdk pasti d tungguin lama ternyata tokonya tutuplah, gak dpt driver lah nunggunya lama harha 3x lipat",negatif
64e6cdd1-1e10-4632-9201-3b735e1157c5,Tino Agung Sembodo,4,2026-09-03 05:11:13,Kenapa alamat saya hilang? Ikuti alamat sesuai peta tapi yg keluar alamat lain.,positif
22c79bf2-f1dd-4bc3-8703-84f5e74da878,Dandinden Andianta,1,2026-09-03 04:05:10,pengiriman lama walau tidak pakai pengantaran murah,negatif
858ed74e-6a01-48e8-b151-71786c3438c8,Riansyah Saputra (CA1RST),1,2026-09-03 03:35:39,intinya kecewa. goodbye,negatif
c4214394-02a1-4ce8-945e-4bfcfa1cbca6,Desy Dara Maharani,1,2026-09-03 02:40:01,"DULU, JAMANNYA ADA UBER. INI APLIKASI NOMOR 1 dari 3 Aplikasi. Setelah UBER TIDAK ADA, INI APLIKASI URUTAN PERTAMA YANG TERPELIT VOUCHER GO-RIDE. Saya Pengguna baru. Katanya ada Promo. Manaaaaaaaaa? Buat Driver Gojek... Selamat... ORDERAN ANDA AKAN SEPI. Karena, Hanya orderan tertentu saja yang ada PROMONYA. Itupun HARUS BELI VOUCHER DAHULU. Beli Voucher juga PERCUMA. Karena, HANYA TUJUAN TERTENTU.",negatif
58be956d-c5c2-4580-9526-2807c6d72e1d,As Tuti31,1,2026-09-03 02:30:43,ongkos pengiriman mahal sekali luar biasa mahal nya masa ongkos 23rb,negatif
eadc8926-3e93-4327-864a-bb1f7f35a891,Faza Samen,1,2026-09-03 02:22:05,"gk rekomen pembayaran bisa dobel"" saldo gopay ketarik + pembayaran cash di permudah aplikasinya sudah milih pembayaran gopay,tpi di aplikasinya tertera pembayaran cash juga",negatif
aee4a2fb-fa59-42c2-bce8-b4a679e180bf,Madi,1,2026-09-03 01:54:05,gofoodnya awikwok banget 😭,negatif
394b4d18-9692-490d-9859-212d27884700,Anggi Ridho Nurdiansyah Lubis,1,2026-09-03 01:53:32,sudah pesan untuk prioritas tapi tetap aja gak dapat padahal udah nunggu 1jam 30menit,negatif
1aab809b-2852-4ebf-91af-f8a606810aa1,Rizqi Maulana,1,2026-09-03 01:25:56,aplikasi tolol dari kemarin pesen makan suka di cancel mulu gua tuh mau beli,negatif
9eb8c211-3061-4c03-9fb7-ed2689c3ec47,Chocopíe,1,2026-09-03 01:07:22,"setelah di update aplikasi nya jadi bermasalah mulu, udh 3X saya mesen gojek tapi statusnya gak berubah - pesanan pertama dibatalkan setelah SEJAM LEBIH saya nunggu, saya udh curiga dari awal karena statusnya ""pesanan diterima"" gak berubah2 - pesanan yang kedua dan ketiga juga sama, bedanya saking EMOSINYA saya laporkan ke pihak gojek baru statusnya berubah ke ""makanan disiapkan"" dan ""pesanan diantar"" TAPI ITU SETELAH SAYA LAPORKAN DAN SETELAH SEJAM LEBIH SAYA NUNGGU",negatif
5e42e362-b587-4213-a413-47cfadc0114b,Miaamelia Sayangriki,1,2026-09-03 00:43:08,UDAH KAGA ADA PROMO PENGGUNA BARU... PELIIIIT,negatif
b710fb0a-2f8e-4269-9dc8-6f54ef7b6f3c,Rokha Koka,1,2026-09-02 23:25:51,"aplikasi taikkk anjeng nunggu makanan sejam gojek nya ga jalan jalan, di complain kaga bisa taik aplikasi taik anjeng",negatif
0f7b8233-b629-4fc3-b20c-582fab2af33e,Mika Mei Hutagaol,1,2026-09-02 23:20:12,makin gak jelas semua driver gojek ini. kayak tidak menghargai pekerjaan. berkali-kali mesan tidak ada dapat driver satu orang pun. padahlah udah nunggu sampai 2jam lebih. gak ngerti lagi sama pelayanan gojek ini. alasan selalu sibuk. muak banget sama aplikasi ini.,negatif
e3220c4c-1820-4895-ad10-a7995c4b3d8d,Cahaya Alam,4,2026-09-02 23:08:27,"ya aplikasi ini cocok, tapi pleasee kalo buat iklan itu yg wajar dikit ngapa gw mau skip iklan gojek aj susah nya minta ampun",positif
3baefb0d-7844-4636-a703-c30ae4796848,Kristin Prb,1,2026-09-02 23:00:03,"pesen gofood, udh nunggu 1 jam tp dibatalin sistem krn ga dapat driver. bad bgttt 😤",negatif
2d2f69b0-66a5-43c3-a880-8c41f763903d,Salsabila Salsabila,1,2026-09-02 22:22:55,"sesusah itu dpt driver gofood smpe nunggu 2x 2jam di cancel, apa krna ada promo jdi gamau nerima ya?",negatif
b9be910c-223b-42f5-ab50-255b510b9313,Ilham Abadi,1,2026-09-02 21:55:07,mau hubungi CS susahnya seperti hub presiden. blok...,negatif
641277d2-60ba-4088-b474-52ffb11f07a1,Fayola Nadifa,5,2026-09-02 21:44:46,saya kasih bintang lima..dn saya mohon bantuan dn petunjuk supaya bisa jadi mitra driver gojek roda 4..trimaksih..,positif
0477f6ca-7ea3-422c-8968-93558f116df4,Bilqis Earlyta,5,2026-09-02 21:31:18,Kalo lagi mager gojek solusinya,positif
338b6acc-a625-48aa-bf03-03d13e72a81d,Ahmad Izza,1,2026-09-02 21:23:57,udah nunggu gofood 2 jam di cancel otomatis dari sistem,negatif
753f0ea1-4c0b-4f3c-874f-29e3a5264de4,Risky Muhammad,1,2026-09-02 20:56:48,"aplikasi babi,dimana orang buru"" satupun menolak",negatif
88c87ecc-4107-4ab1-95ae-67533f77b0e7,erin deandra saragih,4,2026-09-02 20:46:48,"tolong kalo ada keadaan sperti hujan, lama sekali dpt nya, sya kecewa",positif
80e817c4-b283-4f04-995f-a602d6dbd2b9,shafira shasie,1,2026-09-02 20:24:06,"aneh jelas jelas saya mesen 1 yg datang malah 2, jadi saya tetep harus bayar 2👎🏻",negatif
5a832027-5260-4557-ba3d-6badc68fe267,Fifi Febian,1,2026-09-02 19:55:38,kecewa malam ini susah banget cari gocar di cancel terus kenapa sih heran gua mah padahal harga nya lebih tinggi dari biasa nya tapi ga bisa bisa,negatif
0a023e86-9f2e-4b32-9646-a90c5f7580cd,Fadan Putra,1,2026-09-02 19:28:32,aplikasi rakus tamak lemot susah bgt dapat driver Padahal sinyal full chipset hp rata kanan susah bgt dapat orderan emang aplikasi nya aja yg tolol lemot.. mending pake aplikasi sebelah cepat dapat driver ga kaya aplikasi ini lemot dapat driver potongan aplikasi gede..,negatif
433a2421-51c5-4e80-bb9a-b8dcb0b795fa,Lilik Suciati,1,2026-09-02 19:26:03,"terkena orderan fiktif merugikan saya, logika aja ngapain saya pesan makanan 10 bungkus kenapa driver bermodalkan balasan kata iya dari yang menghack tiba tiba driver sudah didepan rumah saya, minta tolong tindakan tegasnya saya tidak mau dirugikan saya tunggu balasannya",negatif
4a7ee5be-fd47-4ae3-8c29-423c1c7009c1,Vinn Serviant,1,2026-09-02 19:07:42,APP JELEK MENDING GRAB COK.!!!,negatif
c35e0f28-b2a2-4e02-8fc4-86388508bc2c,Luvena Anindya,2,2026-09-02 18:50:27,"Kenapa ya gojek itu nyebelin bgt, udah 4x kejadian selalu nunggu makanan selama hampir 2jam ternyata gaada driver yang nganter. udah hubungi cs juga ga guna",negatif
f79435e9-0ed9-4b67-93f2-94e547ef1a5f,hendi rakasiwi,5,2026-09-02 18:28:11,mantap sangat terbantukan....,positif
26eeac69-3c75-4288-a711-554b09302867,achmad faisal,1,2026-09-02 17:47:59,driver banyak tapi gada yg ngambil sial,negatif
fe368802-fe67-429c-b5ca-544303500434,iswan jogja,5,2026-09-02 17:46:47,dinggo golek sandang pangan,positif
98390e3b-e25a-4410-a75f-68f7bbd80136,odeng noob,5,2026-09-02 17:40:08,karya anak bangsa semoga tidak meninggalkan grassroot,positif
a4faccf9-135c-49f6-9c9c-9210df7209d6,Daru Priambodo,5,2026-09-02 16:54:02,gojek sangat terpercaya.,positif
e952a074-a29d-4b4b-96c0-0fd194954a48,Sandi Pratama,1,2026-09-02 16:39:13,"dear gojek yg terhormat, kalian buat sistem apalagi. double resto harus secepat kilat dikerjakan. kalian pikir tdk butuh waktu. apa kalian lg suka nyawa mitra2 kalian hilang karena ulah sistèm kalian. coba sekarang biar masyarakat luas tw. org office. staff, IT, dan team support jd mitra. seblum kalian luncurkan sistem2 yg kalian buat jgn nyawa mitra yg kalian korbankan. nyari untung boleh keselamatan mitra dan customer prioritas donk jgn cuman kedok di iklan aslinya bobrok smua",negatif
67f4b5c1-584e-4a23-9c37-58d8539cbbd0,023_Silviana Al fauzun,1,2026-09-02 16:15:48,"gajelas bgt, gaada driver. sudah ganti 3kali tetep ga nyampe ke restonya sejam, tolong diperbaiki ya.",negatif
ec8d61db-b452-497e-9674-20010c505684,Rizqi Iano,5,2026-09-02 14:56:26,order cari driver lama amat,positif
872d8e85-3bbd-4fec-a985-89230de16986,Kris Weridity,2,2026-09-02 14:24:02,"aplikasi gojek sekarang pada songong semua driver nya aku pesan jam 14:00 hampir setengah jam dapatnya di batalin semua sama drivernya pdahal lagi buru"" akhirnya terlambat saya",negatif
d5b7f7a0-6590-4414-ac50-306109f1ceae,Ria Safitri,5,2026-09-02 14:23:11,makasih ongkir rp1 nya buat gofood saran buat gojek dibagiab rating dan ulasannnya bisa difilter untuk cari rating 1 sampai rating ke 5 atau rating terbaru juga ada in ulasan yang bisa kasih foto kayak apl sebelah. bakal makin bagus dan terbantu kalo bakal di adain ulasan bisa kasih foto,positif
85ec3c52-75cb-464d-9c7c-73648dbdd856,vician movi,1,2026-09-02 14:10:16,"Ga ngotak denda telat 1 hari, terlalu mencekik dendanya",negatif
9ac7aa5a-a916-47fc-aa3a-693f01d8bfd3,Roni Winandar,1,2026-09-02 13:45:47,gosend aja cari driver ditolak terus !,negatif
ea2bd69d-234d-4832-8aef-b6db8b2bd7f2,Candra Azzah,5,2026-09-02 12:42:28,pengalaman pertama naik gojeg motor enak juga nyaman ramah juga driver nya.terima kasih gojeg,positif
f7da4576-f849-43ec-bb97-5c413ccf76b3,Aidza W. Maulidia Putri,1,2026-09-02 12:30:11,apk anjing denda ga ngotak asu,negatif
fb4a1942-14ff-4188-8d35-dc3f6f0bf1ac,Gita Suci Ramadhani,5,2026-09-02 12:11:42,pelayanannya oke banget,positif
8c806e60-3e20-4d0f-998c-264d5c7604d2,aliisa syafarani,5,2026-09-02 12:09:56,keren mudah..murah..pelazanan okee,positif
4d14fe2a-c36c-4702-8a64-5b5ed2a3cd8e,tukang pijet,1,2026-09-02 11:49:42,makin lama makin mengecewakan ini gojek yaaa.. tujuan ngga sampe 10 menit dapet driver dengan jarak 9 menit. giliran tujuan 30 menit dapet driver 2-3menit. pake gojek murah karna deket dapet driver antah brantah. ganti yg cepat malah makin jauhhhh dapet driver. yg cancel driver tapi harga di naikan sampe 10x lipat. ngotaaaakkk lahhh anjiing,negatif
2c1ee922-aa4a-4795-ab1b-f8161718e911,Cumil,5,2026-09-02 11:35:49,biasa aja sih,positif
c0bf32b6-5cff-44d3-accf-285df634a1db,Louise Tantri Elsa Cynora,1,2026-09-02 11:35:44,"Jelek banget, lama banget dapat drivernya padahal lagi laper banget. Gabisa dicancel langsung karena katanya dianggap buang² makanan, tapi kalo ga dapet driver juga sama aja buang2 makanan. Customer service nya pake bot terus, gaada solusi sama sekali. Payah 👎🏻👎🏻",negatif
399f917f-d300-4283-819f-db8ee10a8314,Centrindo Artha Prima Mandiri,5,2026-09-02 09:51:55,selama ini enak aja pakai aplikasi Gojek...TRIms Nadiem Karim,positif
600b8096-50da-484d-863f-9f3f569bc9a4,M Adam,1,2026-09-02 09:47:06,gila tagihan gopay later telat 1 hari aja di denda 50,negatif
4367502d-c677-4737-84f7-2c92f9e8fb1d,sabar arifin71,1,2026-09-02 09:28:59,"Promo penipu, bayar hagra normal",negatif
472323a4-745e-442a-9569-84b2f2dc3fbd,Norman Gray 45,5,2026-09-02 09:12:18,sangat membantu sekali di saat kepepet mengejar waktu,positif
668601f2-c916-44ab-a6e4-76d9facf0c0a,sarwono n putra,5,2026-09-02 09:04:43,gojek Pe 'ak. error terus. di install ulang juga gak bisa,positif
3f8b5200-e149-4a23-9f78-f9d5d3f9b5fa,yani c,1,2026-09-02 08:53:50,"diminta verifikasi email tp email yg tertera salah(kelebihan angka 0), utk update email saja tdk bisa, sdh via apk.jg tidak bisa, via email jg tdk ngerti cs nya. anehnya konformasi pembelian pulsa bisa dikirim ke email yg benar, aneh bin ajaib, tolong diperbaiki.hanya perbaiki EMAIL NO.HP TETAP.",negatif
e2b901d9-4c66-48dc-8425-ecf7a09a57cd,Agung Firmansyah,5,2026-09-02 07:48:35,untuk ketereangan makanan halal dan tidak halal di perjelas di goofood dong.,positif
a657c17f-80c5-41cd-80ba-d3555b642657,Agus Zaini,5,2026-09-02 07:05:43,"pesanan datang sesuai dengan waktu yang dijanjikan, diantar dengan aman sampai tujuan",positif
0ceaac97-b95c-4f42-be3b-d249510503f8,Khadifa Totti,5,2026-09-02 06:47:45,"Alhamdulillah...Tiap hari pake gojek ..biar anak lebih berani ke sekolah,kalo pas tidak ada yg anter..Dapet Driver juga baik,kadang klo udah sampe di ftoin anak saya,kadang,ada yg gak mau di byar, Jum'at berkah... sehat selalu para driver.. Aamiin 🤲❤️",positif
7367fad6-3659-4d99-aeaf-61045ceb01ae,Bsbsj Jsjjej,1,2026-09-02 06:38:49,"blokir aja gopay paylater Ama gopay pinjam,percuma limit jutaan klo gak bisa dipake",negatif
1183bcba-7d9a-47ff-a126-908f4f7a121b,Jillian Elisabeth,1,2026-09-02 06:11:53,"ada fasilitas gopay later.parah,telat 1 hari aja,,kena denda 50rb.dibanding paylater lain,,ini terbilang tidak worthed dan jelek banget ya.ud gitu,gak ada pengingat.kayak sengaja biarin aja tuh kita lupa,biar dia bisa makan denda nya.persoalan saya,lupa melulu.dan apes nya inget ya selalu pas tgl 2.jdi tagihan 100rb,kena denda 50rb.mending jgn pake dah.pengen gw hapus,,bingung cara nya.jelek banget.nyesel knp sya pake juga.masalahnya ud kena brp kali dan semua krn lupa.",negatif
343b3751-ac3f-4f6f-9721-adfe4c235b0b,Lupluppp Yee,2,2026-09-02 05:51:14,"woilah, kalo drivernya mau isi bensin tu suruh matiin aplikasi napa, daripada ketolak mulu taik",negatif
92bd29d6-5d69-4a12-b544-15040be84408,Letty Latifah,1,2026-09-02 05:46:00,"Maaf cuma kasih 1 bintang, soalnya sekarang udah gak ada pilihan gotik lagi, padahal itu sangat membantu, ibarat nya sekarang kayak penurunan kualitas dari gojek, dan saat top up gopay dari dana, entah kenapa ada pemotongan saldo masuk tanpa pemberitahuan dari gojek, itu jelas merugikan konsumen, walau gak seberapa tapi sangat berpengaruh, padahal konsumen sudah dikenakan biaya kirim di awal saat mengirim (app dana), sekali lagi saya kecewa",negatif
a99e2b50-9bcd-458a-9f99-fc73b18c8deb,Senja Riska maharani,1,2026-09-02 05:44:22,"tolong ya gojek, driver kalian tuh tolong diajarin caran bedain titik jemput sama titik tujuan. udah beberapa kali aku ketemu driver yg bilang nya udh di titik jemput tapi trnyt dia di titik tujuan, mana driver nya pake marah marah lagi.",negatif
cff3584e-9db6-430f-990d-dbf41b1d2738,christian bryan53,2,2026-09-02 05:37:29,banyak yang ngaret driver lu males sumpah,negatif
8d90ecdf-85f7-49c7-8688-9e73fb99a1a5,alip yulianto pratomo,5,2026-09-02 05:22:45,sangat baik sekali pengemudi nya,positif
7ed8a021-ded7-4006-8ad3-593f82605aa1,Mohamad Aman,5,2026-09-02 04:39:01,kemana-mana beres dengan gojek,positif
349f4f4a-2646-42a2-9a34-c00662d707e7,Nadira Sasa,1,2026-09-02 04:34:14,"apk sampah,gjls , dikasih limit pinjam dan paylater tbtb dipertengahan jalan diblok padahal gada telat byr samsek,malah ku lebihkan pas bayaran pertama , nyesel bgt pake apk ini ga gunaa",negatif
44bd5f44-1791-419c-a07f-74bba8ef958a,Gede Giri,1,2026-09-02 04:24:49,tolong hapus jadwal pengambilan jarak dekat leguler Ngbles food driver celcel klau dpat resto jauh2,negatif
709aeea0-8da8-400e-80a7-06eed537a3a6,STM AZURA,1,2026-09-02 03:53:52,spam iklan dancok,negatif
f64a9d85-4e50-4037-a1cf-92e2b91168f3,Hello Vanilla,4,2026-09-02 03:11:03,untuk hp ram 2 agak berat smpai lag hpku,positif
5163675c-96d5-47c6-9472-1c2db93c8335,Rizki Saputra,2,2026-09-02 01:00:15,beli makanan dari aplikasi ini ongkir gak ngotak harga martabak manis 26rb ongkir 41rb gak ada otak nya kalau beli makanan pakai aplikasi gak jelas ini,negatif
50dbf270-fe3c-4ff4-bd89-72a63fd724e5,Safari Purwadi,5,2026-09-01 23:44:32,aplikasi mudah digunakan,positif
88f69ffc-db5c-457d-b754-d210158e8024,Akhmad Solikhin,5,2026-09-01 23:21:36,"support terus buat drivernya, biar lebih sejahtera",positif
ee146b0f-ef3a-40ed-b94d-b04896f3f26a,Refandiaz Arigamus,4,2026-09-01 23:07:34,Tambah metode pembayaran Qris dan virtual account,positif
b162bafa-8137-46dd-9658-24357fa6e548,Wildan Ahmad M,1,2026-09-01 22:31:15,"benerkenn sistemnya gojek, pesen food selalu lama bisa berjam jam",negatif
f49e8863-9b24-4166-a8ff-a0a2d1e50832,Dwi Ferdi,1,2026-09-01 22:23:48,"GOFOOD SAYA KENAPA DIBATALIN SEPIHAK, DIKIRAN SAYA GALAPER GITU? MIKIR DIKIR KLO BIKIN SISTEM",negatif
9010890b-d1c9-4f2d-9e9b-d6552b7bb144,Williams Nation,1,2026-09-01 22:23:33,udahlah cari dewek muak bet aku,negatif
79e7ca0b-b77b-43b8-a994-88c91310853c,Uyo Aza,1,2026-09-01 22:09:15,sy sdh gunakan aplikasi ini sdh lama tp saat ini aplikasinya tdk bsa di buka sedangkan sy mempunyai saldo gopay tp tiap sy buka aplikasi gojek nya hrs verifikasi terus.sy harap agar bsa ditingkatkan pelayanannya,negatif
cd9ae82c-fdf2-4b53-95aa-fc89bb0301a2,Arie78,5,2026-09-01 22:06:05,"Recommended, cepat, terpercaya.",positif
a3b60613-8d18-473d-8465-22bc615627f3,Rafrizal Rafrizal,5,2026-09-01 22:05:04,ok banget murah meriah kenyang banyak promo,positif
5d82c41f-ea40-46a3-b7f9-9022c6b146c4,Bagus Setiawan,1,2026-09-01 21:56:22,makin lama pas order 😌,negatif
ff401737-8cb9-40df-8601-00ddcbb6386a,Arya rizqi Widianto,2,2026-09-01 21:48:42,biaya pelayanan dan penanganan nya terlalu mahal dan selalu makin mahal...,negatif
67eef13a-f22d-4baa-bda6-d66550be6f1b,Imu Mulyana,5,2026-09-01 21:46:39,mantap murah bangeet,positif
06d2e9dd-819a-45ef-bfc0-b1fed6140a88,dzakiyah sakhi,2,2026-09-01 21:33:39,"tolong deh buat drivernya di tindak tegasi. saya selalu dpt driver yg bawanya buru buru, ngebut, nyalip². hari ini sy hampir ke serempet mobil karena ojolnya maksa nyalip dari kiri. tolong bgt deh soalnya ini sy sering banget dapet driver yg kaya gini, ngapain sih bawa buru buru? ky di kejar setan. utamakan keselamatan penumpang dong",negatif
2cac36d7-009a-49a4-9e93-38782cec767e,Irma Wati,5,2026-09-01 21:31:03,sangat membantu ketika kita lg mager 🤭😂,positif
9b01b42c-16ba-45ab-bcc3-3acc490c0b5c,Muhammad Chelvin Pratama,1,2026-09-01 21:30:10,sering2 aja kyk gini GK bener udah,negatif
aaf4ae2c-3cc0-4672-a788-ccf262aeec40,bambang antariksa,5,2026-09-01 21:29:57,pesanan cepat dan tepat waktu,positif
2d77e3e8-41d5-42bc-9ba3-0f30770bd426,Ananda Ramadani,5,2026-09-01 21:27:31,sangat membantu terimakasih,positif
5892ce67-3330-4870-9c80-bbc462d38c6d,Rosita,1,2026-09-01 21:19:40,"sumpah ini ngeselin banget. emang udah jarang sih pake apk ini karena drivernya semaunya sendiri dan susah banget dapet,tapi kali ini kecewa banget. aku pesen gofood karena di online restonya cuma di apk ini aja, eh malah gak ada driver yang pick up sampai 1 jam lebih, saya mau cancel kasihan restonya yang sudah nyiapin, eh ujung²nya dicancel sama apknya. kalau emang udah gak ada driver tutup ajalah apknya platform lain juga banyak kok.",negatif
e885f941-0abc-44d5-a53a-5905a6b961d8,Adis adi,5,2026-09-01 21:06:28,bagus untuk bepergian,positif
51700b10-7a17-41c7-8f69-b3227625118e,Mang Ujang,5,2026-09-01 20:46:46,lokasi saya tidak akuran untuk pemesanan cari di peta kejauhan beda propinsi yang tampil,positif
4300b5bb-b037-41e3-a34b-b00578296a9f,dlwlrma,1,2026-09-01 20:35:46,sulit mendapatkan driver,negatif
7594c5c7-7acc-406a-85fc-0148b747a8df,Tiana Ardiantina,2,2026-09-01 20:17:35,"selalu lama dapat driver tiap pesen gofood, udah nunggu lama2 tau dicancel sistem.",negatif
cc262c2d-4ec0-4bb3-8380-8a61b09e0bef,Anisa Komaria,1,2026-09-01 19:22:05,"dapet driver bad atitud, customer dimarahin gegara dia aktivin otomatis penumpang, mana marah"" juga soal potongan gojek 30%. INI TUH BUKAN SALAH GW YA TOLONG PERBAIKI LAGI SISTEM POTONGAN HASIL DRIVER BIAR CUSTOMER GAK DIMARAHIN LAGI. MANA GW LAGI PUSING KENA MARAH DRIVER GAJELAS. SERING GW DAPET KEK GINIAN SELAMA PAKE GOJEK",negatif
0c7453ea-fae1-4286-ab01-f4c5f38e74f1,AKUSTIK 88,1,2026-09-01 19:13:50,"untuk cs gofood, saya harap bisa memesan food reguler saja, krna kalau pesan express atau flash driver ga dapet apa2, nunggu direSto lebih lama iya,. kalau perbandingan reguler dan expres ga jauh beda,. tpi uang tambahan ga dibagikan ke driver. masuk semua ke aplikasi,",negatif
77fdc254-e42e-4418-a2fc-6f3f3fdd158f,Kads,1,2026-09-01 19:02:10,"L app! ditanya mau mamam apaaaa? makan resto????? udh ketik menu knp gak MUNCUL MENUNYA AJAAA! NOT HELPING AT ALL! GRAB NOH! LANGSUNG ADA SUGGESTIONS TO MENU! semakin kesini makin jelek. tidak ada peningkatan baik, malah SENGAJA dibuat jelek. This app already lost the soul. Awal2 milih ini app karena embel2 punya anak bangsa. Aku dh nyerah sama app ini. ganti ke ijo sebelah.",negatif
49efe0c6-f5c9-48be-ad7e-be65e5e4df07,Muhammad Hervan,4,2026-09-01 19:01:56,"sejauh ini bagus, cuma kadang titik nya ga sesuai yg kita pilih",positif
e97ad225-fefe-4876-982a-9cbbdab0302f,Megha Lestari,1,2026-09-01 18:54:38,"pertama pakai gopay bikin kapok drivernya ngakal ngakalin biar kita kluar uang lebih pdahal cust kan minta sesuai titik malah kmna""",negatif
c5881fd3-ff4d-42e7-a74c-537596982d30,BOT Oced,2,2026-09-01 18:51:14,jika butuh driver dalam jarak dekat selalu susah dan jarang ada yang mau,negatif
d88e7dfa-da34-4570-ac25-7d96386c5cd8,Ati Suprihatin,5,2026-09-01 17:56:52,Pokoknya asyik lah,positif
87e1fd52-1471-4eb4-a408-aa466744fb6d,Mayang Sari,1,2026-09-01 17:49:27,"susah dpt driver,sering di cancel dan sulit menitikkan tempat dengan jelas",negatif
07f36906-83bf-4f1f-b45e-18f92dbe7644,Ismet Harahap,5,2026-09-01 17:36:23,mantaf dan bermanfaat,positif
76b38db4-95c4-46b5-9ef8-3ca70adefa37,Fachrizal Amrullah,5,2026-09-01 16:42:38,"aplikasi transportasi lengkap, banyak promo, UI aplikasinya bagus",positif
762ceb7f-0860-46f1-907a-9a360215bfaf,moon shadow,1,2026-09-01 16:22:54,voucher ongkir dan food ga bisa dipake bersamaan mending shopee,negatif
8707b001-5855-4c15-a424-76c4386d59c2,SOBAT MUKIDI,1,2026-09-01 15:14:01,kecewa banget ya..akhir akhir ini sering dpt driver dengan helm yang (maaf) kurang layak untuk penumpang.. driver ramah tapi sayang terkadang helm tidak membuat penumpang nyaman.. terutama yang tidak ada kacanya.. mau yang comfort pun sama kadang saya dapat yang helmnya kurang layak.. sangat disayangkan.. drivernya lengkap tapi tidak dengan penumpangnya semoga ada perbaikan.. sejauh ini driver yang saya dapat pelayanan bagus hanya minus di facility aja 👌🏻,negatif
1331c348-7172-4b39-b62a-7432a79ece62,baraa,5,2026-09-01 15:04:27,"sya suka memakai apk gojek, slalu sdia ketika sy keadaan darurat",positif
abe4574c-50c1-411b-a639-851c7ef74ee4,Ade Achdiyat,1,2026-09-01 15:00:59,"Tidak MANUSIAWI dan tidak PANCASILA is ongkos untuk driver² nya. Padahal driver lah yg banyak keluar modal, motor, hp, bensin, quota, dll Driver sendiri yg keluarin dgn uang sendiri, aplikator cm modal aplikasi doang, tapi ongkos cm 8000, 7000, 5000. Murahan bgt. CUKUP APA uang segitu??? Pake otak dong, kasihan jerih payah driver². JANGAN BIKIN CAPE DAN SAKIT HATI SEMUA DRIVER, DURHAKA TAU...!",negatif
4462f5ec-e7bf-402e-9b47-d45634ef9f6c,Datu Oktrifiandri,5,2026-09-01 14:53:19,bonus Coin nya bisa dipake,positif
2b291085-6b5d-44a7-a213-37e603c4a8cc,Evelyn Rezki fristika,1,2026-09-01 14:47:57,Order apa apa selalu lama dapet driver nunggu sampe 1 jam. buang buang waktu banget.,negatif
04999973-59dc-4b54-a18f-e02ec1eeaca2,Bintang Chandra,5,2026-09-01 14:25:17,aplikasi yang bagus untuk orang yg harus bepergian jauh,positif
d96e9774-6892-443f-aa7c-0995e924d426,Suci Maharani,1,2026-09-01 14:07:27,"diskon ga ada, ga sesuai waktu yg sudah ditentukan, lama bgt ditunda tunda mulu menit nya",negatif
8c189b57-2bc7-4a45-90a1-bcface11104f,Maryatul Qibtiah,2,2026-09-01 13:49:30,kenapa harus ada ongkir rp.1 sih ribet,negatif
10fb2e7b-b03b-4416-a03f-735cddc63a35,Heri purnawan,1,2026-09-01 13:47:20,aplikasi anak bangsa (t),negatif
386fa52c-b26b-4adb-8b95-d188852bf76f,Andy Rachman,5,2026-09-01 13:06:50,sangat membantu dalam apa pun,positif
acb727fe-3ec2-4082-9b98-da69856fd7ab,Riska Maulida,4,2026-09-01 12:56:11,kapan gojek buka driver baru lagi,positif
27ed4a7d-016c-44c5-9e43-6eb681359dbe,wanto craft,5,2026-09-01 12:46:59,layani dengan sepenuh hati,positif
284df5b6-6805-4a97-b93a-901e9a9d9333,Amir Hidayat,5,2026-09-01 12:42:53,aplikasi lebi6murah harganya dari pada aplikasi grab,positif
03cadcf1-b11e-4368-bb00-219f08489114,Nana Sumarna,4,2026-09-01 12:04:18,sangat di perlukan buat bepergian,positif
9f2cf8f3-6434-4757-ab23-7b6805baab20,teguh arif,5,2026-09-01 11:49:30,"kapan min bisa dipake lagi,limit naik tapi gk bisa dipake review terus sttusnya padahal sdh close semua tagihan meskipun telat",positif
427d0c16-113c-4044-bcf0-629740805128,Saman Maulana,1,2026-09-01 11:41:33,sulit dapat driver saat pesan gofood tolong lah pihak gojek gimana mau make gojek terus pelayanan nya saja sulit,negatif
f74398e5-09a2-44ae-a0a1-f9c039714cc9,Habibah,1,2026-09-01 11:32:32,"cape aku, kalau ngasih iklan yg bener lah",negatif
bc87f84b-66c5-44ac-b973-620ce094ea1f,Anisa Nurhidayanti,1,2026-09-01 11:30:01,kenapa ya saya cuma masukin ke keranjang cek promo tiba2 ke pesan dan saat datang pengemudi nelpon ga ada pop up muncul aneh banget,negatif
374f6342-bf35-46cc-861d-2403c7fb05b5,yanti darmaya,5,2026-09-01 08:53:46,"semoga sllu bisa membantu kami,sukses gojek",positif
44e86415-98ec-4d2a-a3b4-8583da8aca69,fredy_ d'firha,5,2026-09-01 08:44:18,d anggap mitra z kaga..makin males on bit..,positif
bfffed70-e72e-40b4-9d40-49644f2900b5,Zet Boezet,5,2026-09-01 08:16:49,cuuss gak pake drama..,positif
d019ff18-e11c-4bb4-b9fa-8583cded8b39,Yosi Yuswani,5,2026-09-01 08:03:03,"udh pernah pakai ap gojek dari 2021 sbnrnya cmn hp sempet ilang dan lupa akun, skrng pakai akun baru. gojek bner² bisa d andalkan utk penjemputan jga selalu tepat waktu selama saya pakai gojek",positif
46d157a7-16b8-4d06-8293-256f08713430,M.Luthfi Kar ananta,1,2026-09-01 07:33:28,Tolong kalo iklan jangan ada unsur gay dan bug pada sistemnya,negatif
beabdd21-3179-4da4-9257-ef681d6ce96a,Samin Bismillah,5,2026-09-01 07:19:39,dapat nengatasi masalah dengan cepat,positif
387fc642-671b-4f2a-8213-46051805009a,Alvino Meilano,5,2026-09-01 06:46:27,selalu aman nyaman,positif
a34d56b4-0d7d-4970-9e00-189b88bf3a3b,Melia Hemilda,4,2026-09-01 06:15:48,"tolong kepada mitra gojek, kalau memberi driver ke penumpang jangan yang jauh dari lokasi penumpang. saya sering kali terlambat ke sekolah hanya karna tidak dapat driver, kalau masalah tarif, memang kenapa kalau penumpang memilih tarif yang lebih kecil nominal nya (?). sudah memilih yang lebih besar nominal nya tetapi sama saja datang nya lama, ini gimana ya mitra gojek? tolong perubahan nya dong, jangan kaya gini terus.",positif
e476a1bf-58a6-42a4-bb49-6738b5f0cb66,Noob King wakanda,1,2026-09-01 06:12:21,pencarian driver sangat lama,negatif
c5b40b3d-6a21-4d6b-9e8d-41b811a60c6a,dzaky hafidz,2,2026-09-01 05:47:30,iklan lu resek,negatif
413d707a-76a0-4daa-b296-1f6433287c9f,LiNa80,1,2026-09-01 05:47:08,"kenapa tidak bisa masuk di aplikasi game go cat dan butuh loading lama padahal dirumah pakai wifi,mohon diperbaiki bug nya 👏",negatif
2ab97318-72b6-4c0f-897c-e28ad08cf9a8,Mamazayn Nisa,5,2026-09-01 05:02:39,driver ramah..cara mengendarai santai bikin nyaman..top markotop lah pokonya,positif
c377529a-e872-499b-9875-f73b0324510f,Reza Sianipar,1,2026-09-01 03:13:38,hapus aja aplikasi kau ni gak guna stiap kali mesan pasti gak pernah ada driver,negatif
fb99a9e1-a1f6-4b6d-8046-2659e55e6d5e,Adyarzak,1,2026-09-01 02:44:19,gopay plus otomatis perpanjangan. males banget udah kepotong paling mahal 90 hari. sedangkan aplikasi jarang dipakai,negatif
eb690c1e-94d5-4cba-bb5b-0dd2c27a5a75,Ivone Greyse,1,2026-09-01 01:45:58,"PESAN GOFOOD DGN PENGANTARAN 1000 TIDAK BERGUNA SAYA NUNGGU LAMA HINGGA 1 JAM AN TP PROSESNYA GAK BERUBAH, PDHL APLIKASI GOJEK YG MEMBERIKAN PENAWARAN ONGKOS KIRIM 1000 TERNYATA 3000 PEMBOHONG APLIKASI GOJEK",negatif
317c5f62-cb95-4387-bff8-2d5bdbac944e,Asiah Asiah,5,2026-09-01 00:22:50,banyak promonya pesan makanan,positif
bbe933de-207b-4d60-b028-567328f4c43d,Wildan Tazakka,1,2026-09-01 00:08:05,"pesen makanan lama, eh driver ga dapet dapet juga, akhirnya cancel sendiri, sama sekali gaada garansi dari pihak gojek. buang-buang waktu",negatif
b1db54b9-c7bb-4fd6-a2f7-dc72e52cb7ea,Andi Firdaus,1,2026-08-31 23:55:02,"pesan gofood salah titik pengiriman gak bisa rubah alamat, gak bisa di batalin.chattan sama driver nya minta tolong batalin dari sana nya, katanya tinggal konfirmasi balik, tetep aja di saya GK bisa dibatalin malah solusinya mau cari driver baru. gak guna bgt gimana sih sistemnya, yang bermasalah itu titik alamatnya bukan drivernya. setan ribet bgt tengah mlm ngurusin kaya gitu. gak guna jg ada pilihan menu bantuan",negatif
1d7dd0a1-4b6f-42f1-a72a-8580b20d37c4,Sri Nengsih,1,2026-08-31 22:02:42,"gojek makin bobrok pelayanannya, pesan go food driver gk bergerak sementara pesanan sudah siap dari 1 jam lalu,pihak resto sudah info ke saya, makin gk jelas pelayanannya, saya perlu ada tindakan dari pihak gojek",negatif
237ae60e-7de8-4ba0-83ab-1bdfab47e2b3,Afda Alif,5,2026-08-31 21:53:37,Gojek memang TOP,positif
dfdcf227-114f-4a8f-9ef2-1be6424183bf,Rozi Fahrul,1,2026-08-31 21:42:00,kurang menurut saya karena dia lambat,negatif
008f2e36-b339-4d6d-abd3-6fab49cee9d9,Angga Kurniawan,1,2026-08-31 21:42:00,susah dapet driver. lama,negatif
503683e3-361b-478f-8fc9-a08353136a82,Fitri Widiyanti,5,2026-08-31 21:24:01,Alhamdulillah kehadiran Gojek sangat membantu aktivitas sehari2. Pelayanan yang ramah dan sering ada promo menarik juga. Semoga Jaya terus Perusahaan Gojek dan Para Driver nya selalu sehat dan berkah rezeki nya.,positif
751c038b-4968-4e31-94a9-b92627a38d3f,Ball,1,2026-08-31 21:11:02,et udah mahal lelet lagi pea,negatif
cf8dc706-98c3-48af-b1e4-8b2ce0887451,Dicky nurrohman,1,2026-08-31 20:34:47,golek orderan gojek Ra Ono respon ne blas Jane niat golek duet Podo ORA,negatif
a1563e01-622f-4b00-a32e-2cddc41813ab,Yuliuske11,1,2026-08-31 20:15:12,aplikasi transportasi yg paling gak rekom. drivernya jauuuuuh.. bikin telat.,negatif
45cb68ae-4d15-43f0-a347-bfd28166064f,Fauzia_ftr Mpitt,1,2026-08-31 19:42:36,gasuka bgt kalo pesen driver slalu lama apalagi kalo gofood demi slalu ganemu driver dan akhirnya sering dibatalin nyesel sumpah,negatif
18b56086-eea6-4611-9d4c-27bfe4e696d5,sogirun jokorda,1,2026-08-31 19:40:15,"saya update ulasan, makin sini makin ga jelas aj ini gojek... terutama GO-FOOD... respon lama banget, dulu pernah pesan makanan kurang lebih jam 18.40 wib, makanan dateng jam 21.00 Wib, ini masalahnya apa sih??? Mitra GO-JEK udh g butuh duit apa gimana? mana udh pesen g bisa d batalin... kepalang lapar beli makan keluar, eh malah dateng... ga jelas emg.... GA USAH PESEN MAKAN LEWAT GO-FOOD LAGI SAYA SARANIN... UDH PADA MALES KYKNYA... DAH HEBAT",negatif
67ea8828-6ed3-4a92-a014-feac67c0d9c7,For You,5,2026-08-31 19:25:56,smp sejauh ini sih masih oke aplikasi dan driver nya..blm nemu yg aneh2.jadi ak kasih bintang 5 aja deh,positif
f7ffc0dc-9729-42de-af2b-d62c28bd402d,Sahid Budi Kurniawan,1,2026-08-31 18:42:48,apk nggak jelas,negatif
21b2d504-aee7-4e66-b3e1-8115b5d9954b,Ahmad Hendro,1,2026-08-31 18:32:38,"mf, skli lgi,,, sya pengguna aplikasi GOJEK SDH sangat lma,,, SMPK hri ini Bru SGT KECeWaaaa,, sya KCI bngt 1 cocok buat anda,,, mzlh mahaL, pesen susah",negatif
726cffd8-c018-495f-935b-7712a3d88252,Wulan Kartika,5,2026-08-31 18:30:54,"pertolongan pertama anak kost yg Bru mrintis kerja ,ga perlu beli motor , gas pol pke gojek, tapi kadang yg hemat susah ya dpt drivernya, mungkin Krn ga bnyk driver yg ga dftr hemat, jdi mungkin kl bisa lebih di tingkatkan lagi, but okelah, namnya juga beda hrga, pasti beda kualitas ya kl kata org, tapi kl gojek bisa atasi ketimpangan ini, pasti jauh lebih kuerennnn🔥, thnkyou",positif
f14c2d04-6818-43b2-bfe0-1585663b47a9,Teza Mlyptr,1,2026-08-31 18:21:26,makin lama performa nya turun. ga cuma dari gojeknya tapi drivernya juga.,negatif
71db0656-3274-4631-8faa-f80521b1942b,Ambalan,1,2026-08-31 18:19:17,"Kecewa dengan sistem GoTransit dan penanganan customer service-nya. Saya memilih GoTransit karena harganya lebih murah meskipun harus mengorbankan waktu dan tenaga untuk transit. Namun ketika perjalanan saya tidak berjalan sesuai tujuan yang seharusnya, saldo GoPay saya tetap dianggap akan terpotong Rp47.000 dengan alasan transaksi “terjadwal”.",negatif
19221455-a3b7-471c-a01e-6ccbf8c0df5a,Rifa Atun,5,2026-08-31 17:38:18,"memudahkan bgt, TPI kdng klo emng lgi padat kaya lebaran gitu dia susah bgt di dptnya ga lama si bbrpa menit doang best deh",positif
ac3c1a49-4a41-42cf-b588-65488908f572,Fahri 03,5,2026-08-31 17:14:20,selalu puas dan selalu jadi pelanggan setia,positif
9782dafd-06ab-4e38-bab9-3b94d4bd78dd,Stc rafa,1,2026-08-31 16:30:53,apa k untungn gojk KLO d aplikasi customer driver GK jalan jlan pdahal driver SDH sampe .. aplikasi adu domba dongo gjk d pegang s Dora/cahtrine pea,negatif
44422746-c4c0-4999-927b-b80798067528,Luhung Pambudi,1,2026-08-31 15:38:28,INI KOK MALAH MAHAL BANGET ?!! ANEH NIH GOJEK,negatif
256a2e90-c1a5-4578-9a4c-4bf10fb855ca,Irene Jovani,1,2026-08-31 15:17:14,"semena2 bgt gojek ini batalin pesananku pdhl udah nunggu lama ga dpt driver, kan udahh laperr, pas pesen lg nunggunya lama lagi buat dpt driver, perasaan byk deh driver tp kek ga mau ambil orderan akuhh tu knp ya sedih bgt, sistemnya jgn suka batalin seenak jidat bisa ga si!! aku msh sabar nunggu mlh dibatalin, apk ini jelek skrg, mana chat cs bot semua lagi yg jwb ga ada solusi",negatif
2a477381-dc59-420e-b6b1-17300a0cd2f0,Cece Sucidwip,5,2026-08-31 15:09:19,sangat baik sabar menunggu,positif
de8c7eb8-65e4-4e19-99d4-d6e8d9bcfe95,aalyaxf,2,2026-08-31 14:55:25,kenapa sekarang untuk gofood gabisa masukin voucher sihh?,negatif
f9d38180-756f-4848-8277-9fdd427e8619,Maitradhammawijaya 123,1,2026-08-31 14:28:19,buat driver kalo emang ga niat kerja gausah kerja dari pada ngecancel mulu,negatif
be6fb18e-3d32-4f6d-8975-d7551298fd1e,nadia azhra,1,2026-08-31 14:16:21,kebetulan lagi apes dpt info tmn gojek lebih murah dri sebelah eh tadi order gojek trs di maki maki driver krna lama katanya keluar nya ya allah parah ya baru kali ini🤣 pesen ojek di maki maki rute dri rsab ke cengkareng semoga driver yang maki2 saya tadi allah kasih azab aminnnnnn🤲🏻 semoga bacaa yaa saya jalan kaki dari loby gendong anak sakit smpe di luar di cencel lalu di maki maki semoga abangnya baca dan semoga abang dpt balesan dari allah aminn🤲🏻,negatif
7261e763-76d8-41e3-9b7d-1ae977103079,amanda nur Azizah,1,2026-08-31 12:45:41,gojek aneh pesan makanan tapi ga di proses dan ga dapat driver tapi di suruh nunggu satu jam setengah lebih ku hapus apk ni makin ga jelas udah tau orang lapar malah di suruh nunggu selama itu knpa ga di cancel aja klo sudah setengah jam,negatif
0044fe23-06b4-4cee-8ea9-4dd949c1d4c7,Jenz,1,2026-08-31 12:04:48,Chat ke CS seperti chat dgn robot!! minta bantuan cancelin orderan makanan saja tidak terbantu sama skali. akhir2 ini para driver ngak mau ambil orderan terus sampai berjam2 lamanya nunggu buat dapat driver!!!,negatif
7303c013-52ca-4002-81db-96ccf8db6eca,King Emyu,2,2026-08-31 11:43:05,makin kesini koin yang dikasih makin dikit gg. jadi gak semangat lagi kumpulin koin kalo kaya gini mh,negatif
b80e78bd-4a78-445b-a429-828ef5d7ac53,Areta Dipta Pradhani,1,2026-08-31 11:02:22,"aplikasi stress, padahal dulu kalaupun pake pengantaran hemat ga pernah sampe sejam anjir. tadi pesen gofood nunggu satu jam ga dianter anter ya Allah, akhirnya disuruh batalkan pesanan.. apaan dah😹",negatif
fa25d1a5-54c2-4769-afb3-86314947c268,Al faris Moh al,1,2026-08-31 10:48:44,susah mendaftar masuk. masa sudah di kirim kode otp dengan waktu 30detik baru cepat sekali habis waktu nya. terus lama pengiriman otp ke WhatsApp dan Malahan menunggu sampai habis waktu nya baru muncul kode otp di WhatsApp,negatif
047254f2-dce0-48f6-b5bd-2f3c5aa7cfbe,mei,5,2026-08-31 09:52:56,"aplikasinya bagus, cuma agak geram aja sama drivernya, susah carinya, kadnag dapet itu jauh poll padahal nunggu lama mlah bilang kejauhan, disini udah sabar nunggu bela-belain mau telat gara"" driver ga bertanggung jawab, tolong dong tingkatin lagu kualitasnya, terimakasih",positif
45a5a0e1-c9aa-4a8c-a367-f951f37f2bfd,Agus Faisal,2,2026-08-31 09:14:35,DARI DULU KENAPA KALO PESAN GOJEK DRIVERNYA DIKASIH YANG JAUH....PADAHAL DISEKITAR SITU BANYAK DRIVER NGANGGUR....TOLONG KEBIJAKAN GUOBLOK JANGAN DITERUS TERUSIN,negatif
39b99f69-2022-4eac-8db4-8148b36d72f6,egi bournolli,5,2026-08-31 09:01:03,kasih choice untuk memesankan untuk orang lain jadi tidak ada kendala jarak dari titik lokasi .,positif
e4eabf88-82dd-4c2e-9862-0623b4a4f9ef,Ade Atma,5,2026-08-31 08:36:12,mantap banyak discount nya👍👍👍👍👍,positif
147e702f-a271-4829-9ee1-654592b5529b,Sant Laurant,1,2026-08-31 08:32:48,"gajelas pesen makan udah sejam lebih ga sampai2 mana susah dpt driver juga, lapor ke cs nya juga ga di apa apa in.",negatif
f270f8a5-0755-4ff4-8e43-3fdd803ff1c6,Septian Dirgantara,4,2026-08-31 08:08:54,"admin cs tolong baca ini buat perkembangan apk kalian. apk ini bagus, kurangnya cuma 1. metode pembayaran QRIS. toloong sediain metode qris dong biar gampang ga ribet topUp"".",positif
f8bd3794-aff7-487e-8cda-020f5aefde54,injunie,4,2026-08-31 07:57:43,"susa bgt dpt driver, uda pilih yg cepet tetep lama + dapet yg jauh drivernya, pdhl mesen dari jam 7.45 masuk kerja jam 8, sampe nya jam 8 pas, aga gila",positif
502e8d4a-7c09-4d0c-977b-70f71373cf11,Mandira Eka Ningrum,2,2026-08-31 07:54:00,Tolong dong perbaiki aplikasinya mengenai update pencarian driver yg pasti soalnya saya udh menunggu lama karna mau berangkat kerja smpe telat tpi ga ada kepastian sma drivernya jdinya mesti di cancel-cancel trus,negatif
dff2ab38-b665-4ebe-8d00-036893b8f05d,sugeng siswanto,5,2026-08-31 07:32:58,"good job, di tunggu promonya",positif
61cca848-2d55-455d-b509-83c536cacc70,Fico Widyatama,2,2026-08-31 06:50:39,tolong kasih fitur perbaiki titik jemput,negatif
f7410fa2-f5fb-460d-9714-36fc809a3e0d,Diva Media,5,2026-08-31 06:40:41,Kece banget sekarang,positif
d4cfad70-6872-4e77-ac21-222ac25396d4,Fadli Ardiansah,2,2026-08-31 06:29:30,aplikasi nya bagus cuma lama cari driver nya mesan dari jam 05:50 sampe jam 06 lebih ga dapat dapat udah gitu di batalin terus sama driver nya,negatif
41d73730-cfd2-49bf-ad6f-980e4de0ec4e,Ribut Budi Santoso,5,2026-08-31 06:25:25,goplater saya blum bisa di gunakan,positif
fbf011e9-5fd9-4ada-8347-8d62061e782e,Anfa Family,5,2026-08-31 06:04:36,"sat set, banyak promo juga😁",positif
f51c81ad-ca34-4654-a4a3-08363fb409f2,Bad Bud,1,2026-08-31 05:38:22,kalau ikut event wartrakcil ga bisa oper ya kalau yang lain bisa akun saya kok ga bisa di oper ya,negatif
44c53c53-1e8d-48be-b1bf-db1826d16626,Shirogane Hana,1,2026-08-31 02:32:56,"sangat kecewa sekali, menunggu 1 jam lebih dari jam 1 pagi sampai sekarang setengah 3 pagi belum ada datang pesanan dan tiba tiba pesanan di batalkan sungguh menunggu harapan palsu kah ini ? kompensasi nya apa ? sungguh kecewa jangan harap merubah rating ini",negatif
74d1aa75-5b3f-493e-9453-64e052c99b32,Kharisma Rizky,1,2026-08-31 00:56:53,"Tidak pernah telat byr pinjaman,knp belum tgl jatuh tempo nya,sudah mendapat chat intimidasi...",negatif
7957d311-3939-423a-a5c1-62800cdcac0a,revamufid,1,2026-08-31 00:21:37,"apalah pengiriman lama, udah nunggu berjam-jam taunya di cancel ama tokonya, kalo emng gamau menerima pesanan dari awal aja cancel masa udh nunggu berjam-jam malah di batalin gitu ajaa, mana dapet driver susah pulaa",negatif
7bacf00d-311a-47ca-b480-6dc6599a210b,Muhammad Anes,5,2026-08-30 23:50:34,cepat sat set,positif
3787823d-43c4-427b-8840-33eef14f8df0,Romi Fernando Pasaribu,5,2026-08-30 23:28:58,selektif lg utk para driver yg tempramen,positif
e5d18692-0466-4492-a190-3744c0717503,Acha,2,2026-08-30 23:01:32,"dear admin gojek, tolong dong bilangin keseluruhan driver gojeknya jangan pernah nanyain soalnya status hubungan, karna gak semua orang nyaman ditanyain kayak gitu termasuk saya, udah 2 kali loh selama naik gojek ini saya ditanyain kek gitu, terus disama-samakan dengan mereka yang juga merasa dirinya jomblo, kek kesannya itu mengganggu privasi seseorang loh😏",negatif
16a129c4-fab2-4b44-84dd-88c64d717d7d,Ano Nim,1,2026-08-30 22:14:51,"CS tidak ada respon sama sekali, saya ingin membatalkan pemesanan karena resto tutup, padahal sudah ada 4 driver yang telepon saya.",negatif
acb4c1ac-cd1e-498e-9e25-652b87a0ae0a,Cut Fny,1,2026-08-30 21:49:02,ga driver ga app lama.,negatif
5fad0273-1b32-4afd-8e83-5e7084102d2f,Angga Widyat,1,2026-08-30 21:29:43,"Ga suport kalo lokasinya pinggiran kota, lagi dan lagi",negatif
fe45d211-f15b-4dc6-9246-313507bfc2ff,Ogi Dwi Antoro,1,2026-08-30 21:28:27,makanan dah dimasak ga diambil driver spe tutup,negatif
89c5f0a5-3a0a-4ebd-99cf-16c39c125a1c,Rosa Anne,1,2026-08-30 21:07:13,"pelayanan gofood gak sesuai, tertulis pesanan sudah diproses, driver juga sudah dapat, nunggu sampai 1,5 jam gak datang datang, driver ditelpon katanya gak dapat orderan (padahal sy bisa telpon drivernya karena chat yang ada).",negatif
d9b7813e-d623-4ac3-a95f-395b93533937,Eldo Pratama,1,2026-08-30 20:45:39,Tolong hubungi semua driver gojek. masa saya pesen makan ga ada yang mau terima. kalo masalah uang bisa saya lebihin untum driver masa ga ada yang mau anter makanan saya. sumpah kecewa saya sama semua driver gojek,negatif
8748ff97-055e-4145-9765-70f1f9515b5e,Laela Muvidah,2,2026-08-30 19:52:04,"udh dua kali pesenan ga dapet"" driver, nunggu lamaa dan ujung"" nya dibatalin krna resto nya udh tutup pdhl waktu pesen dan nunggu belum tutup kocakk, kek ga niat inih apk nya",negatif
2ca7bc02-99da-41ab-8810-73cfd17f2c0d,manusia aku,1,2026-08-30 19:39:00,"driver mboh kemana , pada ga mau ambil pesanan lucu , lebih ok shopeefood dan grab food , nunggu 1 jam lebih ga dapet kompensasi",negatif
73eaeaa5-d11f-4865-8753-d65017107ab6,Ilham Panca Prakosa,1,2026-08-30 19:25:28,nge bug di masalah pengiriman makanan,negatif
90ceb9c4-b5a4-4740-9058-f757a629d615,Ovina Indiani,1,2026-08-30 19:06:06,"saya pesan gofood hampir 4 jam bela""in nunggu malah d cancel trus, klau gk demi ortu pengen beli itu makanan gk akan aku bela""in nunggu sebegitu lama nya . driver pilih"" orderan giliran gk d kasih orderan sambat sepi . gojek pun klau kasih diskon juga jgn terlalu gede"" banget itu bikin para driver kalian malas buat trima orderan. PARAH",negatif
3434400b-9495-44eb-8bea-8f4d59b30729,Dualima Snack Solo,1,2026-08-30 18:58:57,gofood tolong di perbaiki..pesan masakan sudah dibuat kan resto tapi tidak diambil selama 1jam..sehingga masakan dingin. harus cari gosend untuk ambil makanan tersebut..,negatif
9f7e82da-9dba-4915-b41a-1acc0b0e7039,Muhammad Raihan,1,2026-08-30 18:56:24,lama drivernya sekalinya dapet nurunin penumpang dulu dimana tau,negatif
f5f8833f-516c-46a6-ba8b-4f5d9affaab7,Yosafat Pakpahan,1,2026-08-30 18:31:24,pesen gofood statusnya menyiapkan makanan sampe 2 jam-an dan pada akhirnya pun di cancel paksa dari pihak gojeknya. Saya sudah mengalami ini 7 kali berturut turut.,negatif
60cff260-30f6-49a1-b3f6-c73ea0a7f66e,Cviaa Via,2,2026-08-30 18:14:11,"ini ya untuk driver"" gojek kalo udh tau motor kalian ngerasa besar gk bisa bawa barang jangan makasain ngambil gosend ya, nyusahin CS aja kalian kerja kok milih""",negatif
3b1dcf8e-c99a-4d6f-a79a-48e0ece76748,Nasrul Gansss,1,2026-08-30 18:06:48,driver nya ga ramah hampir sya pesen gak sesuai dapat vario dateng nya lain aplhhhh huft,negatif
345bc7e3-302b-4be3-98d5-fc36f01866a6,Siti Fahila Novetry,1,2026-08-30 17:34:48,"sangat buruuk, UANG SAYA HILANG DI BAWA KURIRR. MINTA BANTUAN DI GOJEK GAK ADA TINDAKAN APA APA. BAIK BAIK PILIH APLIKASI!!",negatif
6f9c41a3-7504-49f2-b8f0-f6016f8013f2,Ari Pratama,1,2026-08-30 17:10:33,ongkir berubah tiba2 naik harganya ada ngebug atau gmna? aplikasi jelek mending pake grab,negatif
bd16b6ac-8164-4aa8-9f9e-8aafef61acd1,raturaru theza,5,2026-08-30 17:04:19,semoga apk nx jujur dn mudah,positif
de3773aa-6bc1-4b37-9f09-59b54873f1b1,Muhammad Hudan Raya,1,2026-08-30 16:56:02,"pesan 2 kali dengan discount yang sama ternyata ga ada driver yang mau ambil, apa karna discount nya? tapi itu kan fitur dari aplikasinya hadeh",negatif
5ca34156-8548-46ac-ab68-fb891a8e0e52,Yhoangga Ksp,1,2026-08-30 16:44:08,"ongkir murah sama cepat sama aja, estimasi waktu tidak pernah sesuai",negatif
55ac731e-d9a9-4a74-bdb8-035d0887b267,Prihantini,5,2026-08-30 16:17:40,Mau cepat atau paket hemat selalu tersedia armadanya dengan cepat.,positif
ffb3d935-ef19-46c4-b396-526854cf094c,Trisna fauzan Trisna,5,2026-08-30 16:12:32,"Tolong.. potongan untuk driver nya, jangan besar sekali,kasihan driver nya,dapat uang nya kecil..🙏",positif
4e30e588-ad4e-4832-83c5-7a4b45970f05,re azalea,1,2026-08-30 15:34:03,"kalo gada driver yg mau ngambil tu coba gausah nunggu sejam bru bisa batalin, dikira orng ga laper apa",negatif
52c85bd2-08fc-4051-9b6d-d4bf6141c71a,Muhammad Lutfi Hamzah,1,2026-08-30 14:44:18,GILAAAAA GUA UDH 2 HARI MESEN GO FOOD DTNG NYA SLALU TELAT ITS OKEY GUA PAKE ONGKIR MURAH JADI DTNG NYA SEKITAR 50 MENIT AN LAH INI UDH 1 JAM LEBIH 15 MENIT KAGAK DTNG DTNG MAKANAN GUA GG BET EMANG NIH APK SEHARUSNYA GUA DIKASIH VOUCHER DISKON NIHHHH DIKARENAKAN KETERLAMBATAN MAKANAN,negatif
e4383993-b8ca-4eba-8a69-c8d638919606,ratunur,1,2026-08-30 14:42:18,kenapa aplikasinya tiba-tiba gak bisa kebuka sama sekali??,negatif
d41c6ab6-3f49-423d-925d-c2a4709dc0d2,Kurnia Putera,1,2026-08-30 14:33:01,pesen food selalu lama waktu yang di kasih gak sesuai dari 14:25 - 14:35 selalu nambah naik bertahap malah smpe 14:40-14:50 GAK JELAS BAGET ASLI. bisa nambah lagi ini waktu tunggu nya,negatif
d07a825f-c243-4fee-b516-7c2f26679933,Afra nurul,2,2026-08-30 14:31:49,kalo pesan gofood pake vocher lama sekali (1 sampai2 jam) dan tbtb sistem malah minta suruh batalin pesanan,negatif
433797ac-95f9-4c18-a094-e84978d1420b,Almira Sharliz,2,2026-08-30 14:30:47,cri driverny lama smpe mknn ku dh benyek jd gk enak dn dingin. jg sma yg misal titik jmpt dh bnr dimna kitny pas di pesen tb tb titik jmpt ny ganti jjr ini ngeselin bngt krn buat ak jln udh 3x kek gini apalgi di posisi lg cpek cpekny.,negatif
2098e1b3-e18c-4fa4-8c79-83f62cc103ad,Putri Sari Agustini,1,2026-08-30 14:24:28,gofood uda nunggu lama eh di batalin gadapat drivernya. sulit bngt yaa,negatif
b9eb0ce3-74b7-48ae-a38f-250e6c72d19b,Syifa Hasna,2,2026-08-30 14:05:33,"tolong banget.... kalo memang gaada driver yg mau ambil, jangan nyuruh kt nunggu dulu 1 jam br dikasih gau gaada driver..... buang-buang waktu tau ga, gila ya :)",negatif
da0987c5-1ea0-4d7b-a7f2-44cb53c9e745,Desmon Desmon,1,2026-08-30 14:00:58,smoga ada ojek online selain ini,negatif
62daefb7-a329-485c-acea-567b427cdd15,hendra giri,5,2026-08-30 13:33:58,aplikasi yg sudah pas di hati,positif
ec8ed71c-2b87-4b08-af1a-5dd4e1cd0450,Andi Yuliana,5,2026-08-30 13:32:06,sangat membantu bagi kami wali santri dari luar provinsi untuk mengirim paket untuk anak kami yang mondok,positif
f2e2b2de-e068-46c1-a905-6e6d6296932d,Yesaya Elaby,1,2026-08-30 13:25:30,app tolol yg murah malah dilamain,negatif
6bba53a7-8036-4f33-beaf-cb56df909523,Jaelani Ganteng,5,2026-08-30 13:17:04,pulang kerja males keluar atau hari weken males macet2tan antri2an tinggal pesen gofood saja duduk santai di rumah sambil nonton tv pesananya sudah sampai depan rumah,positif
e54e2c29-c521-40a5-8729-796a73d536a5,Alfi Saja,1,2026-08-30 13:15:30,"susah bet nyari driver di malkot jir, sesepi itu kah",negatif
7bc4b12f-9f35-4380-8695-d398abfb1cf8,azzuramav,1,2026-08-30 13:14:28,kenapa susah amat mau ngehubungin CS ga kaya yg lain langsung terhubung,negatif
86aab1fa-2d63-4207-9e21-72ae2322e539,Rama Doni,5,2026-08-30 13:07:17,sangat memudahkan kita,positif
666fe9e7-6997-4d36-b84e-9fd622c7f488,Sanggitha Ade Marta,1,2026-08-30 13:05:41,"mentang² pakai yang pengiriman murah gofood saya gak dapat² driver, padahal anak kost hemat",negatif
e2f5cb4e-f810-4cdd-91ae-9ec78e97e654,dhapamlnfrdz_,1,2026-08-30 13:04:46,"tolong drivernya dikondisikan kalo berkendara mohon disuruh hati-hati, masak saya udh 3 kali ini di tabrak ojol mana gaada tanggung jawabnya lagi",negatif
2016aa40-0d70-4f9e-8fae-4b011f6562a9,Ariya Anggara,1,2026-08-30 12:53:59,"apk sampah ga berguna,, mending di hapus aja,, saya pesen gofood tidak dapat driver sampai 5 persen dan 5 kli batal sampai 6 jam saya cuma mau pesan makan di apk ini,, terakhir dapat pun tidak ada,, tolong di tindak lanjuti para driver yang ada,, GrabFood lebih terbaik dan shopeefood, , terimakasih",negatif
a36562f4-7c2b-4932-8802-bd2e4a394e2d,Sanko Sms,1,2026-08-30 12:40:59,"setiap weekend lemot, pesen makanan confirmnya lamban, chat CS dapatnya BOOT gak bisa langsung kendalanya apa, makin ribet.",negatif
52783c5f-2cc2-4083-9cc8-1bd1747a6b1a,Ferintaaa,1,2026-08-30 12:30:16,"percuma ada fitur pengiriman hemat di layanan go-food, tp ga berguna. susah dapet driver, mending hapus aja fitur hematnya.",negatif
ad213530-28f7-4eb7-871d-120f58526199,Yunita Muljono,5,2026-08-30 12:24:06,"gercep, ramah penjemput/pengirim nya, sopan. kiranya tetap sehat & selamat dalam perjalanan melakukan tugas.",positif
33c5e8fc-5b22-42d8-8838-9f05f44b9055,Dandi Maulana,2,2026-08-30 12:18:29,banyak gojek yang ugal² bikin celaka pengendara lain terlebih lagi di bandung,negatif
7fe4dec3-1157-4b3e-b357-d0df4745dfe0,Fatam Atala,1,2026-08-30 11:27:27,stop muncul di iklan am gw,negatif
fb4b402f-e3ca-4084-91c5-d3580050046f,Iwan Kusumadi,1,2026-08-30 11:23:25,"map di aplikasi yang salah, malah membebankan biaya tambahan ke pelanggan",negatif
5cddbe1c-166b-4a09-901b-2d11e95b545d,Arya Rama Saputra,1,2026-08-30 11:22:09,apa sih ga pernah dapet driver selalu dicancel nunggu sejam abis itu dicancel mending gausah ada fitur hemat,negatif
8c5d9281-3fd5-422d-a123-523dccca53aa,Emilya Ina,5,2026-08-30 11:12:08,"aplikasinya baguss bangeet, and banyak promonya juga",positif
dad6c898-fbc2-479c-85c8-c8ae56d8cca2,Dedhik Setyawan,1,2026-08-30 10:57:08,Susah dapat driver,negatif
5221dc90-360c-422b-bd41-c9faf5b70e03,firman aza,5,2026-08-30 10:42:28,"Sangat Baik, Terus ditingkatkan utk service nya",positif
fae5d00a-f3b2-42b9-a2e4-75e61d4792c3,fadhil-aysar shop,1,2026-08-30 10:32:23,makanannya kurang 2,negatif
2b3b75d7-1d6e-41c4-8068-409f5835e13a,Ayesha Nabillah,4,2026-08-30 10:29:55,adain fitur Qrish pls,positif
e35d56cb-6bb6-4eeb-a233-368e310c1e87,Sgvfx XIII,1,2026-08-30 10:29:42,"kecewa pesen makanan gak lengkap, di komplain malah memihak penjual gak bener,",negatif
fda8b45a-6222-4111-b4d2-3b5e8b04eff9,Topan Saja,5,2026-08-30 09:20:44,pertama kali pakai gomark...mantap...tp kalau malam sepertinya susah utk cari drivernya,positif
a8c84067-48a5-4e57-88ba-4c3f631d1121,caretaker cat,1,2026-08-30 09:16:53,sistemnya bagaimana sih? saya punya simpanan gopay ratusan ribu tapi sistemnya pilih bayar cash melulu. kadang saya yang di suruh mesenin GO-SEND sering lihat bayar pakai cash.,negatif
226598b3-a295-41f6-9948-55e4e2530078,refiona aisyah,5,2026-08-30 08:45:51,"BAAGUSS, love gojek🫰🏻",positif
042a55a1-216a-4352-a2fa-4ba0c0afa99c,Axisngelag Parah,1,2026-08-30 08:03:53,nyari driver lamanya minta ampun mending grab,negatif
fdf2395b-287f-4aa9-8360-076bd06e2920,Milfy Eku,1,2026-08-30 07:30:25,"Order gofood beli ayam yang porsi jumbo tapi orderan salah malah yang kecil. kasih laporan udah foto. diminta foto lagi, lah dikira orang punya waktu lagi buat nunggu!? ya jelas dah dimakan lah,dikira orang kepepet waktu kerja ada waktu kah buat nunggu order lagi? aplikasi GAJE",negatif
a4f3a350-e54b-4bcc-8150-ac0b12292300,feldy maulana,4,2026-08-30 06:49:15,"Kenapa akhir akhir ini pesan Gojek lama banget dapat driver nya, tolong perbaiki",positif
db6e2e10-3506-4465-992b-7bbe015a5c4b,Sellya Nazril,1,2026-08-30 06:20:40,aplikasi apaan si akun ga di apa apain malah di bekukan pekk,negatif
0f6846ef-3b7b-4ba6-859d-d62d45e44478,Yodi Taupik,1,2026-08-30 00:14:36,banyak kerugian resto driver dan costumer tolong di benahi lagi masa saya pesan makanan resto sudah bikin driver ngak ada yg nyaut,negatif
fe82675d-3ede-48cc-9c63-9730d65d18f4,Hendar Jntexpres,1,2026-08-30 00:06:12,jm 23:00 g da driver...mknya klo bayar driver yg bnr ....skr susah cari drivernya,negatif
2286fc00-8509-48f3-8016-af317f6d1cb0,Didiya Yaya,5,2026-08-29 23:48:05,aplikasi nya sangat sangat berguna banget untuk berpergian sendirian tanpa harus bingung mau naik apa. terimakasih buat aplikasi gojek sangat berguna dan seru. aku kasih bintang 5 ⭐⭐⭐⭐⭐,positif
29c7f820-b90a-4d10-b7b9-dd3b79920902,Sese Alsfore,5,2026-08-29 23:17:57,sangat membantu saat mengantar ibu untuk cuci darah,positif
010e4108-acdf-4e0c-b4ba-dd49f4fe0021,Lavanya Faradisa,1,2026-08-29 23:14:01,gojek yg nentuin estimasi gojek yg buat promo gojek pula yg kabur dari komplain pelanggan,negatif
133edd1c-c383-414f-a867-9e68a8c401eb,Michael,1,2026-08-29 23:10:41,bad rating bgt buat ni apk masa nunggu seporsi nasi goreng doang nunggu ampe 2 jam mentang mentang aku beli 1PORSI DOANG YA??? GUA LAPAR ANZENG apk macam apa ini👎👎,negatif
4ff86a27-4c59-41e2-9e8d-777fea491030,Aroyan Alfarizi,1,2026-08-29 22:46:56,makin kesini bukan nya makin lancar.malah makin susah dapat driver apalagi pesan gofood.sampai 1 2 jam baru dateng jdi males pesen gofod sekarang,negatif
d46e6111-45f4-4cbc-bb83-ff074430ed0c,Kim-,1,2026-08-29 22:40:37,"bodoh banget, berapa kali mesen makanan drivernya 2x ngilang padahal udah di tungguin terus ini mesen lagi malah ga dapat driver hampir set jam dari tenggat waktu yg di tentukan.. tolol banget ini apk sumpah",negatif
9abb6dd2-1b1c-4f9b-a245-e353c34a04b3,Alia Nur idzah,1,2026-08-29 22:28:39,"knp sih kalo pilih hemat jarang ada driver yg angkut, klo emng pd ga mau angkut gausah diadain yg hemat kaliiii",negatif
b392d195-8f32-4dbb-baed-7b7a07c70a50,Revand Christian Kurniawan,1,2026-08-29 21:37:15,saya nunggu 2 jam gak datang datang eh malah di cancel padahal Saya nunggu sabar,negatif
ee1ca015-f44c-4c13-9a84-2c13d2f0f703,Zy,2,2026-08-29 21:17:16,selalu bug saat ingin mengechat dengan driver,negatif
ef451e6f-ebc8-40ca-8d1b-86a083377099,Dwiva Dirgantara,1,2026-08-29 21:06:41,"melakukan transaksi tanpa ada pemberitahuan kepada saya, berarti keamanan gopay itu sampah, siapa yang melakukan transaksi dgn gopay saya? sy tidak pernah punya akun tiktok tolong telusuri, saya merasa sangat kecewa dgn sikap kalian ini tidak membantu saya uang saya raip, tolong Carikan akun tiktok yang melakukan transaksi dgn gopay saya, kalo itu akun sy pribadi sy ikhlas uang saya hilang, tapi sy tidak pernah melakukan transaksi seperti itu, brarti akun gopay saya diretas, su tidak pern",negatif
969be8fd-b5cd-4f1d-a662-3dffcf61b501,Inimaki,2,2026-08-29 20:56:23,"MAHAL BGT KADANG, TRS LAMA BGT YG LAPER KEBURU DITANAH 😡😡😡😡😡😡",negatif
2cae87c0-251c-46c5-8962-74d7a8ad92ae,Fitriyah Anggraini,5,2026-08-29 20:47:55,"udh santai drumah, harga jg lebih murah drpd offline",positif
aaffe4de-db50-4f15-ac0a-e5dfa323352c,Sastria Sasti,5,2026-08-29 20:18:08,cepat dan terpercaya,positif
8249d20f-3a52-4144-a28d-4bd09aa7b2db,diandra salva,2,2026-08-29 19:37:57,"kalo pake fitur hemat ongkir Gofood, pasti susah dapet driver. sering ujung² nya pesenan ny dibatalin karna gaada driver yang mau ambil. kalo driver pada gamau kenapa harus ada fitur itu. cape nungguin tau² nya pesenan dibatalin.",negatif
54b91a8d-b9b7-40cb-b244-14e6b2ecc2ac,Aditya Ramadhani,1,2026-08-29 19:27:11,benerin titik pengantarannya oy ga sesuai,negatif
33faf2af-5afa-41aa-b991-aa3a1f3f6ad0,Stefany Sarah 123,1,2026-08-29 19:23:29,"tolong banget nih ya, makanan nya belum dimasak, driver nya belum dapat; susah banget buat dapat driver, nunggu makanan nya lama, udah lama nunggu ternyata dibatalin. tolong kalau drivernya ga dapet dan udah lama nunggu, please banget Adain fitur untuk MEMBATALKAN, makanannya pun belum dimasak itu, pembeli yang rugi waktunya menunggu sia-sia.",negatif
14b9a60e-1235-46e2-aabb-f584f65f27d8,Yenny Jimmy,1,2026-08-29 19:20:45,terlalu banyak notifikasi tidak penting,negatif
0c282a4a-0577-431f-9fb2-ca816eea9ae6,29chyau,1,2026-08-29 19:08:29,eror terus !!! gagal terus pesen makanan!!! disuruh nunggu 1 jam malah gagal terus makanan nya!!!! aplikasi sampah!!!!,negatif
d6be2157-499d-4707-854e-18e94dcead8e,Akudav official Akudav,1,2026-08-29 19:05:33,kenapa saya mesan makanan ada gangguan teknik padahal saya punya data paket,negatif
a741d078-6243-4c6a-985e-8b7e1435ad5c,Agung Shm,4,2026-08-29 18:56:37,Sangat bermanfaat tapi dilokasi&waktu ttt akses lama.,positif
753f0ff6-eff1-4aef-a784-255930353144,Adzkiya khaira Rere,1,2026-08-29 18:55:49,"ga punya app melolo, tp 2x gopay gw di pot buat app melolo. uda laporan 1x ga ada tdk lanjut, eh skrg di pot lgi. emang rada2 neh gojek.",negatif
6534af6e-36aa-4ef1-9c2c-9fdf1fadb9c1,Eriggs Ball,1,2026-08-29 18:30:51,"driver pemalas, mau minta antar atau pesan makanan masa nunggunya hampir 2 jam + ujung ujungnya batal😂",negatif
195e8a5c-0c09-4516-8160-0ca1606e5e6a,Cahaya falina,1,2026-08-29 18:30:28,"sudah beberapa kali saya main gopay, selalu saja pas mau menang tiba"" notif internet gk ada atau tiba"" lngsung end game, padahal saya belum nekan apa"", dan skrg pun gopay coin hadiahnya tambah dikit dan kebanyakan hadiah ruby, kalau buat game jgn tiba"" ubah gitu dong, gk konsisten dan jadinya malas main!, pdhal dulu game nya bagus"" dan asik, skrg kualitasnya tambah turun, L for gojek game!",negatif
c68f1c3c-705f-480e-8444-8db19d9912f5,Kang Somay,1,2026-08-29 16:27:40,mahal banget ongkirnya ini 1 jam aja hampir harga 100 ribuan tidak mutu buruk,negatif
9690fc92-f762-4771-add3-f2f80bb7c6a6,Febry Aji,1,2026-08-29 15:59:24,tolong di perbaiki lagi tiap mau login gopay / gojek verifikasi wajah gaga Mulu 😠😠😠😠😠😠😠,negatif
29df7a97-8d66-4b52-a935-0d7ea595f5cd,Sartini 7,1,2026-08-29 15:52:39,"hari ini pesan gojek 15.500 sy cancel karna drivernya terlalu jauh, sy pesan ulang tarifnya jadi 20rb😭",negatif
989e0346-8920-40ab-b4d5-41a3c6ee8c27,Saidan Pahmi,2,2026-08-29 15:50:20,Sekarang tidak bisa memantau posisi gofood,negatif
b5fe3ff5-38fc-462d-b4b5-785794b00de7,Fan Brt'z,1,2026-08-29 15:36:41,"makin sini makin parah posisi dmn dapet driver jauh"" terus",negatif
a62ff749-79e2-4ea9-8dfd-8148757713db,Naufal Imtiyaz,1,2026-08-29 15:02:07,order gofood udah nunggu 1 jam 30 menit malah dibatalin,negatif
c9b4a9e7-7d52-48bb-9893-a753fcfc168b,Mohammad Maulana,5,2026-08-29 14:34:50,Cepat tepat dan nyaman,positif
a57d4886-64c5-4c3a-a035-2fefadc0cd42,HDW Gaming,1,2026-08-29 13:17:18,"tolong dong buat driver-driver gocar yang nakal tidak mau gerak hanya diam saja diberikan pelanggaran karena saya sendiri sudah mengalaminya hari ini sekitar 4 driver gocar yang hanya diam tanpa kejelasan dan jika mau membatalkan booking malah ada tulisan akan dikenakan denda Rp.3.000 untuk menghargai waktu driver, lantas waktu bagi yang memesan tidak diberi harga sama sekali kah???",negatif
432edba7-66aa-425e-b738-bce4cdf768cb,surdianto sip50,1,2026-08-29 12:50:39,"sulit sekali menggunakan fitur chat di gosend, telepon ga pernah nyambung, mau kirim nomor diblok akhirnya paket jd ga jelas",negatif
a43ef98c-215d-4cba-9a7b-085fe63b1f2e,Sarah Nur Fitriani,5,2026-08-29 12:42:33,"gojekk apk termurah, selalu ngasih voucher terus makasii yaa jek ❤️, terus drivernya juga pada ramah dan baik baikk, oh yaa mapnya juga baguss enak diliat ga kayak apk lainn, terus ada koin juga, baguss deh pokoknya i love youu gojekk, penyelamat hidupku, kadang lebih murahan pake gojek daripada angkot jirr, semoga apknya semakin berkembang yaa, banyak yang pakee, sejahtera juga buat driver maupun penumpangnyaa 🤗.. 🫂⚘️🫰🏻",positif
b4e03fdb-0dbd-4ba0-a216-cbfdde2915cf,Jonatan Silitonga,1,2026-08-29 12:24:37,"langganan 7000 perjalanan,masa iya gk bisa dipakai,jarak 500m aja 8000,mana gk bisa dibatalkan dan balik dana gopay nya",negatif
614add3b-409a-4fe5-8a3e-cd14766c099e,Rizky Hariady,1,2026-08-29 12:23:23,mau mesan makanan udh mengatur semua alamat tapi peta di tunjukan selalu beda dengan alamat saya tidak senang dengan aplikasi ini!!!,negatif
0cfbc4bb-fea8-489c-aa09-786f1c1275ab,Fii Faii,2,2026-08-29 11:49:46,masa gda gratis ongkir mahal lagi lelett,negatif
834e7788-4282-4efa-a191-4ff39d3559c7,apleast Think,1,2026-08-29 11:45:37,benci banget sama aplikasi ini karena rata2 kurir gada yg sopan. kadang motor yg di dapet juga beda plat sama ga enak bawanya. beda sama yg sebelah .,negatif
b4847c72-a122-4017-a0a7-45ef3d8fc411,Sania Kharisma,1,2026-08-29 11:20:31,Payah banget sekarang,negatif
d587cea7-ee0c-4cb0-ba59-5e10e42306a9,Jawara Jawara,1,2026-08-29 10:31:19,"banyak castamer ... yang kaga menghargai dliver , dan tolong di pertimbangkan untuk PT gojek indonesia , castamer banyak yang seenaknya sendiri pakek komen"" yang kaga jelas ...kayak bocah",negatif
8a72427e-433b-4aa0-ae25-9ebc9930be14,M Jafar,1,2026-08-29 10:22:45,"Tolong Driver nya dikondisikan ya pihak GOJEK. terutama GOCAR sudah dapat driver tapi bisa 1 jam lebih tidak jemput, posisi driver tidak gerak dan tidak dicancel oleh driver nya. MERESAHKAN!",negatif
5c9e29c4-0f46-459b-8cab-e3b1796ffa79,Azahra Oktavia,5,2026-08-29 09:21:44,sangat membantu bagi saya yg gak bisa naik motor,positif
37cfa065-4c43-44e7-a064-52b89ac1351a,Faiz WCD Cikapundung,1,2026-08-29 09:20:01,susah masuk aneh aneh,negatif
c5f037cb-1645-4882-9f0d-b5cad1a1b272,Achmad Fauzan,1,2026-08-29 09:12:01,"khusus buat pelanggan kojek khususnya manusia yg suka mesen food...kalian itu kalo mesen makanan jangan suka nyuruh2 driver naro makanan diteras rumah kalian, yg mana pelanggan nyuruh driver buka pager rumah kalian cuma buat naro makanan (ini udah bukan zaman COVID) kalian kan masih punya kaki, keluar buat nerima makanan emang kenapa sih...",negatif
07f849dd-080b-4c90-b6da-652efbc21fca,Elinda Ramasari,5,2026-08-29 08:56:29,senang ketemu driver anak muda yg semangat cari nafkah. gak mager.,positif
e159c113-f82d-4cca-829e-91f810d18d6f,Jerapah kecil,5,2026-08-29 07:08:14,lebih cepqt dan mudah,positif
dafc84a2-bc8c-4573-8ea2-593ad91cb30a,Rony Melody,5,2026-08-29 06:50:55,cepat dan akurat,positif
3a56ad26-7c66-41e1-bf6a-3043972c45f2,Mitoshi Haruno,5,2026-08-29 06:08:23,sip sering ada peomo,positif
c53a5eab-8ab7-4dcf-b573-0dcfa697ce56,irwan bahtiyar,1,2026-08-29 03:01:59,"mau bayar gotagihan kq bisa Mala suruh perbarui os hp ,,merasa sangat dirugikan",negatif
8307117d-bc0e-4c4d-975a-bb5b2f000e18,Raihan Bachril ilmi,2,2026-08-29 00:06:12,min kenapa setiap pesen Makanan pakai gojek plus selalu susah dapat driver yang mau Nerima pesenan dan kalau udah di terima sama driver pasti selalu di batalin lagi,negatif
e55623f6-7edb-4b06-aede-1e4fa2cd20fe,Muhammad Hanif Arwani,1,2026-08-28 23:58:43,"sekarang kalau mesen gofood itu susah banget dapet ojolnya, beda sama di oren lebih cepet. seharusnya lebih berbenah lagi sistemnya",negatif
ab6b9da2-15f5-4a23-aa22-382590f9564a,Firza Adria,1,2026-08-28 22:35:38,RESPON CSNYA LAMA,negatif
90be4849-1aaf-406f-a901-6232644ccf7d,Hasan Hafiz,5,2026-08-28 22:29:40,bagus rapih dan keran,positif
5b012c9f-487c-4da8-8d62-da337bcdb898,Ardi Mahendra Gunadi,1,2026-08-28 21:01:30,"makin lama makin ngeselin gak ada promo, makin mahal.",negatif
5c9d7066-75a3-4663-8a48-e8c2431d7a66,Ach Mad,1,2026-08-28 20:58:13,Saya tidak akan membayar tagihan sunco 1 literan 7 dus karna sudah jelas penjual salah kirim 2 literan 7 dus terimakasih,negatif
112a9258-db38-4c2f-b6b1-6fbcd9126d0f,yuli anti,5,2026-08-28 20:42:26,aplikasi anak bangsa yg keren,positif
5b86108e-cb9d-45cb-bfeb-d2dc0437b097,Sammuel Zheke,2,2026-08-28 20:36:11,"Dapet ongkir Rp. 1 tapi tidak ada yang mengambil, sudah 3x saya pesan loh. Untuk apa dibuat discountnya jika tidak ada driver yang ingin mengambil?",negatif
fe2fe556-9afb-47cf-8258-12b7f3ee54de,Pengguna Google,4,2026-08-28 19:39:29,tingkatan terus..gratis ongkirnya dan diskon makanannya jangan kalah sama shopee,positif
bb604c37-c4b8-4f05-ac44-514c0145ed70,Rou rou,5,2026-08-28 19:32:06,"overall oke banget dan suka banyak promo, tapi tambahin fitur bayar pakai dana plss😔, atau qris gitu pas mau bayar makanan..",positif
95f8f0b2-1b81-41d5-9550-8bb7eca84120,Mikael Abdanu Imanuel,2,2026-08-28 19:07:52,bagus tapi iklan nya maksa bangetw woy,negatif
a509cb14-6dd9-40e6-be86-fd713ca734ea,sukaa matchaa,1,2026-08-28 19:03:09,"tolong dong cari gocar, goride susah bgtt udah ditunggu akhir""nya dicancel sumpahh kesel bgt, apalagi waktu buru"", tolongg lahh susah kale cari driver",negatif
c3a6f2bb-605c-48e8-8057-c5e0b9d3ea08,Irvan Gmail,1,2026-08-28 18:37:36,untuk pemakai gojek jngan asal Nemu alamat dan titik pengantaran .mohon di cek .karna kebodohan kalian kami jadi rugi bensin waktu dan tenaga .argo kita cuma di bayar 2000 per kilometer..kalian bayar full kami cuma nerimna 65%-70% doang,negatif
f5293238-444a-4e56-a1a2-52ef1dc437fb,Archadia Watanabe,1,2026-08-28 18:16:31,"driver suka banget lelet kalo jemput, kita harus nunggu 5 menit an baru mereka berangkat, dikira 5 menit itu sebentar kah? buat driver pemalas mending ga usah narik, di rumah aja bantuin istri",negatif
3fa9b2dc-7fc3-4fbd-b7f7-95f0ccd96f84,Rizcy Dwinanta,5,2026-08-28 17:17:09,"sangat senang, driver sangat ramah",positif
8371931c-c5d3-44ad-a6c7-e541ce13d470,dodi ariyanto,5,2026-08-28 17:07:25,Aplikasi nya sangt me,positif
c642e038-f018-46b5-9cb5-35e95ad000d4,Kuku Ruyuk,2,2026-08-28 16:27:38,"estimasi waktu tidak tepat, gofood datang lewat 20 menit dari estimasi",negatif
36e266f7-d7cd-4ac5-85c9-ca1e8b35a23e,Whilyan Pratama,1,2026-08-28 14:05:12,"pesen makan 2 jam gadapet driver, dibatalin pesen lagi ga dapet lagi. iya memang pakai ongkir murah, mungkin untuk rekan² driver ga worth. cuman ongkir standar untuk customer juga membebani. aplikator emang cukup maruk ambil persenan nya",negatif
a70ac9cc-3324-483a-910b-a364931cb7c9,Firdausyah,5,2026-08-28 13:53:33,"sangat membantu masyarakat luas. Terimakasih para Driver gojeg, Semoga selalu dalam lindungan ALLAH SWT. Aamiin 🤲 ♥️♥️😁👍",positif
cdb300fa-e25a-43af-9424-6458d34fdaf9,Lisa Margaretha Sugiarto,5,2026-08-28 13:37:37,Aplikasi layanan terbaik 😍🔥,positif
98ae60b9-c462-44bf-84f9-ec3fcbc58535,Egaa Mulyani,1,2026-08-28 13:37:12,"kalau 15 menit tidak ada driver yg bersedia mengambil orderan tolong cepat batalkan, nunggu batalkan harus 30-40 menit menunggu, iyaa kalau dapat driver kalau gak dapet? 30 menit nunggu nya gak ngotak bgt, perbaiki lagi sistem nya",negatif
c12bc36f-a532-462c-a3ac-4f525e1bfa23,Reski Riau,1,2026-08-28 13:35:04,gofood ongkir nya nggak ngotak mahal nya jarak 1 km aja ongkir nya 19 ribu dah gilak ni aplikasi,negatif
60615552-5d7d-480f-9d34-92649ce71ea5,Fujiyanti Astuti,1,2026-08-28 12:47:21,udah tarif mahal dpet driver suka lama sekalipun itu aku pake prioritas nambah ongkir dpet driver jauh2,negatif
0cf1df67-4b6f-407a-867c-391e627eee87,Heri Tasya,1,2026-08-28 12:46:24,mohon maaf gojek saya tidak ingin berlangganan gojek plus tapi kenapa tiba tiba saldo saya terpotong sendiri ya? tolong dong gmna wkwk,negatif
61de1357-fff1-4a29-9dd0-13d16d8701d1,Vira Ramadhani,1,2026-08-28 12:23:58,hanya 7 menit saya bisa menunggu tapi dibatalkan,negatif
cea9c246-1687-410b-8fa9-0650ae9f0c48,Rin Riin,1,2026-08-28 12:19:58,"susah cari driver terus, masa setiap saya pesan susah cari driver,gimana ini gojek?",negatif
36599a05-b6f0-4979-bfba-8bbca32d4fdb,sulis tiawati,1,2026-08-28 10:55:55,lagi laper beli makanan.nunggu 1 jam gak dapet driver.keburu mati,negatif
8bf328e0-4513-43d9-9d9e-1081f4df13b9,pitoalbani,1,2026-08-28 10:45:10,"terlalu bnyak perbedaan, layanan ekspres sama non ekspres",negatif
b22718cd-c3f9-4aef-9146-3417eec8db21,Bapa Hanif,5,2026-08-28 10:21:30,acc dong playlater gopay saya,positif
0e73c02b-d17e-4f74-930d-6d6ca2518537,Lina Astanti,1,2026-08-28 10:04:27,parah nih.... nggk ada pengamanannya.... driver bisa sesuka hati ngambil uang dengan alih2 parkir yg nggk sesuai nilainya... mau tak nilai sopirnya Ndak bisa... harusnya ada persetujuan dulu sih... biar driver nggk sesuka hati... dia sendiri yg milih masuk... kita yg dibebani parkir... pdhl saya pesennya udah DRI luar agar nggk kena parkir...!!!! malah masih dikenai parkir tnpa pemberitahuan... seharusnya ada pengaman sih... biar nggk asal comot aja nih si driver...,negatif
e29dc1bd-f5d1-42b6-8571-7dfbcf7a1874,Pawela Ambon,5,2026-08-28 09:51:21,"Mau ganti nada notifikasi, tp ngak jdi..",positif
86da16c9-cde2-42f9-a7d1-e8a98c577c09,Rahmat,2,2026-08-28 09:29:56,payah cari driver nya,negatif
191c035b-f3b5-4b1a-bf88-678154ea14c1,Erny Rachmawati,2,2026-08-28 08:48:38,pemesanan dan pembayaran gocar cepat tapi dipilihkan driver yg jauh dan lama. pdhl bukan diwaktu2 sibuk.,negatif
98171cd8-817e-4f49-a419-cb5e66441c8c,Euis Fadillah,5,2026-08-28 07:54:14,"sangat membantu, semoga lebih banyak lagi promo lainnya.",positif
49200bce-dba1-441b-948f-6b6325d1d7d5,Samuel Santoso,1,2026-08-28 07:29:22,"Niat punya driver becus g sih? dapat driver maknan sulit ok tp pas sekalinya dapat ditolak 3"" nya dan tau emang pilih murah tapi costumer juga itu lapar, paham g? udah driver ojek online malah ini makanan ditolak aneh, g niat mh g ush ada.",negatif
e93b9ed1-911b-4caf-a0d7-f5d34ccd7bda,dart design,1,2026-08-28 07:20:11,"kronologi : pesen gojek jam 5.56 yg harga 9rb ditungguin gak dapat², giliran dapat malah ditolak Ama drivernya.nyari lagi dong eh aplikasinya nyuruh yg harga 14.500 oke deh, klik gak dapat² juga udah jam 06.11,eh aplikasinya nyuruh yg harga 15.500 klik lagi dong katanya super cepat dapat driver nya eh gak dapat juga tuh nyuruh klik voucher tambahan 2000 biar cepet dapat driver ya Dewi gak mau kan, akhirnya Dewi dapat tuh dijam 06.16 hrga 15.500 eh tulisannya tiba dalam 6menit waktu berubah 7me",negatif
c7c6a9ee-d4eb-403e-82d5-8980c141598d,Aqim Prakoso,1,2026-08-28 06:46:02,"lagi buru buru, aplikasinya eror. Berkalo kali suruh coba lagi karena ada gangguan. hssss",negatif
1ecb9a46-2296-49ff-a8c4-94fa25f31d29,Asep Nandang Sukandar,5,2026-08-28 06:38:00,panjemputan pas .mantap trimakasih,positif
df63323d-2296-465d-aa71-72bb05cfc08d,Arsyi Rosa Angsana,1,2026-08-28 06:08:41,cari driver susah,negatif
611c20a8-44fb-4d71-9e6e-63dbbd6c4fbd,Talitha Isqha Qanita,1,2026-08-28 05:55:12,"Sekarang2 kebanyakan gangguannya nungguin drivernya lama terus gopaynya keptong pdahal cancel udah gtuh drivernya pada kagak btuh duit sombong2 kalo jauh trus pake promo dia engga bakalan nyaut padahal tinggal bilang engga bisa ini kita di diemin malesin banget . mendingan pake aplikasi sebelah , mau promo mau engga mau jauh mau deket tetep di bales dan kasih kepastian . pkknya nyesel banget isi gopay engga k pake drivernya iyuh",negatif
b31a96ab-166b-4da6-a7ff-4e29a7eed372,Sidni Rofenny,5,2026-08-28 03:31:38,"Apl Gojek telah sangat membantu berkehidupan saya sepanjang ini, keren, untuk transformasi sangat murah, untuk gofood sangat fleksibel, slalu ready siap antar secepat kilat apalagi dengan program paylaternya, semakin kita aktif semakin terus naik fasilitas limitnya dan itu sangat membantu dan meringankan, mashaallah,saya sudah akrab dg apl Gojek sudah dari berkali kali hp hilang dan ganti ganti hp baru, Trimakasih apl Gojek.",positif
cc9e7f07-20af-426a-a4e6-4ef505d68a68,Suhermanto Ulhe,1,2026-08-28 02:09:14,menunggu makanan dimasak selama lebih dari 40 menit. lalu mencari driver dan ternyata tidak dapat driver. sudah nunggu kurleb 1jam dibatalkan. parahhh,negatif
e1065dda-917f-40bd-bcf5-d2f9eb67f195,Dimas Bagus94,5,2026-08-28 01:33:27,bagus sangat baik,positif
4bce58ab-6797-4caa-ae60-01df1b52e4b8,usman amris85,5,2026-08-28 01:26:58,driver nya ramah dan baik serta cepat,positif
9e3275a9-7b36-4d4e-b945-6800603f112a,Yooo Panji satriaa,1,2026-08-28 00:28:35,min mohon respon nya saya sudah 3 hari kirim Gmail untuk ganti nomer di Karenakan kartu nya hilang jadi tidak bisa menerima kode otp nya dan Gmail saya juga lupa password jadi tidak bisa menerima kode otp nya juga mohon bantuan nya agar bisa login kembali dan saya sudah foto KTP dan foto wajah sambil megang KTP tolong bales min,negatif
a9270d2e-4bbe-4d6c-ad67-18c7201fbe45,Prima putra Daiva,1,2026-08-27 23:47:24,"Ini kenapa jadi gini ya, udah dapat driver tiba"" di cancel mana udah posisi laper bngt tolong ya, jngn lagi deh make sistem jam sekian baru dapat driver malah nyusahin tolong di perbaiki",negatif
be72a8b1-51a9-437a-8337-3d9e36294705,Dreams Project,1,2026-08-27 22:44:58,"pesen makanan udah nunggu 1,5 jam bahkan hampir 2 jam eh ga taunya ga di anter dan lambat konfirmasi padahal belinya ga sama sekali pake promo, kebangetan bgt si. mana sering dapet driver yg udah lansia di atas 57 tahun jadi susa komunikasi nya sering nyasar.",negatif
ec8259cb-50d7-41aa-b8d2-e19a445a7d41,Syafruddin Saleh,5,2026-08-27 22:18:41,"waktu tunggu yang tidak lama dan pengemudi rapih,bersih dan ramah, motor terawat",positif
934057d5-f4ac-4bbc-acbc-9a41da0c306e,Alvaro Angel,1,2026-08-27 22:15:04,percuma ngadain promo kalau ujung ujungnya di cancel,negatif
1d20bd0a-39c0-4254-bab3-f16b639297ad,Alfian 123,1,2026-08-27 21:24:45,gopay pinjam saya kenapa di blokir lagi aneh banget,negatif
46e7e3ef-4ad2-43b4-b023-7269ed294b20,mohamad nr,1,2026-08-27 21:24:22,mulai hari ini saya hapus aplikasi gojek dan gopay. saya ga punya tunggakan paylater di bekukan.,negatif
ae9c11ed-a79f-4eb0-8b2f-7bee8ea4f661,Muthmainnah Mustari,5,2026-08-27 20:41:32,pelayanan sangat bagus dan tepat waktu,positif
16321b9e-7eb3-4d78-8d03-c775e88c2059,Risa Aprillia,1,2026-08-27 20:26:01,sudah 3 kali pesan tidak bergerak terus akhirnya tercancel sendiri. keterangan gocar cepat tapi slowrespon udah nambah perioritas ternyata sama. saya nunggu mencari sampai 1 jam,negatif
e86e7df6-8160-49fe-819b-1185a0c46cf6,WaferSkuy 12,1,2026-08-27 19:38:05,dapet bintang satu aja ga berhak,negatif
d3c5937a-e895-41a5-bc45-fa2fbf71c939,Work Around,4,2026-08-27 19:08:49,Membantu disaat darurat,positif
a04b7013-a90f-4b8b-a04b-8ffd8f49543e,Lidya Triana,5,2026-08-27 18:54:54,"aplikasi nya bagus.. tp yg lucu,,, knpa d bkin aplikasi gofood dg ongkir murah.. tp pas milih itu ujung2 nya ngga dpt driver dan hrus d batalkan... dg alasan ya ituu.. milih ongkir murah... kwkkwkwkw klw mmng ngga akan d ambil driver, mnding ngga ush d bkin ongkir murah kakaaaa... 🙏🙏 saran ajaaa sih ya.. mending hapus ajaa",positif
700d66cd-81ce-45a5-a899-7312e2cb6568,muhammad ridwanda,1,2026-08-27 17:54:22,"Apalikasi sampah, berkali kali pake go ride comfort tetap susah dapet driver. tutup aja!",negatif
4a833d98-8390-4b72-a831-745d12117beb,Fauzan Septiadi,5,2026-08-27 17:47:53,"Mohon agar Gojek menambahkan fitur pembayaran via QRIS, supaya pilihan metode pembayaran lebih beragam, terimakasih, 🙏🏼🙏🏼🙏🏼🙏🏼🤧🤧",positif
d3b6515f-dc70-404a-8952-98b3acaeef8c,Zidanmeiga Zidan,5,2026-08-27 17:46:07,GO go go go gojex,positif
4d116b58-d57d-46c6-9b6a-d99e790a5f38,Ghalib Alfaqih,1,2026-08-27 17:41:00,harus banget order gofood sampai 1 jam?,negatif
e9dab391-9861-4835-8379-831f049be114,Arya Febriansyach,5,2026-08-27 17:27:40,"ok keren karna sebelum nya dapat balasan, dan terimakasih sudah membereskan masalah layanan pada aplikasi",positif
e463572b-bb6b-4dab-9894-f747d465d7d5,Nsdiri Hij,1,2026-08-27 17:14:35,susah nyari driver,negatif
8e86941c-c691-4d6a-a712-85f9628ae521,kece TONZZ,5,2026-08-27 16:52:28,lumayan membantu untuk memesan makanan dan mengantar kan saya saat kga ada kendaraan,positif
2be28ca9-dd95-4f9f-916c-e97843c60974,Nurul rafiqoh lubis,1,2026-08-27 16:45:39,"aplikasi sampah, sekarang kalau mau batalin harus bayar 3 RB untuk driver, saya nunggu 40 menit driver gak jelas kemana jalanyaa, lapor ke agen malah AI, memang makin lama makin ga becus aplikasinya",negatif
d2812175-cff3-43e4-9fa0-58be3d8bf6dd,Siwijang Jayyid,1,2026-08-27 16:41:22,"jelek, kelamaan dpt driver",negatif
342dc9d7-bd11-452d-8e0c-7b341eff2599,Farhan Fauzi,4,2026-08-27 15:44:41,Berguna banget buat saya pergi ke berbagai tempat selama training di Yogya.,positif
ef63268f-8d5a-42e1-ab07-8c95a4e96f7e,Anugrah Kun,1,2026-08-27 15:06:32,"parah driver nya barang saya hilang dan tidak bertanggung jawab sudah info cs,ngga ada jawaban apa apa",negatif
306325c3-577f-4f80-a288-ea18f8c7f8cf,Gandhi Camoleon,1,2026-08-27 14:56:19,"Bertahun-tahun pakai gojek baru kali ini ngerasain kecewa, setiap hari order gojek pulang pergi kantor dari tarif yang setiap hari naik, dikasih driver yang jaraknya cukup jauh + driver yang enggak tahu jalan sama sekali. Pesanan + kedatangan driver memakan waktu 20 menit lebih.",negatif
6ffa81ef-7b78-4474-b749-bdcec6395fe1,wulan amaliyah,1,2026-08-27 14:09:47,sudah nunggu 1 jam buat pesen makan. tapi tiba2 di cancel dan disuruh order lagi. parah banget. tolong di perbaiki kalau driver sibuk Carikan yang lain. sia2 waktu jam makan siang nya.,negatif
edbfd9e9-f1a3-4803-99fa-f184e1487fdb,Nico Robin,1,2026-08-27 12:35:17,"Pelanggan setia gofood tapi suka jengkel masalah aplikasinya ga jelas. Tolong dong mapnya udah sesuai titik tapi diarahin ke seberang komplek, mana banyak driver yg ga mau buat anterin ke titik sesuai mereka maunya sesuai arahan map padahal beda titik. Benerin dulu itu sistem mapnya jangan sampai salah.",negatif
55aae88a-fa53-4cc3-b1f2-7b35d367f270,Sari Sari,5,2026-08-27 12:35:03,karna pelayanan yang cepat,positif
cb10c76a-5b81-43e8-830f-ba999d1613fb,Miss Rtiga,2,2026-08-27 11:26:58,Knapa ya gk bisa pakai gopay pinjam ada nya yg pakai bpkb kendraan.....semakin dipersulit skrg,negatif
0065241a-5bde-4199-8c8f-67763147da55,Imron Rama,5,2026-08-27 11:22:12,membantu saat diperlukan,positif
efd19ad6-c372-4790-aaeb-ff2b91318748,berliana fitri,1,2026-08-27 09:58:02,"saya berlangganan gojek plus sdh hampir 2 thn tpi tiba tiba di akun saya tdk ada muncul sama sekli diskon yg biasa saya nikmati padahal baru 3 hari yang lalu saya perpjng sdh chat cs ,ig tpi tdk ada penyelsaian dari gojek , betul betul gojek bikin saya kecewa",negatif
73705f61-7025-47a8-a739-5a768c93b7d9,M santoni Anton,5,2026-08-27 09:56:37,aplikasi ini sangat bagus dn membantu saya buat di perjalanan,positif
f3ff3fe9-5b29-484d-ab40-dbd433fd9be6,Burhanuddin,5,2026-08-27 09:33:54,"Aplikasi pemesanan Terbaik se INDONESIA, terimakasih Gojek gak buat hp eror seperti aplikasi sebelah",positif
ab016d75-2787-41f8-af03-e9c038ee56b8,After Rain,1,2026-08-27 08:47:47,driver bnyk yg krg bgs,negatif
b4cd4838-e56d-4030-b8b3-e34d6332fc6e,Supono Saputr0,5,2026-08-27 08:24:29,perjlnan nyaman drivernya juga ramah,positif
fb5f7600-830d-47dd-8a77-bc09e5f1cf93,Melga Melga,2,2026-08-27 07:02:20,apk nya lumayan membantu dari segi tranfer tapi untuk transportasi kadang lama atau dapet nya jauh bahkan beberapa kali saya pernah kena marah atau di atur sama driver nya karna harga dan satu lagi sayang riwayatnya permanen jadi menuhin ruangan penuh,negatif
4d431354-9d68-4d2d-a44d-7f32e26670b2,Fanan Ahmad,1,2026-08-27 06:54:44,maaf harganya tidak fleksibel tolong turunkan,negatif
9fcca879-d1ae-4edc-bdd0-2a2c027a3ab6,Mada Sia,1,2026-08-27 06:54:08,gojek tolong buat goride nya gausah pake banyak macem2 gojek murah lah gojek cepat lah gojek comfort lah RIBET jd lama dapat driver nya,negatif
7e137149-6fe4-4adf-ada6-6863608e3860,Rhadika,2,2026-08-27 06:13:13,"bilangin ke driver nya, kalo emng ga mau ambil di cancel aja, ini udh nunggu lama kaga gerak",negatif
7914b155-c950-4176-b9c3-917d4860f59b,Amel Ka,5,2026-08-27 04:30:03,"mantap, tepat waktu",positif
ca63dab5-ea01-4c3c-ba23-a64e52062299,Nayla Devita,1,2026-08-27 04:23:30,"aku kasih bintang 1 soalnya driver nya lamaaa,, ga dapat"" driver,, padahal aku pilih yang GoCar cepattt,, masa iyaa ga ada driver sama sekali?? niat kerja atau gak? sekalian aja hapus aja apk gojek gojeknya ini,, ga guna sama sekaliiii,, ga bermanfaat sama sekali dan tidak membantu sama sekali.",negatif
8856fa6c-b315-4aa8-bc60-1da70db11453,Syandi Af Ghani,2,2026-08-27 00:10:40,"Makin kesini makin susah cari driver, dari yang semula puas jadi makin malas pake aplikasi ini, so far pakai buat pesen makan kalau udah ke-maleman mau keluar, tapi makin kesini makin susah cari sriver. Jumlah driver di luar pulau Jawa (Kalimantan) banyakin jek, ini hampir tiap pesen di malam hari selalu susah cari driver food, mana nunggu pembatalannya se-jam. Mau order di aplikasi sebelah juga keburu tutup resto kalo nungguin batalan dari sini.",negatif
613b00db-9f10-4153-bae0-e99950df233e,Isman Bala,5,2026-08-26 23:24:24,cukup bagus mntap,positif
a782f9be-7a87-4c56-bc67-f74113b736b3,rifki rasyid,2,2026-08-26 22:03:07,"Tampilan pop up gojek menutup hampir seluruh layar, konsumen tidak bisa memantau perjalanan driver..",negatif
c5f78bf0-0a61-4777-969f-9515f119c528,ZibriL ZibriL,1,2026-08-26 21:33:14,"gak lengkap gada daging duyung, malaas.",negatif
24c3df78-97cb-4c8d-92ca-87f80df09498,Ade Rusnawandi,5,2026-08-26 21:26:39,orderan nya mana kasih orderan orderan malah diperanyeb gila padahal ga pernah censel ga pernah lewatin tapi kenapa orderan jadi diperanyeb begini,positif
a7ec37c0-d8fc-472a-aaca-1f59ca72793d,ursula ayunidya shasikiara,1,2026-08-26 21:07:21,"Lama banget dapet driver, nggak bisa dicancel, udah laper. Mending grab atau shopeefood aja",negatif
d0191826-374e-4d14-83ef-da1613e7c2a0,Fariz Zenturion,5,2026-08-26 19:44:45,aplikasi ini sangat bagus untuk pemesanan layanan,positif
e43da086-fe6a-4753-a6e1-5b2cbe15ee8c,072_Dzaki Bastian,1,2026-08-26 19:24:58,driver gabisa di lacak. nyusahin. padahal krusial banget kalo lagi penting,negatif
1e071298-d52e-4315-b0da-a12efc6e505f,takemiechi burik,2,2026-08-26 19:20:51,"tolong dong tambahin mode cash,soalnya kasian yng cuma punya cash🙏",negatif
5dc46f32-ea5e-47f8-8d84-c7f77af84f55,Sakina,5,2026-08-26 18:37:01,adanya Go-Jek saya merasa sangat senang karena sangat membantu,positif
01c79e42-2bf8-4973-b6fe-8b9277d6835f,SMPN1 Bontomarannu,5,2026-08-26 18:22:17,sejauh ini blm ada kendala,positif
821285c2-6074-49e9-b512-1dedf2fe608e,Caryati ajah,5,2026-08-26 17:47:19,"Titik jemputnya sesuai peta dan nama tempatnya, tarif sekarang lebih murah",positif
04993bfd-68ec-4608-992b-519db71149c3,Bhisma Nayaka,5,2026-08-26 17:25:48,"ga ribet kaya aplikasi sebelah, saat membayar menggunakan e-wallet di gopay sangat bagus dan bisa validasi ke tmen",positif
e220a050-d513-4027-8c8e-36ce1aff75af,Galih Pratiwi,5,2026-08-26 16:55:10,"bagus² tapi setiap mesen ojek satu malah nambah,tolong benerin",positif
cc09e8f6-b4ad-4586-9a76-b2ab4e10c9e1,Sa Sya,5,2026-08-26 16:44:43,dengan adanya aplikasi ini banyak orang terbantu,positif
628b035f-ad76-41da-9d12-82d184313e4d,aina uno,5,2026-08-26 14:42:23,mantap tambah mantap kalo bisa pake gopay laternya,positif
28b3c91c-98e6-401c-aaf8-a68d1926be18,Ketut Supartiani,5,2026-08-26 14:12:25,Barang datang tepat waktu dan kurirnya Ramah dan Santun tks,positif
2d696ebf-c590-4030-b415-e57fbf4c9dff,Hubertus Agung Nugroho,1,2026-08-26 13:22:58,Aplikasi kok sering error. Gak ada guna aplikasi ini....,negatif
b7c1eb14-9fed-4392-9f3d-28123b0574b5,Akbar 225,1,2026-08-26 12:29:22,"pesen makan jam 10 malam, keseringan gadapet driver. masalahnya kalau sudah terlanjur mesen, terus gadapet driver disuruh nunggu sampai 2 jam baru bisa dibatalkan. udh laper, disuruh nunggu lama pula, dan gada pilihan, harus nunggu.",negatif
5f3b4529-c4ce-48bb-82d9-9f31ddb0c121,Milan Dhiu,1,2026-08-26 11:06:44,"nyusahin orang lapar, nunggu sampai satu jam gk dapat driver gofood.",negatif
d98f8083-2afc-4080-9179-049e666ec766,Ivan Tama,1,2026-08-26 10:45:39,waktu pemesanan yanh sangat lamaa,negatif
45c5c6a2-6532-431b-9714-748a7a8cb371,Dewi Agus,5,2026-08-26 09:48:09,"banyak promo,dimana mana ada",positif
8793a9c0-5f24-48f9-a9c1-5730501c73ec,Ria H,5,2026-08-26 08:40:24,"Aplikasi nya Oke, Mudah Mendapatkan Driver nya, Lebih Nyaman Berkendara Dengan Gojek",positif
835fbb4f-efde-42f9-84cc-4b9e05e0dd66,Mala _,2,2026-08-26 08:19:04,"jujur aja, saya kecewa sama bang ojolnya saya minta dia anterin emak saya ke alamat yang udah saya pesen, ojolnya gatau alamat itu malah marahin emak saya mana minta ongkos 2x lipat pula, tolong perhatiin ada beberapa ojol yang gak bisa baca map malah marahin penumpang 🙏",negatif
13e27172-cc8c-4149-b2cb-33a809a64cbb,Ri_ sal16,2,2026-08-26 08:15:20,makin hari makin aneh ini aplikasi pesen gocar driver ga jalan lemottt,negatif
43cc5915-7fe0-49d7-a84d-a83691803606,Yeni Minarti,5,2026-08-26 07:37:03,menarik luar biasa,positif
273a78d8-f2ac-486c-a7c5-665842030e32,Klara Sabu,1,2026-08-26 07:28:25,"Pesan GoCar, dari jam 06.25 sampai 07.27 belum datang drivernya, gila banget, nunggu selama 1 jam. Buangkeee",negatif
2bd58bca-fcd3-4d6e-b66c-374e62582e04,Syareefa shidqi,1,2026-08-26 07:20:46,"eh tolong donk untuk pembayaran bisa di ganti gopay coinku ada 2.200 an ilang gr gr salah milih terus juga pernah gopay ku kepake padahal ada cash kurang suka kalo gabisa diganti, kasian juga kalo harus cancel booking 😢",negatif
7b7d5ba1-ea3a-4db4-b83f-6b95ab742f3a,Ugeng Wantoro,5,2026-08-26 05:34:28,bagus tingkatkan lagi,positif
5b11dd24-7065-4e91-9343-890651ccf12e,jenalnayz radagelo,1,2026-08-26 02:42:35,"beberapa kali pesanan gofood tiba-tiba dibatalkan, namun tidak ada tindaklanjut dari pihak gofood",negatif
dd1b7367-2c8f-4cb2-ba10-64459a20e97e,reinhard bokang,5,2026-08-26 01:54:41,bagus sih walau kadang mau pesan gojek malam hari agak susah 😁,positif
a4d0b60e-41b0-430d-955d-5c3a83fa90ee,Gondez Bonsi,1,2026-08-26 00:22:49,aplikasi jahanam pemeras keringat driver dibayar 5 sampai 6 ribu jauh sekali sampai 5 km kalian ketipu cs gojek oleh aplikator zolim kepada driver,negatif
08c15864-809d-4288-b2f3-57a32b9342c7,muhammadridhoirhamy,2,2026-08-25 23:14:55,"driver di semarang emang dikit ya? pesanan ku telat mulu tapi aku ga dapet apa apa gitu, ya kalo telat di cancel gitu aja lo ga dpet diskon atau apa kek",negatif
bbc23f2f-6d3f-4ca5-a97f-2e3231031549,Uing Tea,1,2026-08-25 22:51:46,Aplikasi sampah Tidak bisa daftar/login Hapus saja dari play store apl sampah gini,negatif
dbe03726-7179-44f6-b9a9-e6b2b5107758,Username,1,2026-08-25 21:24:47,"ruby saya habis di game bolak balok, tapi pas sampai 10.000 koin nya gak masuk sial",negatif
dc4d865e-e4b0-423f-850c-78c4c648c99e,Naura Akun2,4,2026-08-25 20:56:29,"Apk nya bagus kokk, cuman di bagian iklannya itu loh.. Saya pencet tanda ""x"" berkali"" ga kena-kena😭",positif
d08fe217-a979-4d4f-9dab-57439f7ab4cd,toti tito,1,2026-08-25 20:53:29,"sdh lama pakai aplikasi gojek sering di pakai pula rutin ,penawaran penawan selalu ada tapi pas ngajuin gopay later atau gopay pinjam rijek,wkwkw,kocak gak kaya aplikasi sebelah begitu mudah untuk pelanggan setia,tapi its okelah.",negatif
533a0cff-973c-4b48-92c4-792b02cc49e8,ADI BIAMRITAMI,1,2026-08-25 20:20:06,"ga bisa di pencet mau pilih menu, bintang 1 pun ga pantes dapet nih apk",negatif
06e741ef-263b-4aca-8a13-2a0899307986,Redi Rosiani,1,2026-08-25 19:15:27,ga jelas gabisa daftar ulang,negatif
4615a66a-7a54-4c70-819f-e06072d67c12,Andini Nuraini,4,2026-08-25 18:57:46,"Banyak promo tapi banyak bug juga, driver tangerang banyak yg nyebelin ramahan driver jakarta.",positif
c737a460-1cfc-41f5-84aa-37640ca5daed,Ch ella,5,2026-08-25 18:44:24,muda dan hemat..niceeee,positif
dd0fb690-a23d-4e7a-a933-12f2a7495207,johnz dmr,5,2026-08-25 18:20:31,Semoga lebih baik lagi dan banyakin promo,positif
eaf37a99-4dc2-4b95-b736-0e744bbdea47,ratna kartika,2,2026-08-25 18:04:06,"sy setia pakai gojek krn goride ridernya sopan,lah..ini sdh 3x lg di phpin sm driver gocar,sampai 1 jam lamanya nunggu dan ngeselinnya sy order yg cepat byr lbh mahal tp atitude driver sok skali,cm perihal mslh titik jmpt sdh jelas2 lobby utama,lah dia jmpt sy di bwh tangga lobby yg jauh trs sok keras ngomongnya,asal batalin orderan lempar ke driver lain dgn tarif yg 2x lbh mahal?itu knp ya? mohon donk klo drivernya emg gak bisa dan gak jmpt cancel aja,gak ush sok gak butuh asal main ilang aja.",negatif
1deb262c-73f9-49b3-9922-bc5f89bc0015,Vera Riadianny,5,2026-08-25 17:30:47,"Saat ini gojek lgi kurg bersahabat ,, males saya pake jasa aplikasinya 👎 saya perbaiki saat ini GOJEK BAIK pesan saya jgn dzolim ya sama drivernya harus jujur dlm pendapatan dan transfaran dlm bekerjasama terima kasih",positif
e3a0a4b1-f00c-4d0a-80f9-2f45f9857642,Sofy Nirwana,5,2026-08-25 17:07:10,"aplikasi yang menurut aku udh bagus bgt sih. tapi plis, adain metode pembayaran saldo gopay + cash dong. kadang pernah tuh mau pake tunai kurang mau pake saldo juga kurang. kalo bisa di gabung kan enak tuh",positif
7b55bee5-4d99-41f2-963b-795323193dff,Bang Gami,5,2026-08-25 16:22:58,tingkatkan terus supaya jadi lebih baik,positif
31648018-1534-4e18-bc1c-71d90a894fc3,Naadhira Mysha,4,2026-08-25 15:13:09,"gabisa apus foto yaampun min,terus lagi milih foto dari galeri pas salah pencet. malah langsung auto kekirim,akhirnua foto tanpa nutup aurat yg kepencet malah kekirim ke ojek nya. .tolong di perbaiki dalam hal ini min.",positif
57e148d8-469f-476f-a133-c1ff82c2171a,Caca Angel,2,2026-08-25 15:11:45,Selalu kalau pesan kendaraan di daerahku susah sekali.. Mau pakai harga murah atau mahal tetep susah. Padahal Surabaya bagian barat dan bukan pinggiran/perbatasan.,negatif
0ce0e3e0-2b45-4a7a-8a34-f96e01f3fbb1,ais mr,1,2026-08-25 14:54:47,sistem operasi jelek,negatif
31f21093-36a1-4896-b561-3b7a8f6fb6e9,NURIL ALI DERNANSYAH,1,2026-08-25 14:53:50,"bener bener telat mulu, driver juga banyak yg gmau ambil aneh",negatif
f834f1ec-b521-4ecb-a212-fb9ae2465582,SetyoF (setyofar1302),5,2026-08-25 14:22:57,"Aplikasi JELEK, saya pengguna lama transaksi selalu pake gopay sedangkan mau pengajuan gopay Pinjam daro Awal daftar selalu ditolak. cari keuntungan sendiri",positif
096acd04-2a3e-497a-a13f-8e9b4180561f,Hihihi13,4,2026-08-25 14:07:43,"apkny udh bgus tpi iklannya kdng ngeselin, pdhl udh pencet tanda x tpi mlh ke apk ny, sampe berkali-kali",positif
571fa300-5ded-4d4e-8a84-6c68599e5b71,Wahyu Dwi Santoso,1,2026-08-25 13:58:59,padahal ada driver di sebelah TPI gak nyangkut2 Mlah aplikasi bilang driver lagi sibuk padahal bnyak driver di sebelah lagi kosong,negatif
7a1e5939-1274-409a-9f53-b5263765dfed,Triyanti Sukarman,5,2026-08-25 13:26:10,"Pelayanan bagus,tepat waktu 👍👍",positif
e8572ced-553c-4cd8-a27f-5a1838e26df3,Indah ukekyk87,5,2026-08-25 13:06:18,Pokoknya suka dan suka aplikasi ini sangat membantu dahh pokoknya 👍🏼👍🏼👍🏼⭐⭐⭐⭐⭐,positif
1733ecd5-eb95-45b7-9281-94cace3db46d,Fatya nabila,1,2026-08-25 12:59:41,"BIAYA GOJEK MAKIN MAHAL ONGKOSNYA JUGA GAK NGIRA"" LAH. DAH MALAS MESAN MAKANAN DARI GOJEK INI.",negatif
301a900d-9da6-46fb-94ea-bc0d157b1cf2,Tumpal Pph,1,2026-08-25 12:17:21,kemahalan ongkir gojek 13000 radius 3 km pertimbangkan,negatif
426c457f-fd2c-4e3b-8b56-986bfe320da4,Febri Febrian,4,2026-08-25 12:16:27,please tim it mohon tambahkan fitur pencarian lokasi berdasarkan titik koordinat agar memudahkan pencarian & pengiriman lokasi di peta,positif
0a9883d0-7ded-43ff-9f17-17e236873641,Novi Tania,4,2026-08-25 11:59:38,cukup bagus tapi utk pesan makanan nya lumayan harganya lebih mahal daripada aplikasi sebelah dan ongkir nya jg mahal,positif
3b75bb12-9f9c-4d43-8e28-2b5ff55d4479,Sherly Mareta,5,2026-08-25 11:54:48,banyakin promo nya ya gojek biar jdi langganan setia pakai aplikasi ini😄,positif
85c740b3-9ad8-4709-a231-f052e04e8937,Axcel Theo,5,2026-08-25 11:36:48,pengalaman cepet banget,positif
0eeb5440-7237-4ed6-8eb4-17e39483837d,fotoidol 123,1,2026-08-25 11:14:56,"Semua dijadiin multi, gofood juga sama digabung",negatif
e6be408d-41a0-4477-a906-cd92f3101e37,Maria Lena,2,2026-08-25 10:44:28,"sudah 6x pembelian di gofood ga pernah sampai dapet driver kenapa sih? padahal di jogja banyak driver, giliran yang goride cepet dapetnya, giliran gofood ga pernah dapet driver yang nganter makanannya sampe 6x lo, kenapa sih ni gojek, mending ke shoope food aja kalau gini trrus",negatif
20b485f4-9128-4293-9e4a-607c319a4cfb,TRI JOKO,5,2026-08-25 10:39:40,baik dan ramah,positif
dcdde86c-2d96-4aed-8a22-d3451ade2f41,Hayfa Yani,5,2026-08-25 10:10:29,"suka sekali menggunakan gojek, harganya juga murah, drivernya baik dan jika ada masalah dengan pembayaran, gojek selalu sigap menyelesaikan masalah tersebut.terima kasih gojek kedepannya harus lebih baik ya ,semangat untuk maju dan berkembang",positif
7eb29358-0a20-4fd4-a637-6a9aa48155eb,Sulvi ariandriyani,4,2026-08-25 09:53:12,sebagai pemakai go food...biaya2 jgn dimahalin plz. disc go food jg mohon di buat sebaik mungkin utk kita2 dijaman ekonomi sprti ini. trims,positif
d01a475b-eb22-42c9-8f32-537148bfd4ac,Riell,1,2026-08-25 09:42:12,"setiap beli tiket commuter line pasti error/bug mulu, tolong perbaiki ya",negatif
f3f6096d-b863-4530-b27f-86d12b427c45,Nurmali002,5,2026-08-25 09:35:08,"untukdaerah bumiayu purokerto aktifkan simyalnya,.",positif
6b12d2cd-c255-4bae-8791-e69264e25c73,Agung Hendro Widodo,5,2026-08-25 08:42:29,Driver baik dan ramah 👍,positif
9e70aec6-a23c-40c1-abff-945c3de7fb0a,Suhanda,5,2026-08-25 08:26:52,Alhamdulillah panggil Driver Gojek cepat sampai tidak menunggu sampai berlama lama.,positif
d90f5df6-2363-4544-88c1-1db7aaf24eb6,Afghan Pratama,1,2026-08-25 07:30:59,"gak jelas udah nunggu lewat 1 jam tiba"" di batalin",negatif
8590cef2-3a55-4eaf-afe9-c6cdb785f3b3,Muhammad Razan Falah,1,2026-08-25 07:06:41,"saya di sini sempat memilih gocar saya lihat harganya 5k ini kan murah ya bahkan lebih murah dari goride yang 7k jadi saya coba dong, karena lebih murah. sehabis saya selesai berkendara ternyata yang di tarik 20k tolong dong benarkan kenapa harga yang tercantum tidak sesuai dengan yang di tarik gojek nya tolong jangan sampai ada kejadian kayak gini lagi dan saya tidak ikhlas duit saya 15k ilang karena eror seperti itu",negatif
35109e55-77b6-4f43-bdb7-849c2c396e29,Human Never Rest,1,2026-08-25 05:39:03,"payah banget buat game game hadiahnya. game Gol Gol Gol berat banget, Laris Mawnis udh toko ke 4 malah gak bisa dibuka seminggu ini, di game Bolak Balok mereka yang bikin balok balok aneh sampe 6x6, giliran bisa dapetin lebih dari 6 baris sekaligus malah dikira cheat, terus gak dapet hadiahnya",negatif
ac27a542-59af-41a8-9331-02f636b12695,Ida Reva Reva,5,2026-08-25 04:55:32,"saya kecewa setiap weekend atau libur tgl merah saya selalu kesulitan pesan gojek di waktu subuh sekalinya dapat tapi map nya ga jalan2, atau sekalinya jalan menjauh tapi seringnya memang ga ada sama sekali. terutama di wilayah Cimanggis bojonggede",positif
87031d96-0ad5-44f1-aa42-e6e89cd8e031,Ina Karina,1,2026-08-25 04:12:16,"dikasih limit 200k gopinjam, diajuin ditolak mulu wkwkwkww, aneh",negatif
972035b8-aa34-4961-9dbb-200f40964d2b,Achmad Raffi,1,2026-08-25 02:51:40,"saya mesan gofood lama sekali dapet drivernya hampir 1 jam baru dapat driver, tolong diperbaiki",negatif
dacc3117-0da0-422d-8a31-a27fb4643686,Muhammad Fadel,1,2026-08-25 01:29:32,"wadduh lama bet pesanannya ujung2nya terbatalkan,masih bagus gojek dulu",negatif
85b00c13-d0b1-423b-8ee5-24aeb87bd381,Akmal Husein waskito,1,2026-08-25 01:16:11,"gara gara ni apk, gw nunggu"" makanannya dateng, udah mesen sampe di ui menunggu makanan, sampe tokonya tutup pun pembelianku masih stuck, kecewa banget, mana ini pertama kali pakai lagi setelah 9 bulan ga pakai, biasa kalau lagi mesen toko tutup bakal di dikasihtau atauga ada notif, lha ini ngga satu jam nunggu, udah bayar pake debit, sampe tokonya tutup ternyata ga jalan, mana gada pemberitahuan, kecewa banget, mana gw udah langganan gojek plus nyesel sumpah, kecewa gw.., makin jelek.",negatif
3c794c5a-8de3-4c3d-9bf6-296fce9677db,Raffi Jop,1,2026-08-25 00:53:10,ini kenapa dah kok tiba tiba ada transaksi sih 99.900 ribu di gojek buat Roblox pula perasaan kagak pernah transaksi dah ini gemana sistem nya tolong dong min kalo ada transaksi tuh konversi dulu sama kita atau gemana ini kan sama aj hilang duit kita niat nya mah mau di simpem buat dana darurat malah ke pake transaksi GK jelas,negatif
678202a4-3d96-4f66-80eb-17936b7c2bde,Yervant Jose Boari,1,2026-08-24 23:47:15,nyari driver lama anjir,negatif
d0e56859-fd73-4f51-9fe8-6193f2d9f0bb,M.P Hi,1,2026-08-24 22:58:47,gara gara iklan ini apk ngulang lagi game gw dri awal 4su emng,negatif
f5f00d8c-db07-461b-8dad-cfbebf674724,risun ARIF OFFIAL COM,5,2026-08-24 22:56:36,"Sekali Gojek..., ya tetap Gojek... 👍👍👍",positif
fd1ada01-dde5-4610-b645-377800904812,Gibran Rafif,1,2026-08-24 22:16:00,"pake hemat driver nya bs lebih dr 2km mending ilangin hemat klo nyusahin konsumen kt pilih krn ada fitur nya tp jgn gila dong masa iya driver nya lebih dr 1 km,maximal kyk grab dong 500m payah",negatif
8a3e5f39-829a-416a-81c3-a3a41f110be4,Lisna Rahma,1,2026-08-24 21:41:27,"Aplikasi nya jelek bgt setiap pesen udah nunggu lama"" di batalin",negatif
e29b4df3-1f7d-4127-88eb-6d2131aa8703,Aziz Fahrezi,5,2026-08-24 21:35:58,sangat membantu sekali,positif
a5410211-a0de-4fbb-8e9b-57e22376e610,Alvinazen14 Alvinazen14,5,2026-08-24 21:31:44,"Terimakasih banyak gojek, di bulan agustus ini banyak promonyaa. subsidi dan cashback, semoga selalu berjaya untuk gojek 🥰",positif
2d8aef3a-429f-467d-8979-ecfc62a32102,Handrita Monika,1,2026-08-24 21:16:05,"parah si akhir akhir ini. apalagi soal fitur anter murah, sering restoran dah siapin makanan tp g dapat2 driver, ada juga tiba tiba alamatnya loncat jauh bgt, aneh pokoknya skrg aplikasinya",negatif
d99c3689-b874-4d23-8e95-a5d9e78a5d50,Rahma Tri Puspa,2,2026-08-24 21:12:41,ketika masuk gofood selalu wifi jelek atau tidak ada jaringan pdhal sinyal bagus . ada pengantaran double membuat menjadi lama . driver tak pernah kirim pesan jika pesan antaran double.,negatif
19594f29-8e9b-4faa-84cf-952a7cabaafc,Muhamad Rizki,1,2026-08-24 20:48:08,"nungguin lama lama driver gak ada, kocak",negatif
4e20bcab-b7be-493c-a477-9559310e16a5,Aji Yogy,1,2026-08-24 20:38:21,tarif gojek naik 38%?????? woow 😆😆😆,negatif
e3963705-0762-4227-ab57-241972b6e4ad,Putri Putri,1,2026-08-24 20:20:40,"kenapa gojek nyebelin yaa sekarang, padahal pake gojek dah lama bgt lebih dr 5th, songong banget ada vocher goride murah percuma ga dpt2,kecuali pilih yg goride cepat itu juga songong2 drivernya suka cancel cuma gara2 minta tolong lepas jaket karna tempat penjemputan deket opang, sebel banget di saat capekk turun dari bus pesen gojek susah ngeselin, akhirnya pake apk lain aja lebih murah cepet lagi tolong di perbaiki dong gojek ngapain adain goride hemat2 tp susah,nyebelin ngeselin, capek",negatif
db98dc07-d230-4be3-a170-bfb5a2583a76,misbach mb,1,2026-08-24 20:05:23,aplikasi nyiksa driver,negatif
10d0ef78-d416-4529-814c-0738fd808bd4,Stalker Shi (Shi),1,2026-08-24 19:01:02,Nipu acara hajatan gopay pinjam,negatif
69b3bbf5-e1e1-46c6-8e75-2c20e9f6ebde,Riko Jon,1,2026-08-24 18:30:51,"system nya parah,program nya parah,aturan nya jg parah,tiap hari online masa gk pernah dpt orderan nya,,apakah sudah mau habis masa jaya nya karya anak bangsa ini?gila aja ini jd driver,24 jam full di onlinenin gx dpt 1x pun order masuk?bahkan 1 bln onlin aja bs terhitung orderan yg masuk di akun gw ini..tp aturan2 yg di kluarkan malah hrs di patuhi.aneh bgt",negatif
899e31b6-3d38-43a3-929b-5403ab726141,David D Mega,5,2026-08-24 18:26:01,Transportasi jdi mudah praktis dan cepet,positif
963141dd-1e58-4782-bd59-8116b4ee1485,aziz matthews,1,2026-08-24 16:47:09,"kurang ajar emang, bekali kali order sampai resto baruasuk kasihan driver nya jauh jauh ngambil sampe resto baru masuk. pakai hati kalian sedikit!",negatif
b82312fc-0eb8-4eb1-a389-b14edeb40680,Miss Kiyaa,1,2026-08-24 16:40:47,"CARI DRIVER SUSAH BANGET , dapet driver jauh jauh trus pdhal banyak yang deket, kalo gabisa harusnya langsung batalin aja gausah nunggu sistem otomatis yg batalin. perbaiki deh sistemnya dan drivernya",negatif
436c01d9-0c76-478f-8b95-b8dad3611904,Doli Family,5,2026-08-24 15:58:09,saya minta para driver motor dan mobil harus hubungi langsung ke konsumen,positif
a090c772-d159-40e3-b54d-c272c36f5bbb,jaelanih bravo,5,2026-08-24 15:53:08,klw order ko jauh2 ya drivernya coba kyk grab deket2.,positif
9afed6d0-ebb3-43f5-9c12-78af376d207d,Nita Pebri,1,2026-08-24 15:21:46,Udah males pakai gojek.. tarif mhal makin mahal.. ya kali jarak 2 kilo..ongkir 35ribu. Biaya penanganan 7ribu Mending e sebelah aja ... knapa driver nelpun kdang mau ada dering kadang ngak herann,negatif
6b5e936a-0b53-40c3-8446-a06668a879bb,Roy Dewa Kusuma,5,2026-08-24 14:54:54,Good sangat membantu,positif
281bd78b-baab-413b-889c-ba8c1907a5cb,awan kinton,1,2026-08-24 14:51:55,"pelayanan driver gofood sama sekali ga ramah, marah marah karena sy bertanya kenapa pesanan sy terlambat",negatif
7c088a9c-7010-46d1-8979-ca3f87665d2f,Untung Yanuar,1,2026-08-24 14:43:39,"Buset deh sejak pagi GoCats masih belum bisa dibuka juga, keburu modar ini kucingnya 😂",negatif
eea4d0b6-fca9-41ef-954e-2378ecd51f59,dwi nur kholidah,1,2026-08-24 14:21:05,udah 2 kali order dibatalin Mulu nunggunya 2jam pula protes ke cs cuma dibatalin pesanannya,negatif
f2fd0b74-16af-4a10-bfb3-48c68121a7c7,Siti Maryam,2,2026-08-24 14:17:13,"akhir2 ini aga kurang respect ya smaa drivernya.aku cancel karna dia lama,memang aku pake gojek plus yg lumayan murah pricenya.trnyta pas aku cancel dia udh dateng ga respect dia negur aku dibanyak orang bilang ""lain kali yang sabar ya .kaka enak bisa dapet orderan cepet lah kita klo udh di cancel suka lama dapet customer lgi, "" pake nada lumayan keras dan buat aku malu emg pricenya murah tapi kan nnti juga aku bakal kasih tip.ya semoga ga terulang negur customer di depan orang banyak thanks",negatif
07c58ec5-2162-4f9e-b463-c3ef90981e9a,isy Mustafa,5,2026-08-24 13:35:13,sekarang sering bgt pake ini,positif
60a70626-dcf8-4028-83b2-b6fc6f70ab04,Aser Simon,1,2026-08-24 13:19:06,"perbaiki server kalian, kalau perlu tiap kabupaten ada 1 servernya. Dapat driver dari jauh mulu, ada driver yg didepan mata, malah di oper ke yg jauh",negatif
805dd7d0-e4b1-4f54-beda-9b32bbeb4023,muhammad sidik,5,2026-08-24 12:53:41,sangat membantu kegiatan sekolah anak saya,positif
241bba61-f6c2-4e36-a737-0b84a97f2055,Akam sastra Wijaya,1,2026-08-24 12:44:41,pak tolong driver ojek suruh cek HP ada HP penumpang yg ketinggalan atas nama khnza,negatif
47787b94-3a15-4e0e-8ff1-e9620339af11,Sultan Ali,1,2026-08-24 12:44:38,tolong IKLAN NYA MENGGANGU KERJAAN SAYA TER CLOSE GARA GARA IKLAN INI,negatif
13a1f833-36e5-41fb-a318-fdd604ea95bb,Sasambi Ayong,1,2026-08-24 12:14:57,loading gak ngotak lalot lemot,negatif
785d4047-a990-48c6-81d9-7240cbd345a2,Rakhmat Teguh Prabowo,5,2026-08-24 12:13:40,"kenapa ini check-in point gabisa dibuka, gopet juga gabisa dibuka karena masalah jaringan dan server error",positif
2ac8325f-1af0-4eb2-a184-0061102eb04e,Akan sastra Wijaya,1,2026-08-24 11:47:38,KA tolong hp saya ketingalan di mobil grab,negatif
193209c8-3b30-4615-8c4e-8b6c73fd9b6f,Skyginting Manik,5,2026-08-24 11:09:28,keren kamu gojek,positif
9c8391f3-207f-4d98-8b0c-eab97ddc0393,Siti Nur Iman Halawa,5,2026-08-24 11:05:56,Aman dan Nyaman,positif
35ff4f8c-5f48-4116-87c1-3d11a607c8a9,Jubel Sihombing,5,2026-08-24 10:04:00,"selalu jadi kebutuhan ku aplikasi ini,the best",positif
2d79bfab-0fb7-40a8-918d-0abb70dee725,Ria Aristia,1,2026-08-24 09:12:48,berangkat lebih awal biar cepet nyampainya malah dapat driver jauh banget padahal yang dekat ada,negatif
cf2bea78-5fa8-4f4a-aba7-837e9bc7553b,dionisius given,5,2026-08-24 08:41:37,"karena sepeda motor harus overhaul maka saya gunakan gojek untuk pergi ke kantor, kecepatan sedang dan saya sampai di kantor dengan selamat",positif
71056c72-d840-4ee5-b921-c3d1536950e7,Meliana Meliana,5,2026-08-24 08:21:12,sangat ngebantu saya,positif
6d18f6bc-b65f-45d2-a508-cb540a77adf0,Nubsyour 849,1,2026-08-24 08:15:02,driver nya di bina dulu sebelum ke jalan,negatif
d169ba62-0369-4796-8728-caa0a85dd771,Verza Ar Rizjard Raynaldo,1,2026-08-24 07:38:32,"APLIKASI GO-JEK DAN TOKOPEDIA SAMA AJA, SAMA SAMA GA JELAS PELAYANAN CUSTOMER SERVICE NYA.",negatif
7b4703af-f316-4d41-827c-6fe3c5e5cbdd,Wahyu Hendratmoko,2,2026-08-24 07:00:12,"pelayanan masih kurang, saudara kmrn order mknn, gk jadi selera makan, mgkn servis nya bisa diperbaiki.",negatif
e1121bee-e23d-4ec6-aa99-e9afc0c8c3ee,Zuki Abdulrahman,1,2026-08-24 06:59:43,driver lama lelet,negatif
16578f7c-01d6-47b4-810e-20354938b50d,Linda,2,2026-08-24 06:37:32,"min, tolong kalau gojek tolong cepetin dapet driver nya, aku udah nunggu 20 menit baru dapet driver. padahal udah pake gojek prioritas 16k yang asalnya 8k. makasih",negatif
e40227a5-d665-46db-8782-add86241b63d,maulana rendra,5,2026-08-24 05:54:11,"Bermanfaat, banyakin promonya 👍👍",positif
2b5c3f7b-76ab-4f5d-bd13-6772472bd66d,Syair Kelana,1,2026-08-24 03:15:54,babi order makanan ada 2x dibatalin terus karena gaada driver udah nunggu 2 jam lebih lagi,negatif
b0a9cd9f-ad29-4f01-8ae3-6e82131458b3,Nasha Salvadila,2,2026-08-24 01:32:16,"udah nunggu 2 jam tapi dibatalin terus, mending di evaluasi aja promo ongkir 1 rp ini",negatif
e80216db-23bb-4dc3-b0a1-d61f9a85c216,Una Patria,1,2026-08-24 00:21:46,sering bangett TELATT!!! mu pesan makanan atau jemputt. SERING BANGETT!!! TELAT!!! KADANG KITA PSEN MAKANAN ONGKIRNYA YANG EKSPRES paling mahal!! tapi drivernya ga jujur malahh ambil bnyak orderan . jadinya lamaa!? ONGKIR MAHAL TETEP AJA LAMA!! MALES BANGET SEKARANG PAKAI GOJEK!!!,negatif
7b8e1e72-735d-489f-a5fd-99d9dfe40b05,Maulana Nabhan,1,2026-08-23 23:26:16,"nunggu go food lama bgt, udh nunggu lama malah di cancel sama gojek. tau gitu mending makan depan rumah",negatif
6fc2e80a-59c8-4573-903e-ee9e568569c6,Muhammad Suardi,1,2026-08-23 22:28:59,"gara-gara sistem gojek bermasalah, saya jadi terpesan banyak makanan, dan yang paling menyebalkan adalah pesanan tidak bisa dibatalkan padahal belum di konfirmasi resto!",negatif
88c2e831-6660-42e8-bc19-bb0b0907d81e,Henry Yanuar,1,2026-08-23 21:45:40,"Buang driver driver nakal, nolak order tapi nggak mau batalin. Kasian driver yang niat kerja, jadi kena batunya.",negatif
84fb7194-d7f0-4af5-8ae5-9e0db8655eab,yudha pratama,2,2026-08-23 20:59:52,bbrp hari ini saat pesan gofood sulit sekali mendapatkan driver,negatif
494283bd-4654-420e-af28-259458e62798,Safriza D. Pramana,1,2026-08-23 20:49:36,setiap mesan gofood selalu gak ada driver ini apk apaan sich,negatif
9ed7d3f2-3264-4828-b80e-a7d49eb22042,Ecihh Mega Silvia,5,2026-08-23 20:49:25,asalamualaikum semoga sukses,positif
5612cd10-4603-4f78-93f0-081ff8d553d8,any swary,5,2026-08-23 20:41:40,cukup membantu aktifitas pelayanan mudah dan cepat,positif
f3851a2b-b6e9-488c-8778-578fb18f27b3,Evan Xavier,1,2026-08-23 20:33:59,Promo hilang trs,negatif
a4b47fac-1e31-43c8-a5ea-08da7c35680b,Kenzo Nathanael,1,2026-08-23 19:45:48,Jelek udah pesan 1jam dan nuggu dibatalin,negatif
a5af145f-1a92-423a-b96c-fa96745a280d,Nadise putri Raina,2,2026-08-23 19:43:25,"cukup kecewa sekarang sama aplikasi ini, driver nya kok suka seenaknya ya suka ga ngabarin kalo ga mau ambil orderan padahal orderannya udah masuk. Apalagi kalo pake promo potongan harga, driver car/motor nya itu padahal ufah kecantol eh malah ga gerak di pantau maps nya kan ngeselin ya!! Gimana kalo orang buru² coba?! trs gofood nya itu ga ada yg mau ambil juga. terus buat apa promo² gitu? kita udah nunggu lama malah diabain gitu trs tanpa kasih kabar dan kejelasan.",negatif
2dc8e95b-aa98-4c32-8fe5-710d21ebdf60,Ruhanah Abdillah,5,2026-08-23 19:29:04,ok banget naik gojek mantab,positif
97ddebf9-8e7e-4629-923e-9f013a60cc3d,nurul hardini,2,2026-08-23 19:18:33,"opsi pengiriman hemattt,murahhh hapus ajalah. Ga bakal ada driver yg angkut.",negatif
c41662b5-6815-4d84-ad44-f8736e0db8d0,Anton Depri,1,2026-08-23 19:07:05,driver membatalkan pesanannya secara sepihak,negatif
d0cb6cc2-4abd-4140-9835-767d31d40e5f,Agus Riyanto,4,2026-08-23 18:29:02,sayang semakin sering menggunakan semakin berkurang promonya,positif
4c606429-1fc4-4491-b4e3-9e12b3cad163,widhyanto.muttaqien ahmad,5,2026-08-23 18:28:33,"ok, andal, bagus",positif
856ae3da-1e2c-40ba-8512-b7859415a339,Erwin Dianto,1,2026-08-23 18:14:26,"kasi deskripsi lebih banyak pls kalo driver lgi rame, waktu kebuang g jelas nunggu UI yang vague bgt, SLA nya gimana sih mending hapus aja opsi delivery makanan yang murah gausah malu2",negatif
4ba8818c-1515-4b67-9f4b-3f71c16b3835,Joy Patra Sijabat,1,2026-08-23 18:04:33,gofood yang buruk,negatif
f14320c9-295c-44a6-830d-15cdfe39a0d5,Puji Astuti,5,2026-08-23 18:02:23,iklan tampil di layar hp ku setiap ku buka hp tapi tak mengganggu,positif
cd464879-aa4f-4901-957b-d4d2572b7200,Nur Fitriyani Trihapsari,1,2026-08-23 17:37:05,"Pls lah, chat ke resto kalau bisa available 2 arah, bukan cuman restonya doang yang bisa ngechat kalau ada masalah. Bayangin ya, estimasi SAMPAI 17.10, tapi bahkan sampai sekarang 17.35 resto BELUM SELESAI MEMBUAT MAKANAN. Gua cuman bisa makai layanan chat CS jawaban otomatis. Pilihannya cuman 2, mau batalin pesanan/lanjut TAPI GATAU MAU NUNGGU SAMPAI KAPAN.",negatif
8070d496-2584-404d-8dda-89e8d7c545b4,Lulik Phoenix,1,2026-08-23 16:56:08,"sudah cukup bersabar dengan apk ini, bukan 1 kali atau 2 kali ketemu driver dng atitude minus, songong dan nyolot, saatnya say good bye toh jg bukan lg apk anak bangsa buktinya pemegang saham goto jg banyakan asing, dng ongkos ojol termahal di banding apk lain dan klakuan driver yg minus, songong dan belagu. sudah tidak ada lg alasan buat mempertahankan apk ini.",negatif
13db3033-121e-44b7-8bc6-928ae56c9f67,All Winners Corner,1,2026-08-23 16:48:13,Harga 2x lipat lebih mahal dibanding Grab,negatif
1545fd64-e94d-47ea-9aef-4696d80672be,Dika Dwi,1,2026-08-23 16:27:03,permainan sistem nunggu driver gofood 3 jam akhirnya dicancel,negatif
f0acf9e2-211d-44cd-8bd5-39f77aa4218e,M NAWI NAWI,5,2026-08-23 16:07:35,sangat mmbntu sekali,positif
01f95a2a-8c7d-4f62-9bf1-0eec0332d244,chaya,1,2026-08-23 16:02:47,"susah untuk dapat driver, terutama jika menggunakan promo, padahal kami hanya menggunakan fitur yang tersedia. harga aplikasi dan biaya tambahan juga lebih mahal dari aplikasi lainnya. tolong dievaluasi. berhenti berlangganan dengan gojek, KECEWA BERAT!!",negatif
e02a718a-69d6-482b-ae65-901378bdf664,hidayat santoso,5,2026-08-23 15:17:59,Tambahin dong min Go Message(reflexi/tukang kusuk),positif
fa4b4158-e005-41e7-9268-0f6c64458b70,Warkop Kalog,1,2026-08-23 14:51:02,"diskon ongkir RP1 tpi nunggunya sampe 2 jam, gilaaa!!!",negatif
9d4afaab-de7c-4fa9-a6c5-e1fa813e6b7a,Umi Larici Pinayomi,2,2026-08-23 14:30:33,"ini yang bermasalah mapsnya atau apa sih, hari ini 2 kali saya membatalkan gocar. yang pertama p3ngemudi tidak jalan dan tidak menjawab chat. yang kedua karena pengemudi minta pembatalan karena masih makan",negatif
95509654-376b-4d0a-8efe-5789b03d6152,Eva Yanti,1,2026-08-23 14:28:26,setiap mau mesen gocar ntah kenapa selalu dibuat melintasi jalan tol padahal lokasi tujuannya deket dari tol bukan berarti harus dilalui dari tol. seharusnya jarak 9km malah jadi 21km di aplikasinya gegara dipaksa lewat jalan tol.,negatif
65824528-20ba-463a-a5c6-c7c46df8748d,Najha Nabilla,5,2026-08-23 13:41:11,"bagus, kepake terus pas lagi sakit",positif
6cddbc67-2854-4b59-b23d-c2fa5fe2ef53,Dewi Nurmalasari,1,2026-08-23 13:39:31,nilai nol sih kalo ada buat Driver nya!!!!,negatif
c2fcd81d-247c-42ad-9227-1cdd3bfc9c9d,dokja,1,2026-08-23 13:39:02,"annoying banget waktu beli gofood susah dapet driver, bisa dibatalinnya harus nunggu 40+ menit :( kan udh laper bgt... mau pesen yg lain takutnya diambil yg ini... jangan lama lama dong :( kan bisa kayak 15 menit gitu... buang buang waktu tau",negatif
374423f3-aaba-45fc-9990-47d4623bb5ae,Niken Nyssa,1,2026-08-23 13:34:03,"Tolong dong!, fitur pembatalan nya dilamain lagiiii",negatif
ffa59497-0bd3-409d-822f-03b21424e3d4,Lintang Kurniaty,1,2026-08-23 13:20:36,"Sulit dapat driver, udah nunggu gofood hampir 2 jam tapi ga kunjung dapet driver padahal saya udh kelaperan.",negatif
2f86caac-d12e-46c2-bcf1-5c434ed37fd7,taufiq ainun,1,2026-08-23 13:07:27,"sudah menunggu 15 menit driver gak bergerak sama sekali, kalo di batalin kena biaya 3k payah betul merugikan konsumen",negatif
9520dc65-7490-4708-b1e2-d1961adde003,Kresna Bayu Wicaksono,1,2026-08-23 12:59:06,"Tolong kembalikan opsi pengiriman go food yang sebelumnya... Yang sekarang hanya ada yang biasa dan yang hemat 1 rp, untuk yang biasa mahal banget walaupun udah pake plus sedangkan untuk hemat sangat sulit mendapatkan driver bahkan berkali-kali terjadi pembatalan dari sistem karna sangat lama tidak mendapatkan driver. GAK BALANCE BGT !!!",negatif
e63b15a9-0eb8-4154-bd20-fbef20ee6f3d,Turen Indah Properti 354,1,2026-08-23 12:47:52,"belanja di alfa depan hotel,dapat driver jauh dimana,jadinya lama nungguin",negatif
92486dab-92a7-4b95-8894-4c94c3994073,elvan rayhan,5,2026-08-23 11:52:54,makasih gara gara gojek tiap hari aku makan enak,positif
34802e28-4b38-4bfb-8166-2d16da1b8813,Abu Harits,1,2026-08-23 11:22:59,Nunggu Gocar sekarang lamaaaaaaaa bgttttt,negatif
30c1689b-e768-4c8a-8977-8670dbce667c,Raymond Darius,1,2026-08-23 11:21:59,"saya tidak tahu kenapa, tiba tiba sekali gojek ini memblokir gopay saya dengan alasan yang tidak jelas, padahal dari transaksi nya udh bisa liat kalo itu cuma dipake buat pesen ojol. Karena pesan ojol jadi keblokir gopay saya?? tolong berikan itikad baiknya ya",negatif
c418ce87-4357-4950-af80-314b654df086,Kurn Cobian,1,2026-08-23 11:02:56,"tolong dong hilangin pesanan gabungan, pesanan saya udah gak enak,lama pengantaran nya. dah gitu driver ngedumel masa bayaran nya cuma 2500,saya bayar kan 22500 maksud nya apa? kasian sekali driver cuma dapat 2500. tolong di hilangkan saja,pesanan gabungan.",negatif
e69c39cb-66ed-4300-bea5-868a1d558cc0,Ashilla Kinara,1,2026-08-23 10:21:27,hilangkan pendapatan ongkir goceng ke driver,negatif
23162e8d-093f-4a38-b90a-68e614e34bcd,Akun Privasi,1,2026-08-23 10:05:45,Koin Ngga Masuk Udah Ada 5 Ribuan Sejak 2 Hari Ini Kenapa Eror Gini Tolong Perbaiki Cek-in Gopay Cat Jadi Riset Dari Awal,negatif
7c2d4ecf-fb60-4cd4-be01-d3516d761389,ummi liany,5,2026-08-23 10:04:58,sangat terbantu dimanapun berada di seLuruh Indonesia,positif
5bcd6255-56ea-4073-add6-24f031adacd6,Akmal Akmalaceh,1,2026-08-23 10:02:25,aplikasi nya bagus cuman drivernya banyak sampah.. di kira nya yang naik gojek semuanya gak punya kendaraan sendiri.. memang sampah driver nya,negatif
1cf5551f-f600-442a-874f-9fde0fc09574,lucia winanti,1,2026-08-23 09:47:10,"kemarin pesen gojek,chat ga dbalas. waktu dia datang,dia ngomong kalo kejauhan. saya iyain sambil senyum. habis tu bawa motornya awur2an, ada polisi tidur asal trabas tanpa dipelankan gasnya. saya deg2an takut jatuh. lalu biasa turun depan lobi,doa turunin di pinggir jalan. kalo driver ga mau ambil orderan,ya dicancel aja. masih banyak driver baik lainnya,cuma karna segelintir oknum jadi bikin jelek. makin kesini semakin banyak driver yg semaunya.",negatif
337a6221-64f2-459f-9944-96b33ece7ab2,Ziky Ahmed Dwicahyo,1,2026-08-23 09:20:29,"Bikin program gajelas, ongkir 1 rupiah tapi pas dipilih gaada driver yang mau pick. Buang buang waktu orang aja",negatif
c0bcb506-1070-42e8-9797-35326bbff82b,Erwin Irawan,1,2026-08-23 08:14:27,tidak bisa di download,negatif
e7f723d6-b07d-465b-806b-46322a375c68,Sukma,5,2026-08-23 07:58:13,bisa di gunakan untuk sesukanya dan banyak diskon yg di perlukan,positif
e6cb3b7b-acb9-4295-ba8b-6867586e3461,Marsyana Onna,1,2026-08-23 07:54:17,tapi yg saya tidak sukak semua pengemudi gocarnya tidak ada yg jalan padahal sudah dipesan,negatif
0d869a06-cd26-45a0-bc46-56b3f1d6e5d4,febri aja,1,2026-08-23 05:05:41,"makin kesini makin susah dapet driver, gamasuk akal banget 2kali pesen makan hampir 4jam nunggu ga dapet driver semua, lama lama jelek ni aplikasi",negatif
7108362c-67c8-4bae-9629-ca02906db191,Arif Hidayat,1,2026-08-23 03:45:23,perbaikan system yang merugikan saya sbgai pengguna,negatif
b5bdb787-df63-401a-9706-10cf7b6722bb,Garcia Simanjuntak,2,2026-08-23 03:32:21,benerin dikitlah aplikasinya,negatif
6486e501-9cf6-4ef7-aff0-6582b235874e,Adly Ardian,5,2026-08-23 01:21:13,"Gojek aplikasi yang bermanfaat, pertolongan pada saat sedang membutuhkan",positif
74859a50-740a-46af-90a8-7cd864c2fdde,Lexy Dreegen,1,2026-08-23 01:08:24,andai bisa langsung komplen ke cs/siapapun bnyak bnget pngen saya komplen,negatif
137df15a-f250-4c3e-8eed-101c12c820f3,Farman Theaa,5,2026-08-23 00:42:41,APK GOJEK oke.... 👍 tapi sayang pihak gopay pelit. paylatter pun di tolak terus. beda kaya DANA. Langsung aktif DANA CICIL.,positif
fd491253-6e16-4ef2-9915-3b977c98bf13,ananto prabowo,1,2026-08-23 00:04:38,hari ini saya benar-benar merasa dikerjain. transaksi pertama menunggu sampai batas waktu. pesanan belum juga datang. transaksi kedua juga sama. kalau di total menunggu sudah hampir 2 jam tanpa ada pesanan yang datang selain kedatangan permohonan maaf yg templated,negatif
173b01f6-a52d-44a8-a3ce-efec2c5f4c47,Chandra Mahesa,5,2026-08-22 23:46:01,gojek selalu terbaik..,positif
e71ceca0-5a4a-45d0-a3a3-8b395bbee54a,Rian Juli,1,2026-08-22 23:45:24,Sistem yang bobrokk,negatif
51746fda-227a-484d-b710-919e90acf583,suko aji saputro,1,2026-08-22 23:37:00,"pesan makanan nunggu sampai 2 jam, akhirnya cuma dibatalkan",negatif
043213e0-aedd-4dc0-be48-915c39b985a4,Putri Salsabila,1,2026-08-22 22:53:52,"lama nyariin driver nya, gajelas benci",negatif
ce893b50-e49a-473a-88ea-ced7425db938,tri wahyudi,1,2026-08-22 22:43:38,resto kalau udah tutup kenapa di aplikasi masih buka .... bikin lama ...,negatif
48f7d51e-861d-4279-bd3b-479b701d3bc3,Dhannell Lumopa,5,2026-08-22 22:22:56,apk semenjak update jadi agak lemot,positif
983921e6-6012-4911-abbb-a315e4d8afdf,Elly Rahmiyati,1,2026-08-22 22:18:14,Sudah tutup dan menghapus akun aplikasi kenapa masih terlihat aktif dan dapat menerima saldo.,negatif
af494dec-d59c-4ba6-841e-602ed8ca9281,Devi Nanditya,4,2026-08-22 21:12:10,tolong lebih sejahterakan para rider nya,positif
033a563b-b717-4b41-844a-7cc823b818b3,Azani,1,2026-08-22 20:58:59,"LAMA NYARI DRIVER, UDAH LAMA TRUS TIBA2 DI CANCEL",negatif
f943c0f3-3196-4fa9-af0b-f1870d7fbf8c,Yoini Jesica,4,2026-08-22 20:50:06,"padahal dari gojek nya yang ngadain diskon murah 1k tapi giliran pesen makanan gitu lama bgt dapet driver nya sampe berjam' lama tau nunggu nya, orang lagi laper' nya harus nunggu lama uda nunggu malah ga dapet' sampe di batalin",positif
b2986f5f-874c-42d1-b4e8-6c119cb0b7b3,Nurmeilani,5,2026-08-22 20:47:32,"suka banget sama fitur gosend nya,bikin g ribet kalau mau kirim pakaian mknn dll",positif
bfed74a2-dd22-43db-859d-b200ce74d717,Afwan Ghofur,2,2026-08-22 20:29:48,"tolong kalau order di daerah pegunungan jangan kasih driver yg pakai motor listrik. aku order yg datang motor listrik sampai takut motornya gak kuat, jarak juga cukup jauh. motor listrik harus di daerah perkotaan saja.",negatif
18e729d0-5ef3-4060-8244-cb072a300560,Rida Ein,1,2026-08-22 20:14:18,"Aneh bgt baru sore tadi order gofood masih banyak promonya, malem malem cek gofood tiba tiba promonya pada ilang pdhl ga pernah aneh aneh tiba tiba di blokir ??!! Tiap hari pesen gofood ga pernah absen dan ga pernah macem macem tapi DI BLOKIR?!! YG BENER AJA KLO KAYA GINI ILANG DAH TUH SEMUA CUSTOMER LU PERCUMA BGT LANGGANAN GOJEK PLUS TIAP BULAN TAPI TIBA TIBA DI BLOKIR TANPA SEBAB",negatif
9921445b-63fe-456e-bed5-9bd024110df4,Angel,1,2026-08-22 19:29:30,jelek pelayanannya drivernya lolot. ternyata bener-bener males drivernya udah dapat malah hilang ga jelas drivernya,negatif
b754deca-3140-4bac-93c5-966aa83b5206,Rizky Alfinsyah,1,2026-08-22 19:01:07,"aplikasi busuk, jaringan bagus tapi didalem apknya loading terus, lagi urgent ngirim barang apknya malah lemot, payah.",negatif
747b07d0-5bfe-47e1-ab14-ea5bc51ff391,Susanti Aja,1,2026-08-22 18:31:54,sudah nunggu 1 jam setengah masa gk ada driver yang bener udah ganti 3 driver . posisi dekat tapi malah menjauh .. kalau cansel dri pelanggan harus bayar 3rb padahal saya udah nunggu lama banget,negatif
797bacb5-81ea-44f5-8217-8e40e94b48d7,Nur Rohman,5,2026-08-22 18:27:48,sangat membantu untuk perjalanan yang dibutuhkan..,positif
4d410b6c-e37f-40d0-b67b-aa0176b3274a,Wn Sptk,5,2026-08-22 18:04:13,"terimakasih selalu membantu kelancaran pulang pergi sekolahnya dari SMP hingga kuliah anak-anak kami yang pertama sudah Selesai kuliahnya tinggal adiknya tahun semoga depan, aamiin. pesan, untuk pinjaman uang, tolong di cek dulu kebenarannya sebelum mengeluarkan uang, sebab akun anakku digunakan orang yg tidak bertanggung jawab pinjam uang gopay pinjam hingga kami harus menyicil 3x dimulai bulan juni2026 hingga awal September. yg seharusnya uang untuk bayar UKT malah bayar cicilan orang",positif
2fa18bce-7950-45d8-8f02-cc19dde0e383,Devy Naira,5,2026-08-22 17:39:10,selalu membantu ketika tidak ada yang antar,positif
b3582f41-6a58-4776-b0c3-92c9c32cec5a,Endro Aji Setiawan,4,2026-08-22 17:24:22,on time n ramah,positif
17d65337-c9e2-4640-9159-6a4d7b189495,Radin Ka,1,2026-08-22 16:40:06,"Driver gojek motor, nyetir nya ngebut.. ada jalan berbatu malah ngebut terus.. driver tidak sopan, tidak menurunkan saya di tempat seharusnya karena alasan yang tidak jelas, membentak saya padahal saya sudah ngalah buat turun, ga bagus banget ini aplikasi.. gk jls. Masa mitra juara gojek tapi sikapnya ngegas..",negatif
1cc9c363-9572-48aa-863d-24a03a968a8d,Wilka Sihombing,1,2026-08-22 16:36:15,ga guna vouchernya,negatif
01b262e7-6134-445f-8e7e-c4997256b760,Mohamad Aria Putra,1,2026-08-22 16:12:16,sulit dapat driver untuk gofood belakangan ini,negatif
45e8a091-466a-4cea-9f04-5b3d84b61b87,Felix Ega,1,2026-08-22 16:10:55,dapat driver lama amat nih aplikasi,negatif
32b53f24-9cf1-431c-a445-d315d1f846d2,Wahyu Alwi,5,2026-08-22 15:21:11,drivernya banyak yg solid dan ramah 👍,positif
9f70d53e-f3c8-4702-ab26-f542ba0c37a1,obon Tareja,5,2026-08-22 14:50:51,selama ini ga ada masalah sangat memuaskan..,positif
fa8462d3-110a-4bd5-8678-ec7b30f3c163,Y3T SOFA,1,2026-08-22 14:49:53,"aplikasi go pay pinjem yg nagih gak punya akhlak, anjirrr. padahal baru telat sehari, lagian kita juga bayar denda, terus sdah langganan, asli gak ngotak cara nagihnya. Lunas aku hapus nih aplikasi. ganti ojol lain aja.",negatif
5223c9ee-7cb9-4ce8-8c47-a591a43ce1e5,Asep Nopriadi,2,2026-08-22 14:35:03,"saya coba main ""laris mownis"" selalu error dengan tulisan. ""Gagal mengambil file: STG00004/background"" sudah reinstall, tetapi masih sama.",negatif
11a28242-f529-4a46-bf69-c3a9f7acdda7,Dadang Farid,5,2026-08-22 14:32:43,"Min, tolong diteruskan ke tim operasional. Kondisi armada GoRide di lapangan banyak yang tidak layak jalan dan helm penumpang tidak pernah diperbarui. Sangat membahayakan. Mohon ada program cek kelayakan & peremajaan helm. Terima kasih.",positif
921badba-e758-4685-9537-1194ee41be1a,angga bayu,1,2026-08-22 14:24:01,"Ongkir gofood terlalu mahal, 2-3 KM ongkir paling murah 21 rebu hmm",negatif
4874a937-a9cb-417c-bc84-586851836599,deo,5,2026-08-22 14:19:21,developer nya gen z pasti 😭😭,positif
67abe1d9-a7cc-4618-99c4-f527be7a63b1,mega yanti,5,2026-08-22 14:06:19,diskon promonya di banyakinnn lg please,positif
200abc6e-1004-46df-930e-d771cad97ae7,Bang Rony,1,2026-08-22 13:11:32,sekarang susah cari driver...masak harus pake prioritas.makin lama makin susah,negatif
7c1bdbff-8a75-4ee6-8642-e910d7df5ea0,Iema Inukai,1,2026-08-22 12:51:04,"kesal sekali, ketika payment yg mau di ganti dr cash ke gopay selalu bermasalah,tolong di update ulang",negatif
f7ff8fe7-98ab-41b0-b6aa-f1b45a003a41,Shara Franika,2,2026-08-22 12:40:34,ubtuk pesan layanan gojeknya cuma bisa pake data seluler tidak bisa pake wifi,negatif
d3c0e53e-a4e2-4b2d-9381-8efdf8abebfd,Ade Jaya,1,2026-08-22 12:30:59,"Saya pesan makanan, ditunggu 30 jam gojek nggak datang-datang. Gak beres. ---- Pengemudi di Serang, Banten, banyak yang nggak beres. Saya disuruh nunggu, tapi pengemudi nggak datang-datang.",negatif
808293a4-8a14-4c07-8f42-2d4a5effef2e,Putu Kariana,1,2026-08-22 12:27:03,"bad services, buang2 waktu, layanan sudah mahal, ujung2 nya TDK dpt driver, kapok pake app ini",negatif
bf7ad18a-6908-4c88-bba7-68157d4a18e8,Nuni Darma,5,2026-08-22 11:48:54,"Sangat praktis, klo laper Gofood aja💙 klo butuh kendaraan Gojekin aja💙 super cepat dan murah👍👍👍",positif
134e91ec-ae38-4be6-afea-3535123476ca,Iwan Setiawan,5,2026-08-22 11:44:57,sangat membantu untuk kami yg membutuhkan perjalanan yg nyaman dan aman.,positif
c4ff4c1c-cd62-4ee0-afaa-6646d881287d,Maulana Abdillah,1,2026-08-22 11:37:10,apliaksi lu jelek,negatif
3f099e1e-cf1e-4c0d-8383-d3f428efe919,shandy erma almaira,5,2026-08-22 11:32:16,"bagus bngt, makanan, minuman, belanjaan, semua uda ada tanggungannya dari pihak gojekk, bahkan 1 bungkus mie yg tertinggal/tidak di antarkan oleh pihak market yang saya beli, di tindak lanjuti dan pengembalian uang hari itu juga tanpa pengurangan uang sedikitpun, the best dehh pokoknyaa, apk fav aku kalo butuh apa apaa selalu bisa di gojekk. ❤🔥",positif
a2b203a0-a79d-4e07-8253-64d2d3487761,Oliva Nasa,5,2026-08-22 11:14:31,semua pelayanannya sangat memuaskan,positif
26616f46-97ba-4a8a-8581-8b557e0e3cd2,Suhadi 65,4,2026-08-22 10:08:32,mudah dan simple dalam perjalanan,positif
2b32f9e7-9f48-4d8b-bfff-c9a60153c3cc,Nana,2,2026-08-22 09:54:30,map ketika Makana sedang di jalan kecil banget,negatif
481bd61b-f09c-4556-95f0-9dab8bb61335,Hengki Oktavianus,1,2026-08-22 09:41:25,Pesen gojek g ada satu pun driver yg ada.... Tp sy pesen indriver... Banyak drivernya... Dan yg datang ternyata pakai jaket gojek... Pantesan sy pesen gojek g dapat ternyata,negatif
70120fe0-3615-4130-9d23-1c5cb2a40b8d,Zahra Adiba,2,2026-08-22 08:55:17,kenapa sopir gocar atau gosend yg mobil tidak ramah? kebanyakan seperti itu. menyebalkan sekali,negatif
1cf17186-bf49-4baf-bf89-88c2398154d4,nathan k,5,2026-08-22 07:55:15,"mohon di perbaiki titik menjemput nya tidak akurat, masak maps nya muter lewat belakang padahal di depan gerbang nya. ini membuat pelanggan males pakai gojek kalu pakai grab titik nya pas.",positif
128732f4-1ef8-41e9-bf9e-7cf5f654ca1f,Sukma Menawati,5,2026-08-22 07:48:58,cepat dan aman,positif
6f5d1c98-0a59-4fbc-bc6f-1a3302e277ab,Alsah Azkyah Kautsar,1,2026-08-22 07:38:20,ih knp sih semua hadiah di gojek games pada jd ruby semua pdhl dl bnyk coins. mls la.,negatif
12620a40-f309-4564-b121-90608a949bd9,Erland 12,5,2026-08-22 07:36:05,"ayo dukung gojek lebih berkembang, biar duit gue ga nyangkut lagi",positif
9b1e674c-e796-4928-8460-68af2032435d,Roti Coklat,4,2026-08-22 06:58:03,"lebih mudah pakai ini,tapi kalo mau gofood bener² jarang bgt dpt promo besar²an untuk orang yg kaya saya jarang pake gopay lebih ke bayar langsung",positif
511487e7-e8a1-4cc9-bccd-e8c602764960,Debinta S.P,1,2026-08-22 06:38:49,suka ke double pas pesen gojek,negatif
fbc03682-e20e-456b-a53b-c3269f474509,Nazwa Az-Zahra,1,2026-08-22 06:34:55,tiba tiba uninstal,negatif
084b23fc-9579-4927-ab5e-0e0fc62955f2,Kia,2,2026-08-22 05:39:06,"overall aku selalu ketemu driver yg ngga ramah, entah Dari Ketikannya atau attitude ny secara langsung, ik it's a bad day for you but don't drag it to others. Especially when it's a damn dawn.",negatif
e87776ae-0a1e-442e-8af3-88be1e63ab86,Nday2,5,2026-08-22 02:30:23,"ayolah ka, saya sudah cape2 ngumpulin ruby buat main game bolak balok, main udah 6 jam dan tembus 10k lebih yang harus nya dapat coin 20k malah jaringan eror, padahal wifi dan Kouta aman, di tungguin 2 jam masih eror ayolah ka",positif
ae9660f1-9328-47bd-b52d-601249552b6e,Sasaa 12,1,2026-08-22 02:08:43,Balikin kayak dlulah pengantaran gofood ke reguler dan express aja krna semenjak ongkir dikasih 1 rupiah jdi susah buat dpt driver+ga bisa dicancel,negatif
99803dd2-ad27-43f7-8cba-ba5c11dc8e1d,Eka Wijayanti,5,2026-08-22 00:35:00,sengaja bintang lima biar lebih dibenerin lagi nih aplikasi 😌,positif
9de9bab8-1a7e-4cea-adcb-648f26af9f99,Dede Yusuf,1,2026-08-21 23:51:13,kesannya melindungi driver yg bermasalah.. laporan sy ditutup tanpa ada penyelesaian.. bye gk akan gw pake lg apk ini!,negatif
ea6d2b55-ccec-4e39-b86b-884d60c89f42,Yaroslava,1,2026-08-21 23:50:29,"kalo iklan jangan layar miring, udah mah nggak ada tombol pencet keluar/ sengaja nyelip diantara navigasi hp.",negatif
293b8ec4-5713-4e35-bd39-5f4ffd688a36,Eka Wulandari,5,2026-08-21 22:55:01,"mntap sll dapet diskon, tapi tolong diskon nya kurangin lagi dong seller biarlebih smngat order trus diapk gojek tengyuu",positif
82c92dab-948a-4752-a7ba-6e9ad83178d4,Jodi Kurniawan Santoso,5,2026-08-21 22:06:15,lama bangat keluar fitur mode gelapnya...,positif
dcb04056-3abf-45e6-be7c-e259635ff321,Fery Fernando,5,2026-08-21 22:03:23,"Nih gojek harus perhatikan orang seperti ini nih,tolong dong di notif pesan saya. salut dengan pekerjaan bapak ini. saya orang nya profesional menilai dengan fakta yang terjadi dilapangan . bapak ini hebat . harapan saya gojek bisa nih angkat bapak ini menjadi the best driver in years ✨ Di account ku ada TRX terakhir bapak dengan kondisi spesial namun berhati luar biasa sabar nya minta ampun . tolong gojek notice pesan saya dong .",positif
eeff0a42-8ab3-4e3f-8ac6-e49fbdad5c34,Herlin Octavio M,5,2026-08-21 20:31:02,"terpantau dari 2017 sampai skrg masih stay, setia pake gojek.. bagus bgt pelayanannya sejauh ini.. terimakasih gojek semoga selalu memberikan yg terbaik utk semua..",positif
11f97b9c-2f9e-4d4d-90fa-c4a2450c7e23,yundi esa,2,2026-08-21 20:09:13,"ini gmna sih susah amad dapet drivernya, pada males2 tah driver gojek ini ?",negatif
f0fca7f0-e269-456e-88a9-300b34c81d1d,Siska Priyanti,1,2026-08-21 19:49:52,"pengalaman terburuk, saya pesen goride comfort, dengan argo 44.500, cuman saya rubah tujuan yang lebih deket cuman 2km an, nah pas saya edit ubah tujuan kirain argonya bakal turun ternyata argonya tetap sama di 44.500 padahal jaraknya lebih deket, dan anehnya di saya ga berubah argonya tapi di driver malah berubah dengan harga 12.500 . gila ini bener2 aplikator korupsi parah, saya bayar 44.500 tapi driver hanya dapet sedikit . udah lapor bantuan jawabanya tanpa solusi, lebih baik naik grab aja",negatif
5e5b2e21-43da-456d-bbec-7b98ba7799f1,Dakota McBride,1,2026-08-21 19:43:22,uda bayar pke gopay eh drivernya mnta bayar di apk drivernya juga bayarnya jdi tunai gmna sih jdi bayar 2 kali,negatif
9164f441-8295-4bdc-958a-3285c9604442,Poedyo Poernomo,5,2026-08-21 19:10:08,sangat baik serta sopan,positif
e1cb8a6b-3543-4a36-9e19-d261ce8f042c,BLX_CHANNEL,1,2026-08-21 18:41:02,tolong kembalikan akun saya tidak memakai gopay tabungan by bang jago,negatif
32501c60-0565-41fc-b851-2a564693b16e,Rai Eka Nurmida,5,2026-08-21 18:00:52,pesaan yang cepat pun terkadang dapat nya lama😩,positif
44068de7-84d7-45e8-ae3b-0359ee59c074,seisa putrii,1,2026-08-21 17:43:34,"makin hari kok makin naik ya harganya padahal udah langganan mana perhari beda terus naik harganya,pdhl sama sama untuk kerja tapi kok makin hari makin ga ngotak naikinnya",negatif
e54bc99d-f71e-4dd9-acd3-95ee04d032c6,Nazira Taher,1,2026-08-21 17:35:57,ONGKIR MAHAL HARGA SAMA ONGKIR GA NGOTAK,negatif
e78e9040-bbad-4ac8-954a-1cc8b78e9692,Ar Ya,1,2026-08-21 17:27:39,difitur gosend driver tidak bisa menghubungi penerima,negatif
f5c7ee6a-27be-4500-8dec-8ab3beeb5031,Ajil Sondach,1,2026-08-21 16:59:42,"rutenya tolong diperbaiki lagi, khususnya pake Mobil.Saya telat mulu kalo driver nya ngikutin rute dari Gojek dan tolong nih untuk layanannya setiap saya pesen gocar mereka selalu tidak jalan dan tidak ada chat apa-apa. padahal saya udah pake harga tinggi + prioritas tapi masih aja ketemu layanan Ghoib",negatif
fd57106b-25a6-432f-a737-c5898574e807,Iis Supartini,1,2026-08-21 16:45:03,"baru kali ini saya ditipu pihak gojek, saya beli barang di aplikasi Shopee yg kebetulan ada opsi gratis pengiriman instan yg dikirim oleh GO-SEND, eh kurir nya malah minta uang ongkir lagi karena yg menerima barangnya anak saya, akhirnya dikasih lah uangnya. Sebenarnya bukan masalah uang nya tapi kurirnya yang bohong dan ada niat nipu nama kurirnya YOPI SOPIAN no. D2055SCA HONDA BEAT meski uangnya tidak seberapa semoga bermanfaat",negatif
4c803455-faf2-44fe-a8b7-3a2ce288e26e,lattifah ningrum,4,2026-08-21 15:49:26,pesen gosend lama banget dapetnya hhuhuhu,positif
bd94b297-adfd-49ab-923c-e21b5c98456c,Bambang Catur Supriyadi,5,2026-08-21 15:22:37,Pelayanan ramah dan cepat,positif
bf8ff6a9-1976-42fe-b818-f260648b688d,Stepanus Kilimandang,5,2026-08-21 14:23:45,"sangat membantu, dan terpercaya, 100%",positif
71cfc695-afe5-4af1-9eab-0439cadc78dc,nurma irawan,1,2026-08-21 14:11:42,apk sering eror,negatif
d5be68d6-66f3-4bb3-beb1-982751732d8b,David Sutarno,5,2026-08-21 13:14:19,Asal ngasih bintang gak dosa kan ya?,positif
08856f0a-9c2c-4210-a2b7-65972f319acd,shinn,1,2026-08-21 12:56:23,galagi lagi make ni apk ketemu driver yg emosian gwah 😔🙏,negatif
6cc5b84f-2559-415b-b6db-21c1650c0316,Dzakwan Muhadzdzib Awwaab,5,2026-08-21 12:46:21,"saya punya saran, tolong tambahkan tema gelap di aplikasi 🙏",positif
6388d32a-b559-45e0-9be0-c07b1d21384e,ressi sartika,1,2026-08-21 12:06:42,"Sial banget pinjam di aplikasi ini, saya sarankan gak usah pinjam di aplikasi ini mau seratus ribu kek berapa kek...Belum lewat hari jatuh tempo sudah nerornya minta ampun...OJK loh padahal.",negatif
115fbb81-b3b5-4082-88af-d3b1002abe86,RJT teknik,5,2026-08-21 12:06:08,top deh pelayanan nya,positif
b074b2b0-6f7f-4198-bccc-d757967d2e84,Yeni Tuti,5,2026-08-21 11:55:40,"nyaman aman dan terpercaya, driver nya ramah ramah",positif
92046254-c008-4b98-a122-019de16fbee4,Lintang Kartika Sari,1,2026-08-21 11:54:58,jangan pernah aktifin gopay later dan gopinjam sengsara ntar idup kelean. nagihnya kasar. uninstall udah alhamdulillah lepas dari nih aplikasi setan.,negatif
6774262b-eb7f-40e4-af02-2ddcad585b55,Pengguna Google,5,2026-08-21 11:54:56,"tadinya mau ngedownload ni aplikasi gojek, ehh liat tmen"" pada kecewa jadi kagak jadi dah",positif
e185d7ea-d73b-4ad7-a01a-cbdf9b3d3551,Amrin 0703,1,2026-08-21 11:43:11,maaf sebelumnya.. 1. driver telambat 13menit. 2. driver kurang sabar menunggu ongkos.. pdhl SDH di beri tahu sebentar pak.. dan paling yg tidak saya sukai driver menyaut jika di kasih tau...,negatif
b01c3f5a-3429-470c-8e22-7841dea5ba79,Raymon,1,2026-08-21 11:23:58,"Petanya error, tdk sesuai orderan, seharusnya fitur downpayment diaktifkan spy cicilan ringan di fitur gopay letter, sulit utk melakukan pembayaran paylater, Supir gocarnya kebanyakan minta cancel kalau orderan sdh masuk, spt tdk niat kerja aja",negatif
c22c155f-545e-47cf-a9fa-e07d1b449b32,Adi Pargama,5,2026-08-21 11:14:50,aplikasi game laris manis nya error tolong di fix terima kasih,positif
a6ea653f-8726-4db8-a5ca-d751211565c8,mozza,5,2026-08-21 11:13:12,driver sangat sabar ..mau menunggu. terima kasih..,positif
4f219303-a099-4498-906b-82843895cd48,Criptixy,1,2026-08-21 10:51:20,tolong lah jgn ribet amat udh update masih aja ada bug GK bisa TF ke jago atau pake qriss,negatif
74df8814-c999-4776-bbb1-be9d4562cada,Uci Luthfi,1,2026-08-21 09:09:21,"kenapa setiap driver gojek naik motor ugal ugalan 2 kali hampir kenapa"" tolong diperbaiki",negatif
4b2bba03-dfa0-4dfc-b7ef-b69a81a5bd95,Rafa Putra,1,2026-08-21 06:34:05,saya sudah pakai booking prioritas tapi sama aja nunggu dapetnya lama gimana nih,negatif
71f7a812-6282-4246-b962-75b9086cdb0f,Nur Rohim,1,2026-08-21 01:56:30,mau hapus akun aja ribet ini gojek. nggak jelas.,negatif
94de7971-c40d-444b-bb06-e0fcd8d0ce86,rafi ajah,1,2026-08-21 00:31:10,saya pesan makanan belum sampai tapi ditulis sudah diantar yg mana saya sudah bayar makanannya,negatif
81c6103d-0aa1-4069-b7c3-86b19849410a,Hendro Retno Agustino,5,2026-08-21 00:24:10,karya anak Bangsa mnrut saya sangat membantu mantap,positif
5d2cd3f3-d5dd-4c8e-a0d4-0088fcb2f8a4,De'iQis Windi Susanti,5,2026-08-20 22:54:45,ok banget pokok nya,positif
8d9440e2-4791-400b-9e20-8beda5bc1b74,Qothrul Aziz,1,2026-08-20 22:31:13,"ga ada keterangan samsek pesanan diterima atau nggak udah nunggu lamaa sampe lewatin estimasi dan ga nambah bar masak atau pengantarannya, jelek banget sumpah. pertama kali kecewa sama ni apk padahal biasanya bagus",negatif
cadfd4ca-432a-4511-a536-92f5e37530c1,Ometrix,1,2026-08-20 20:22:24,"perbaiki metode gofoot nya,nunggu 1 jm di batalkan sama penjual alasanya driver tidak di temukan,harusnya ada solusi lain kalo gini kan yang di rugikan kita konsumen yang udah nunggu lama 😫😫",negatif
e5830cd9-b40d-4ea3-935c-4cf462ede6ff,Yogi Andrian pakpahan,1,2026-08-20 20:13:02,parah aplikasinya pokoknya kalo udah menjelang sore dan malam pasti argo jadi mahal banget !!,negatif
c55cb28c-82c4-4c91-a3e5-21e29d1ed4cb,Andreas Yodeswa,1,2026-08-20 19:05:04,mau untung gede....ga bayar lebih ga di anter cepat.,negatif
c719c17a-0c55-48ac-aafa-9512d65f5dbd,serly lestari,1,2026-08-20 18:54:11,MAHAL TIDAK ADA PROMO,negatif
b4ba0cb7-522e-4aad-aa68-32c589884057,Ahong Trans 105,1,2026-08-20 18:41:49,tolol otp kaga masuk masuk padahal no hp Email dah bener semua,negatif
21fc4d86-6b4b-4836-b1ac-a91908f25bfc,Rosina Landom,1,2026-08-20 18:37:22,lama proses nya,negatif
e2d1dc2d-dcee-4789-90ed-cf1fe80ab978,Indra's Family Channel,1,2026-08-20 18:30:38,sekarang pesan gofood susah dapat driver,negatif
0e2a93d4-f1d9-4220-b036-7873c43b542e,Ridwan Nurjaman,5,2026-08-20 17:14:09,dari dulu pakai Alhamdulillah mantapp,positif
b14833a1-018d-4486-9a0d-c86476fbf398,endang dwi kristi yanti,1,2026-08-20 17:12:11,kalau bisa saya kasih bintang minus. cara penyelesaian masalah tidak ada titik terang. terlalu menutupi identitas driver. padahal driver bawa kabur uang sy tidak ada tanggung jawab dari mitra. jngan pakai apk gojek,negatif
609224c1-a099-4180-be16-9c88690647cb,Akun Guest,1,2026-08-20 16:35:03,upgrade ke gopay plus ongkir gofood malah semakin mahal,negatif
9842a9bc-9f98-44f8-a9d7-2c745ad08e6a,suputra manuaba,5,2026-08-20 16:21:47,bagus dan bermanfaat,positif
153c430a-9329-49e5-843b-a67a2cf79187,Riyan,1,2026-08-20 15:54:48,"bisa ga verifikasi pakai email aja nomer telfon ku lama ilang jadi gabisa kalo lewat SMS atau WA, mohon ngerti apk gojek bangsad mana NIK KTP ga bisa di ubah juga",negatif
093c411c-e934-4145-b75c-2b58abd06d90,Rizky Satria Buana,1,2026-08-20 15:26:55,Mending ga usah deh ada opsi cepat sama murah kalau misal opsi murah ga bakalan di anter.,negatif
d645c52c-66dd-4724-9259-571ad7689dc9,Resti Jbi,2,2026-08-20 15:23:10,kok mencari nya lelet banget sih hampir 20 menitan saya nuggu,negatif
3c3ecff0-6f72-468c-8921-9c0d51bd1059,Alfaridz Abimanyu,1,2026-08-20 15:00:30,"saya simpan gojek plus pertama saat untuk acara keluarga nanti, tpi ada sales dari gojek d jalan yang meminta tolong minta bantuan ternyata sama dia di pencetin gojek plus, pdahal saya sudah simpen diskon pertama untuk kepentingan keluarga, akhirnya terbuang sia-sia dan tidak terpakai untuk acara penting saya",negatif
72144687-6560-4cb8-8497-5f6ed9ff6a68,Suryanti Yanti,5,2026-08-20 14:54:41,drivernya selalu ramah dan datang selalu tepat waktu,positif
3c459377-2dc0-4523-a8bb-2b1964d7b6df,Rafli Mavindo,1,2026-08-20 14:30:35,VERIF WAJAH GAGAL MULU BUSET DAH,negatif
125a673c-ea82-4c04-a293-f8329b7f4d6e,wisnu hartanto,5,2026-08-20 14:08:01,cepat dan aman,positif
4b5711c4-a46f-4903-b907-210f70fafe4e,Daneen Nararya,5,2026-08-20 13:54:40,⭐️ 5 soalnya aku pulang pergi sekolah naik gojek,positif
2bf924ec-ac65-45c1-ab14-b7314293ae89,Stephanie Sutedja,1,2026-08-20 13:49:42,aplikasi stress. ga pesen makanan tiba2 kepencet. motong saldo & ngerugiin customer!!,negatif
fb3c95dc-25e1-4234-b27e-15c7556d53f1,Hervantius Adian,1,2026-08-20 13:36:21,"lama dalam menindaklanjuti laporan, sepatu hilang",negatif
574b7480-067d-40b1-8d27-221e7d294f30,rizky septian,1,2026-08-20 12:50:27,"Gofood di double order, bahkan ada driver khusus gofood yang dibayar 5rb Gosend di multi order Goride di Hematin potongan 8% pun hanya formalitas tidak sesuai karena pendapatan driver tetap sama dia manipulasi dengan biaya aplikasi yang terjadi biaya ke pelanggan mahal tetapi ke driver tetap sama seperti potongan 20% Karma berlaku jek",negatif
4011b985-1c5e-4248-ae05-56dfbb324829,Siti Serut,4,2026-08-20 12:15:23,bagus sekali kak mohon doanya supaya saya cepat menikah,positif
e217c080-a5b4-45e6-a17b-907afacb69b4,Agnelia Siahaan16,1,2026-08-20 11:27:51,"kecewa banget lah, sekarang gojek ini untuk mendapatkan drive transportasi dan drive makanan sangat susah. seperti memang tidak ada drivernya 😔 udah berapa kali pesan dari aplikasi ini, berulang kali memang drivernya tidak ada yang menerima ❌😣",negatif
59f22388-da5b-42e6-b9f8-77ffd4df0176,shziee,1,2026-08-20 11:15:47,"bosok, masa diriau gada gopud cuh",negatif
6a0c6b09-acc1-4a59-b2bf-192dc89d3985,JEFFRY DJAUHARI,5,2026-08-20 10:33:20,"cepat respon, bahkan saat darurat express with safety",positif
2f16ea89-bafc-4e85-bf7a-7be864a6fe94,Naurah Syamilla,1,2026-08-20 10:14:23,kenapa lokasinya berubah jadi jauh bgt?? padahal udh nyimpen alamat rumah. jadi ngabisin waktu nyari alamat lagi,negatif
fee2a51e-5ae3-4852-aa46-461d555c1fe2,Yosep,1,2026-08-20 08:57:51,"makin kesini gak fair. potongan hampir 40%. giliran dapat order besar & di bawah 1 km penjemputan, langsung dibatalkan oleh sistem. dikasih vendor / BB",negatif
38845006-20bd-4626-8acb-8a9af5a82dfa,Alvionita Silvianty,1,2026-08-20 08:53:32,"Promo akun diblokir sepihak, tidak diberikan penjelasan apa salah pengguna. Padahal baru aja perpanjang goplus 3 bulan.",negatif
c754a43b-d854-401b-81c6-50e0ef6718d4,Untoro Widiyanto,1,2026-08-20 07:52:14,udah pesen gojek yang mahal tetap aja nunggunya lama payah nih aplikasi,negatif
8f4f797f-3f8a-4315-ab17-1855824f1b46,Erli Suwanda,5,2026-08-20 06:59:09,Gojek is the best,positif
eb0de357-4b75-4266-900a-e0292196e98d,Prawesti,5,2026-08-20 06:58:14,"dengan adanya aplikasi ini bisa membantu saya dalam mengejar waktu untuk sampai ke tujuan dengan tepat waktu, Terima kasih banyak ya telah membantu seseorang dalam mengejar waktu",positif
25ffcccd-b9c8-426b-9c26-da885a7dc928,paulus purnama,2,2026-08-20 06:33:04,terkadang jika mau pesan gojek anak sekolah pagi...susah dan gojeknya jauh-jauh sehingga gojek minta cancel...sehingga lebih baik pilih aplikasi lain yg pilihan gojeknya dekat dekat,negatif
1263487b-f511-4d45-aae7-cfc7c300e94f,Denaa imut04_,1,2026-08-20 06:27:20,"masa udh ng cancel tapi otomatis mesenin lagi si, tolong dong d perbaikin jngn ada otomatis pesen lagi",negatif
3890530c-b33b-467d-817d-efa76fdb161e,Qonita Mayang Sari,5,2026-08-20 06:04:53,"Mempermudah perjalanan, biaya juga banyak diskonnya hihi sering"" min kasih diskonnya untuk smua masyarakat yg suka naik transum...",positif
c0027516-41c4-46cd-aa6d-4bf2b52f980e,Nau fal,1,2026-08-20 05:49:58,"iklan lu ngemis bgt jir, maksa bgt",negatif
7065ffc2-3c42-4908-9783-d745bcb9a51a,Kepo Aja loe,1,2026-08-20 01:19:39,"pada mau pake hemat murah, mau nya enak cepet tapi kelakuan pada se enaknya, ngorder hemat mampir mampir lah, 2 tujuan lah, ga mau pake helem lah, ngasih bintang se enaknya, penumpang lebih lah... costumernya pada ga waras...",negatif
7b689ad7-e9ca-4d52-9ed5-0d6063b00f16,Maura Sheeva,1,2026-08-20 00:49:04,biasa bisa ganti mode pembayaran sekarang kok ga bisa?,negatif
e7fcab0d-db81-4d05-8b0e-911479e28d8d,Heri Anto,1,2026-08-20 00:33:06,"udah ku hapus aplikasi jahanam ini, sampai kapan pun gak bakalan ku download lagi",negatif
146646f8-cf20-4df9-a1cf-995d58a49d7e,Nopyadi Putra,1,2026-08-20 00:20:06,"Saya pelanggan lama, tapi maaf ⭐1 dulu",negatif
5b394268-07fe-4079-ad7f-04f7958cc9c4,infinixhot50 Plus,2,2026-08-20 00:02:59,"hapus akun yg terhubung dengan pihak yg ke 3 gak bisa , aneh , harusnya bisa kan gopay nya milik pribadi bukan milikpihak ketiga",negatif
f7dbc1dd-de0f-430a-ad75-50b323cdf96c,Maria Magdalena,1,2026-08-19 23:52:00,"aplikasi buruk + ribet!!! saya order makanan hr ini, drivernya kirim ke alamat yang salah (2x)",negatif
541792f1-dc8f-40c4-b67a-7aa1edaea1ca,rosita octaviany,1,2026-08-19 23:34:55,"jelek banget banget bangett 1000x belanja di gomart tidak bisa dibatalkan, hubungi cs gojek bertele² hanya di hold terus menerus rugi pake aplikasi ini cs nya ga berattitude matiin telfon konsumen, di hubungi lagi di matiin lagi telfon nya alhasil terpaksa harus bayar mau gamau",negatif
fbdfadb0-a100-4f5e-b576-ef6cef548385,van mfidz,5,2026-08-19 23:07:36,Tolong tambahkan mode gelap,positif
1dfb919e-d0e4-4c42-a11b-14acb338a0de,Restu Satria silalahi,5,2026-08-19 23:03:00,lumayan memuaskan buat semua aplikasi kendaraan umum. saya Mengerti situasi setiap driver & masyarakat Indonesia. saya berharap jangan terlalu mahal ongkos pulang pergi. apalagi buat masyarakat merantau yang lagi kerja. Beri Masukkan : gimana kalau di tambahi Bemo ( Becak Motor ). Dengan sedikit selisih dana dari driver Go-Jek. Di mana buat driver Bemo membantu rejeki mereka. ok saya kasih bintang 5. tolong di tingkat kan admin👍🏻👍🏻,positif
29f24461-67da-430c-beea-3e7526da7d5a,Fauqiyyah Salimah,5,2026-08-19 22:18:16,"saran saya,mungkin lain kali ada opsi pilihan driver wanitanya, agar wanita bisa dapat driver wanita juga",positif
d8b73f25-2d50-4317-9097-eb92d9ab04c4,iseng Aja,1,2026-08-19 22:11:27,"masa udh nunggu gofood hampir satu jam tiba2 dibatalin otomatis krna toko sudah tutup, pdhal sblmnya blm tutup",negatif
3f1fc753-b866-4895-b933-5a17fa59c6c7,Riski,5,2026-08-19 22:00:00,Aplikasi banyak promo dan tidak pelit👍,positif
0abc437d-2075-40e7-ab48-4f8277066bf3,Bagus Permadi,1,2026-08-19 21:31:24,Di bagian game bolak balok gak fair. giliran udah mau sampai ke skor tertinggi biar dapat gopay coin game nya macet..Di tungguin sampai sejam gak bisa dilanjut lagi..akhirnya ngilang dari awal... buang waktu dan tenaga,negatif
2b584a95-561d-41fe-9bb0-f115ff1ed295,Otodan Zayan,5,2026-08-19 21:24:52,gak bisa berkata-kata ini aplikasi bagus banget,positif
ae14c7ff-22de-4ad5-ba5b-9c3f674e42d2,Ito Okto,1,2026-08-19 21:10:43,laporan saya sampai sekarang blm ada penyelesaian dan pihak Gojek dan seperti ada pembiaran ga ada solusinya,negatif
6a45458b-39d2-4ad3-bf78-b227e9ddaa4e,Toramm Onlin,1,2026-08-19 20:16:58,maen bolak balok selalu eror...payah,negatif
7df7ea10-f652-421a-9934-2e62f0c8127b,MS R,1,2026-08-19 20:16:02,"NOTIFIKASI STATUS DELIVERY GOFOODNYA KOK GA UPDATE SIH? DI BILAH NOTIFIKASI MASIH ""RESTO MENYIAPKAN PESANAN"", TAPI PAS BUKA APLIKASI GOJEKNYA, TERNYATA UDAH DI JALAN. GA SESUAI!!!",negatif
39ce224f-d8ad-4242-bcd7-f149fef82ff9,Tamara Laurentzia,2,2026-08-19 19:38:13,"jelek. aplikasi gopay pinjam gue ga pernah telat, byr tepat wktu, ga pernah telat sama sekali, ehh pas udh mau dipake lg gagal, trs slik ojk gue jelek, pdhl ga pernah telat!!!",negatif
f31505fc-f808-4edf-a755-0316d59da104,Abd Fatah,5,2026-08-19 19:34:30,Utamakan pelayanan dan keselamatan🙏,positif
75d19aaf-d3c5-4c1e-9569-f337bc9e54ba,Vendy Achmad,5,2026-08-19 19:25:27,Sementara blm ada apk yg sebanding,positif
d1b858e6-3857-4980-b5c2-9b5f57482542,angeline,1,2026-08-19 19:13:01,udah nungguin sejam makanan dateng tiba tiba seenak jidat dibatalin cuma karena ga dapet driver gajelas banget anjir ga mungkin bgt gaada driver. kalo pun emg gaada driver jangan nunggu sejam dong baru dibatalkan orderannya mana gaada notifikasinya. kecewa banget pokonya gajelas banget. gaakan pake gojek lagi.,negatif
82100d9f-2f8a-4a5c-bc5f-7f7990247e31,Istinganah Istinganah,5,2026-08-19 19:02:26,"order cepat , driver datang sesuai estimasi waktu",positif
8804466c-2953-4aaf-b3e5-17d62ea078a8,imam guritno,5,2026-08-19 18:55:03,Belanja dg Gojek sangat memuaskan,positif
4a3ca14c-94e7-43e8-875d-02235356320f,nina Agustin,2,2026-08-19 18:32:22,"kalau hujan aplikasi selalu error.., server sering sibuk, sekalinya dapat driver di batalin...bs sampe 30 menit lebih ga dapet2 driver",negatif
c72767a7-1232-48ce-8af9-5dfabb286a1f,Reviewqquuu,1,2026-08-19 18:29:50,"TIDAK ADA KEMAJUAN APLIKASINYA INI. APLIKASI LAIN UPDATE VERSI BARU KARNA ADA FITUR BARU, INI MALAH SIBUK GONTA-GANTI LOGO GOJEK🤣KALAU SALAH KIRIM FOTO KE DRIVER MASA GAK BISA DIHAPUS FOTONYA. KADANG NGIRIM FOTO RUMAH AGAR MUDAH DICARI DRIVER EH MALAH TERKIRIM FOTO LAIN YG GAK PENTING, UNTUNG BUKAN FOTO SYUR.",negatif
06fd9a25-edfe-44c9-8277-330ac3066f77,Winandi Gusti Pratama,5,2026-08-19 18:12:22,"sudah bagus, sangat membantu",positif
307370ad-f3bf-4e18-8ed0-2238f984f13b,Sugi Lestari,1,2026-08-19 18:06:24,"jelek masak pesen makan apa karna voucher potongan jadi bisa batalin seenaknya didetik terakhir, busuk ga berkembang",negatif
ed4c9021-1835-4fea-a56e-9fcb5147d8bf,Syifa Nindya,1,2026-08-19 17:36:06,ga jelas banget gojek sekarang susah dapet driver.,negatif
d3577c5d-5fb5-4175-aa45-cefc2dac9ab8,pria awan,5,2026-08-19 17:09:00,bagus fast respon,positif
6fd2852c-4552-4edb-b2d0-0eca44775f0a,M.farhan Alrafif,2,2026-08-19 16:23:44,woy ngotak lah kalo cancel makanan masa udah 1 jam nunggu baru di cancel ya kalo emang driver nggak ada di daerah pesanan cancel lebih awal Napa bukan waktu ni nggak berharga gimana dahhhh,negatif
6c9e5999-3624-4384-bc36-b2b3bd3582ae,Riha Fitri,1,2026-08-19 15:57:47,"Saya melakukan sekali pemesanan dan yg muncul drive di layar cuma satu, ternyata tanpa saya lihat sudah terpesan 4 driver dalam seki pesan... saya yg kena marah dan ancam oleh drivernya",negatif
e4778ba5-f4d5-41f6-a8b8-9785d0d78005,Aditya Lingga Mardika,1,2026-08-19 15:53:04,"sering tidak dapat driver untuk gofood, menunggu hampir 2 jam tanpa driver",negatif
46257cb2-b3f6-43a5-a5b7-69ed228d098a,Ian togog,2,2026-08-19 15:07:58,jembut ah.... pesen lebih dari setengah jam g dapet driver udah diarahin ke gojek prioritas nyatanya zonk... apl bulsyit driver pada malas2an kalo longtrip,negatif
d6c51475-90c8-4d7a-ba0e-73dc0eda50db,Ghali Wira,5,2026-08-19 15:02:50,plis tambahin fitur bayar pake qriss 😭🤌,positif
7153d09a-ed1e-4a75-9132-eda1ba0d75ff,Hasan Hasan,5,2026-08-19 14:52:45,baik & bags,positif
74cbbded-dd5c-4e02-9a64-d72055c0de3c,Renny Ana,5,2026-08-19 14:20:48,pengiriman cpt ok banget dan kurir ramah baik,positif
2f53cd67-d2b9-496a-88c0-9bfba47d2d0f,Muhammad Asnan,5,2026-08-19 13:49:02,sangat membantu dan mudah,positif
1171fad5-5225-470a-8dcf-387762dfceb2,naviraagstn,2,2026-08-19 13:35:35,"rada kecewa sm gojekk, ini kamu emang wajib langganan goplus kah, jujur aku kaget bgt pas saldoku hilang 7k ternyata buat goplus yang aku gamau langganan, aku gabisa pulang tau krn sebenernya saldo 8k ku itu mau aku buat pulangg, kaget bgt tiba² saldo sisa 1k, akhirnya harus jalan 12km😔😔😕",negatif
76b48c05-c179-4f61-8f88-dc3fc1f4d556,Lintang Sevriana,1,2026-08-19 13:27:24,"UDAH INI ITU TRANSFER NYA KENAPA GAGAL TERUS , NGGAK SEMUA ORANG SELALU PUNYA DUIT BUAT BAYAR TEPAT WAKTU YA",negatif
82e6f41a-1405-4445-9060-8a13f2c42824,Rudi anto,1,2026-08-19 13:14:20,"orderan auto packing tanpa konfirmasi harga kirim dan driver,dan tidak bisa di batalkan,sudah menghubungi cs tetap saja tidak bisa di batalkan",negatif
fb2cd4f0-daff-49b0-b1ea-f044d2a1b8b7,waone spy,1,2026-08-19 12:13:05,sudah menunggu 1 jam tiba tiba pemberitahuan tidak ada driver,negatif
0767aa36-5f0b-4993-a262-7f6086186134,Rochman udin,5,2026-08-19 11:50:33,mudah gampang cepat,positif
35156095-a0ba-4e52-8708-3edb34869d83,Rian 05,1,2026-08-19 11:21:48,"gabisa buat cencel gofoodd, saya order gofood dgn estimasi tiba 40-50 mnt, saya uda prepare pesen 2jam sblm keberangkatan ke kereta biar bisa di bawa di perjalanan. malah ada kendala lain2 sampe di last call kereta jg blm dateng, mau cancel sendiri gabisa, driver gabisa, resto ga bisa, ga jelas bgt",negatif
58817d93-2d14-453d-b454-ad61ecc0c1ca,zurrahmah mansyuri,1,2026-08-19 11:15:44,masih banyak driver yg sengsara,negatif
b34077f5-ac0e-4a42-adde-76efe6e3d034,Rini Mulyani,1,2026-08-19 11:01:50,kenapa tarif gocar belakangan ini semakin mahal aja? biasanya mahal kalau hujan saja...tapi ini tarif nya naik gila²an kalo begini terus yakin deh banyak yg akan pindah ke aplikasi lainnya,negatif
74b26efc-3407-4b44-9ee9-8dae00920cdb,diyanti nti,1,2026-08-19 10:58:31,"jelek bgt pelayanannya, kepencet gofood udh berusaha batalin malah tetap di acc. mana gofoodnya jauh dari jaktim ke jakut. berakhir ikhlasin tuh makanan",negatif
5f92d5d3-6ab6-474d-a8b9-e8c3da4a9852,R.lucky Hendro,5,2026-08-19 09:41:56,"Mantap jangan di update lagi,sudah bagus aplikasinya",positif
ef092fc5-a581-4ea4-a324-aaa25b574f76,Alif Dyas,1,2026-08-19 09:09:15,"perbaiki titik lokasimu, agar saat pesan makanan titiknya tidak terbuang jauh... Masak kalah sama si oren",negatif
733db340-66c2-4f28-9b2e-45867bbabe7c,christine sapsandini,5,2026-08-19 08:22:54,"driver sopan, bersih, pelayanan rmh",positif
08e639ba-e696-4a1a-bb3f-063e54706607,syifa asyifa,1,2026-08-19 08:03:53,"gojek makin susah untuk dapat driver , pesan driver sampai 30 menit baru dapat driver lalu belum nunggu driver nya paling cepat 5 menit , bukannya mempermudah orang untuk bekerja tapi malah mempersulit , tolong diperbaiki sistemnya",negatif
11dc121f-7fa8-4436-a12e-9720e0b62728,wildan syahrial,1,2026-08-19 07:54:52,"kalau udah ada penyelesaian masalah baru diubah bintangnya, udah lama pake gojek tapi kalau lagi butut ya jujur aja bintang 1 dulu",negatif
cb83c9ee-66e7-483f-b390-8e897d0e23b4,Ian Maink,1,2026-08-19 07:46:12,"Bantu Driver lebih baik, kasih bintang atu",negatif
c0847109-b603-4ed0-80a8-bd529a75d65a,Suharjo Jo,5,2026-08-19 07:29:12,saya kasih bintang 5 aplikasi ini semakin ada kemajuan,positif
625a081c-2931-4424-ad7c-df41a2523ddf,aisha anzha,5,2026-08-19 06:31:07,pasti gojek nya cepet banget,positif
8012e425-41d2-43cf-8718-417f2a0bf7b0,Fredy Haryanto,5,2026-08-19 06:04:23,"Ada yang murah, ada yang cepat. pas pesen yang murah, dapat drivernya lama. Begitu ganti yang cepat dapatnya cepet",positif
50662937-3587-4460-becb-c9625bd6b0b3,slankres21 Jalan potlot,5,2026-08-19 03:42:25,"sangat cocok untuk bepergian, dalam keadaan kepepet dan terburu-buru. bagus sekali.",positif
0463b0eb-78a6-4233-9204-9079e14e1939,Akbar Riza Ananda,1,2026-08-19 01:41:13,kata saya mah kalo ngga niat bikin promo dan gabisa kasih estimasi pasti mending gausah bikin promo sekalian,negatif
e21c9791-2c4a-413d-bb76-d701780529e5,Joanne Rafqa Marr,1,2026-08-19 00:58:12,"saya coba cari tahu, apakah bisa request taruh/gantungkan di pagar atau tidak. gojek menyediakan request via chat langsung, tapi sepertinya driver juga tidak mau lakukan request. fasilitas ini berguna jika keadaan pembeli tidak bisa ambil langsung menemui driver. sebaiknya disediakan langsung di aplikasi, jangan request lewat chat. bahkan chat dengan CS saja, customer tidak diberikan kesempatan untuk memberikan saran. mendapat bintang 1 sebenarnya terlalu bagus, seharusnya mendapat nilai minus.",negatif
8c66850d-6b34-4d3b-ac29-6a192aaf396e,Khairunnisa Nisa,1,2026-08-19 00:09:07,"pelayanannya gabagus karna susah buat dapat driver, terlalu lama nunggu, dan ga banyak promo",negatif
d2256245-0e87-4316-b8fc-102f5f3adb4a,aad adli,1,2026-08-18 23:28:40,"tlp cs bukannya ngasih solusi malah disuruh nunggu, intinya buang waktu gua sejam, yg harusnya udh istirahat tapi ngurusin akun kek gini, siap2 bintang 1 semua",negatif
3d2ba9d7-1d4b-46e4-a181-988c0ab71efc,cimorybee hehe,1,2026-08-18 23:23:21,"Sistem GoFood mengecewakan banget sih. Dari jam 08:13 - 11:14 pesen makanan di tolak trus, maksud saya kenapa ga dari awal di tolak? ga mikir kalau buyyer udah berharap banget??, tolong ya lebih di perhatiin",negatif
da162885-624e-4e16-81c4-57d65a04d413,Qelha dyandra admuandy,5,2026-08-18 23:20:28,pokoknya gojek the best,positif
bf10ff47-5fb6-4672-9684-709d70cfed78,baa sooo,1,2026-08-18 22:55:46,"gojek sekarang aneh bgt, udah ditungguin lama malah tiba tiba dibatalin sendiri, mana susah bgt sekarang cari driver pdhl daerah tempat aku banyak ojol tpi ga nyantol satupun tau tau nanti setelah nungguin berjam jam dibatalin",negatif
687e5062-ea28-45b9-929b-2f8e80e1cd5a,Gusta,1,2026-08-18 22:32:19,"Sekarang buruk bngt. 2x pesan gofood, lama sekali hampir 1,5 jam belum diproses², mana kayaknya restonya sudah tutup. dah biarin ga aku batalin. makin kesini ga jelas gojek. Update. dan akhirnya dibatalin oleh Gojek, setelah menunggu lama. hahaha.. Sudah paling benar uninstall ini aplikasi..",negatif
4ec7c487-f362-4760-ae57-c02d3c13046d,Anton Adesa Putra,5,2026-08-18 22:25:52,"terimakasih atas penghargaan nya gojek Indonesia buat rekan mitra nya,, Mitra perintis jalan.. sejak bergabung awal 2017..",positif
568c89ba-fd8f-4187-9269-1e9f950b33dd,Rivaldo Simanungkalit,1,2026-08-18 22:00:24,"sangat buruk, driver sudah dekat tapi di telfon ga di jawab kalau ga butuh ga bakal saya pesan",negatif
5224cf73-eede-4151-8837-3ad428ec490e,auliyaagc,1,2026-08-18 21:52:04,APLIKASIII PALING BIKIN EMOSI UDAH NUNGGUUU LAMAAA BGTT TERUS DI BATALIN SISTEM KATANYA GA ADA DRIVERR OMONGKOSONG GA MUNGKINNNN KALO GABOLE PAKE HEMAT GAUSAA ADA GAJELAS LU,negatif
8dc9aeda-b9a3-45da-ab55-743b1e365995,Abdul Hery,1,2026-08-18 21:25:52,"kalau pesen gofood, biaya lain semakin tiada jelas, apa biaya lainnya",negatif
6b4706f1-d79f-4c91-98e9-1432c0425a1d,FERI INDRIYATI,4,2026-08-18 21:07:08,masih belum ada keluhan..,positif
8300d2ab-36a9-4a09-b051-5ae86335f767,Sheptin Wulan,5,2026-08-18 20:56:15,Sekarang nyari driver susah bangettt,positif
79555b42-6fa8-4120-8418-8aa84837710e,Nurlaila,1,2026-08-18 20:54:54,"Driver go food selalu tidak sabaran kalo pick up orderan. Beda bgt sama driver sebelah. Dan bukan hanya satu atau dua merchant yg merasakan. Gak sabaran, bahkan ngomel ngomel, dg kta2 nyelekit Kalau kita adukan melalui platform pengaduan, kesannya kita yg jahat, mematikan rezeki orang lain. Ayolah driver gojek jangan begitu",negatif
7b74900b-913e-469b-b4f7-b2dff3d444cb,Iqmal Rahulian,1,2026-08-18 20:30:08,kok punyaku gk bisa daftar menjadi mitra ya,negatif
d070c427-8d23-4ec2-b566-1a559cc04c3c,Dedy Afrizal,1,2026-08-18 19:55:57,apa maksud driver² gojek ini?? kenapa putri saya di putar²kan oleh driver gojek di medan!!,negatif
a4c286d9-ac31-4fb3-b38e-d53e909b8150,Fatkhur Dwi Adriansyah,4,2026-08-18 19:54:42,Mohon tingkatkan kualitas pelayanan dengan baik,positif
7dc691af-0be6-40d7-8512-9ce307294dac,Fizer Afandi,1,2026-08-18 19:34:45,"pesan goshop sering tidak dapat driver padahal lokasi tokoh di tengah kota, mohon diperaiki",negatif
3d5f7d69-7186-4173-8352-b899741d8539,Raditya putra wijaya,1,2026-08-18 19:24:35,saya pesen gofood pake vocer ongkir murah dah 2 kali driver gk ada yang ngambil. giliran gk pake vocer ongkir murah cepet ada yang ambil trs buat apa ada VOCER ONGKIR MURAH?,negatif
d49fb1de-7771-4da9-aab4-2d7e9196bcf7,Agus Bwi,5,2026-08-18 18:35:12,drivernya sabar dan ramah,positif
2528ec2b-d5c7-4f5a-a078-2409fd41fbc7,Risma Nurcahyani,1,2026-08-18 18:32:23,"main gopay bolak balik, awalnya lancar pas bagian menang tbtb ada pesan pop up internet ga stabil. dan ini ga terjadi sekali, terjadi beberapa kali. cape2 main tapi hadiahnya ga masuk. penipuan!!!",negatif
6fbad3ef-4b64-4468-9984-74c0e5fc59be,Muhammad Akbar,1,2026-08-18 18:04:18,pengemudi nya sadis sadis,negatif
78ecd742-987d-4eb6-bdf6-c20bd590c808,Hermawan Purnawarman,5,2026-08-18 17:43:50,terima kasih sopir sangat baik,positif
7f6bab2b-f5b4-4f98-80e8-25f681e57eaf,Sang Eka Megantara,5,2026-08-18 16:42:25,aplikasi yang sangat membantu,positif
c7c955a2-48b6-4083-ba0b-d04454017c24,ABUD dolmen,1,2026-08-18 16:40:23,"semakin kesini sistem nya kog gini, order goride dapetnya driver yang jauh"" , padahal di aplikasi banyak yang dekat, kalau begini terus saya yakin akan banyak cs yng pindah ke aplikasi lain. jangan anggap remeh persaingan , sudah banyak aplikasi lain yang lebih oke. mohon di perbaiki agar gojek tetep berdiri",negatif
a54c1ab3-66c1-4c07-8ef9-d930f034e757,nd,1,2026-08-18 16:22:39,sumpah nyesel bgt langganan gojek plus. awalnya enak dpet harga murah² trus cepet bgt dpet drivernya. eh lama² malah jdi susah bgt dpet driver!!! ampun dehh,negatif
dc52d267-d75d-42ca-a7ef-b7889f2b1c20,Rizki D.M,1,2026-08-18 15:45:49,arahan aplikasi pada saat berada di bandara tidak jelas,negatif
7f41bd81-d860-4eca-8566-5effd7704b08,Dwi,5,2026-08-18 15:21:00,"gojek selalu di hati,membantu dan mempermudah saya dlm segala urusan",positif
0d90a5b3-3685-4fcc-bcc1-9f404a09de68,Farra Salfa Mufida,2,2026-08-18 15:17:44,DAPET DRIVERNYA LAMAAAA,negatif
09faa152-2efc-4052-9041-2ca1fd9a5a2a,luxy Andriani,2,2026-08-18 14:00:43,"selama ini layanan gosend sangat membantu, namun kejadian hari ini sangat mengganggu.terjadi masalah teknis dimana status transaksi tidak muncul di riwayat aplikasi, saldo tetap terpotong.pengiriman juga menjadi tidak terarah karena driver tiba2 hadir tanpa notifikasi sistem. harap pihak gojek melacak masalah glutch ini.",negatif
82f035b6-2e42-4262-83b0-c12a4f64868a,Wilsi Juna,2,2026-08-18 13:51:31,"apk nya membantu tapi saya sering nunggu lama tuk dapat gojek nya. saya sering di tolak otomatis 9 kali, bahkan saya nunggu 1 jam tuk dapat gojek aja",negatif
47dc2158-e52c-4b92-b4ed-3850ddb5111a,Anas168,1,2026-08-18 13:33:19,sengaja di respon saat membuat laporan tidak ada respon dan laporan d tutup hati hati jangan sampai korban seperti saya. saya pesan makanan gofood yg saya terima makanan basim ternyata toko fake. buat laporan d gojek langsung d tutup tanpa d tanggapi. makanan gak dapat uangpun hilang. cukup sekali ini saya order makanan di gofood gojek. mending grab food. jangan sampai ada yg order lagi di gojek dan gofood,negatif
f6df7ae7-de96-44c5-846b-a64e4f834554,Yanto,4,2026-08-18 13:32:06,"lambat di proses pencarian drive, hampir memakan waktu 2jam,dn juga tidak tepat waktu pertama, bisa di undur undur",positif
8ca529da-177f-48af-b64f-f4fcb10ceb2e,brammana ipk,1,2026-08-18 13:08:37,"nek eman2 motore lecet, jangan di pakai ngojek",negatif
58c212a8-b5ae-4520-be54-672acc97efec,Nef _,2,2026-08-18 12:55:47,"Apasi aplikasi gojek ga jelas😡 Promo udah terpasang dan tinggal pembayaran aja. Tapi pas gopay udah diisi, promonya langsung hilang dan itu terjadi udah dua kali. Kocak emang",negatif
fa9b6a6a-cee7-4881-bb3f-f7ddea62e255,Jener Sabrina syahrani,2,2026-08-18 12:48:33,kenapa si gojek yang pilihan goride comfort nya dihilangkan? PLS LAH JANGAN DI HILANGKAN GUE UDAH BERTAHU-TAHUN PAKE YANG PILIHAN GORIDE COMFORT KECEWA BERAT JUJUR... 😢😢😢,negatif
79b23b56-ad91-40b8-961c-739eb3127804,Angela Lunrang,4,2026-08-18 12:40:41,"order gojek tiba2 ke cancel, tiba2 ke potong saldo. hub CS juga ga ada solusi.",positif
e13fe9f5-5b33-491e-95a0-2163153c1496,Caca Ria (Chacha),1,2026-08-18 12:35:24,makin kesini makin jelek ini apk masak orderan aku cancel saldo gopay masih kepotong juga. udah chat d bantuan udah ikutin arahannya untuk nge refresh tetep aja saldo ga balik. udah gtu penangannya lambat banget.,negatif
4c20174c-4c29-4e9c-b248-f89d12d6a9f4,Nur Hasanah,5,2026-08-18 11:36:36,gojek nya cepat..hati hati ramah,positif
f4071232-85fb-4008-a5af-2bad0776a9d9,Al One Music,1,2026-08-18 10:49:25,DRIVER SAMA CS SAMA SAMA MALING! MAKANAN DI BAWA SAMA DRIVER NYA MENTANG MENTANG UDAH BAYAR PAKAI GOPAY! NGELAPOR DI RESPON NYA CUMA NUNGGU NUNGGU TAPI GA ADA SOLUSI!,negatif
70bf79a0-e734-477c-8b56-f91079228480,Malik Al Hanif,1,2026-08-18 10:26:16,aplikasi cacat gangguan terus,negatif
9c055e26-3e38-4fdc-b3ed-e794197f042b,mizukage_08,5,2026-08-18 09:58:16,suka kalau banyak.promo diskon,positif
d9a6ce69-1f8d-4996-8e47-f0f139939001,Andi Setiawan,1,2026-08-18 09:53:50,"Tidak order apapun, tidak ada yang pakai akun saya tapi tiba-tiba ada dateng makanan dan cod. Aneh banget. Padahal posisi saya tidak di rumah dan tidak ada riwayat transaksi ke rumah saya. Kok bisa dateng makanan ke rumah.Kok janggal",negatif
b0a1250c-3c00-4dbe-ac5d-e5a2ca1196c5,Ade Rahmat,5,2026-08-18 09:34:09,"jemput cepat, perjalanan aman, tepat, terimakasih driver,",positif
2635dbb2-219d-40a0-827c-3535353a3988,Pandu Hartanto,1,2026-08-18 08:28:27,sistem nya jelek dapat yang jauh trs,negatif
aa57971c-3a8f-4fde-ab8b-d05fbab3502a,Rina aldi,2,2026-08-18 08:11:40,Gimana ni Go-Jek driver mapsnya ngak muncul versi terbaru 1.132.2. jadi pusing nyamperin consumer yg sy ngak paham wilayahnya,negatif
0f372472-90ba-4104-940c-404bef92ae42,hasnia tuba,1,2026-08-18 07:49:50,"banyak bgt driver yg sengaja terima orderan saya tapi ga jalan,sampe saya telat antar pesana",negatif
2ce80827-4c5e-495f-8685-f886e5119123,Azure Aksnes,5,2026-08-18 07:13:30,when yh pesen gojek tpi drivernya fans .feast biar bisa nyanyi bareng sepanjang perjalanan wkwkwk. gojek da best deh ya pokoknya.,positif
f92ad75b-a87a-44f2-8e5f-7d154ff4b42f,Abyanazhari,2,2026-08-18 06:59:29,saya terlambat karena gojeknya ngga mau ngepick,negatif
860eac1d-a38e-4c67-9eae-99c906de0f09,Roni Wahyuromadoni,1,2026-08-18 06:56:05,"order bike pagi buat berangkat anak sekolah 20menit ga dapet driver padahal ada driver di deket bandara malahan ,parah ini apk ,qnak saya jadi telat ndak jadi berangkat sekolah",negatif
6cd1b540-e326-4274-8e6f-57277c5d96ea,Hasanahneneg,5,2026-08-18 05:54:49,"sudah lama menggunakan gojek dan gocar, sudah oke, dan semoga kedepan nya makin tambah oke...",positif
d534ec2f-343f-45e1-965c-758fd4caacbc,Rizky Fahreza,1,2026-08-18 01:17:57,sering banget eror.,negatif
08083dac-f358-41a9-8380-3eb3892146ed,Nura AM,1,2026-08-18 00:52:39,"sangat jelek bayar cicilan sebelum tempo,, limit malah berkurang...kacau gopaypinjam",negatif
ccb6e22a-4132-4413-9869-6f38e1033b87,A Wahab,1,2026-08-18 00:42:29,jelek banget pesen makanan ga ada driver terus buang buang waktu aja 👎,negatif
d9f8136f-205d-40de-8032-affbfa746a14,Aaiikks 24,1,2026-08-18 00:00:25,tak bagus harga pembelian nyaa ga sesuai saat kita checkout,negatif
9b031f5f-ae64-487a-8a26-bc85c287bb57,yanti suryani,5,2026-08-17 23:52:15,bagus dan sesuai,positif
0ff1bb37-604f-48a7-bf37-f6854a3f2600,Chandra Tama,1,2026-08-17 23:40:30,"Sistem kalian tidak jelas. Gofood pesan dari resto sudah di cancel, tiba tiba bisa ada lagi pesanannya. Pihak resto mengatakan tidak mereka yang cancel.",negatif
4a213d43-4b4a-4e91-b73f-98775d52794f,Akun gabut,1,2026-08-17 23:17:28,aplikasi gk bermutu gliran butuh tiap pesen makan mlm gk pernah dapet driver mending hapus aja ini aplikasi,negatif
f02f1dca-44ca-449b-bef1-a8d4050463fe,Luthfianti Alfahira,1,2026-08-17 23:10:44,"pengiriman lama bangetttttt, drivernya cuma diam aja ga mau ambil pesanan nya dan tidak balas sama sekali dihubungi, dan harus beberapa berganti driver, payah banget",negatif
210748bb-76c9-497e-82c6-8e09d0ba0311,Sadan Husen,1,2026-08-17 23:04:55,order Susah dapet driverr ........ mana Nunggu lamaa RUWET,negatif
76c18b74-13a8-49bd-aa05-b87ed298fcb7,Najma Failasufa,1,2026-08-17 22:43:30,"gajelas bangett, udah pesen gofood nunggu satu jam kata jam 9.21 dapet driver gataunya nyampe jam 22.30 ga dapet2 dan akhirnya malah disuruh batalin, sini udah keburu laper. disabarin malah makin ga jelas!!",negatif
4a9e4951-ba85-4018-b96f-916fb83d2bd6,Unknown,1,2026-08-17 22:27:48,pesan gofood gak bisa dibatalkan padahal pengen ganti metode pembayaran tombol batalnya hilang mohon di perjelas tombol batalnya di awal awal untuk gofood karena aku pengen ganti metode pembayaran,negatif
ca109f13-d714-4e4a-9cef-d505229d2e64,bora bora,1,2026-08-17 22:16:35,"seumur-umur pake shopee food ga pernah sampe sejam nyari driver, ini lu sok iye bgt gabisa cancel, nunggu sejam, nunggu makanan jadi juga sejam ih setan bener-bener diuji bgt first time pake gofood ya Allah",negatif
3efaf919-b2f4-43f5-b6da-b41b5906606f,Rizal Fauzi,1,2026-08-17 22:06:08,driver susah amat! Aplikas aneh,negatif
eafceed1-a095-4acf-89ad-9fa2f174ea36,Abdul Latif,1,2026-08-17 22:04:59,sekarang fitur matiin panggilan aja malah gak ada 🤦‍♀️,negatif
3b518cbc-9285-41d3-a546-523e256d8a0c,Harniati,1,2026-08-17 21:57:46,banyak iklan saya ke ganggu banget padahal saya sedang belajar apa apa ada iklan kurangin iklannya 🤦‍♀️🙏,negatif
6e8bf894-d393-4886-815f-ac1d3de014b5,Win Egi,1,2026-08-17 21:46:34,"susah cari driver,mau dibatalin juga gabisa.",negatif
1ce2908e-70d1-4ff5-89f3-111bf93f2436,Lilis Rahmawati,2,2026-08-17 21:30:07,Pesan makanan dari jam 19.49 sampai resto tutup pukul 21.00 tiba2 pesanan dibatalkan tanpa ada kejelasan.,negatif
a89ab63e-56fc-49f9-928f-665db04316f5,Sy Atra,5,2026-08-17 20:56:30,sangat lah bermanfaat untuk yang mager di rumah,positif
b20f22b7-d600-4e19-8394-a6dc31e51a2f,Dina Dewi Syaila,1,2026-08-17 20:43:34,lama banget dapet driver nya,negatif
844605fc-7960-41d8-a37e-c3b8ccce69b9,Darma Wan,1,2026-08-17 20:25:01,pesen makan aja susah dapet driver. nunggu berjam²,negatif
93b97c5b-314f-4b69-9b1c-9f17b61c5a72,Gusman Setiawan pandi saputra,5,2026-08-17 20:13:37,alat pakai mengunakan tranfortasi dalam darurat.,positif
6ffed41b-7ef8-41e6-9193-22adee46163b,dia rahmawati,1,2026-08-17 20:13:24,susah bgt dapet driver nya,negatif
b3e3014e-0405-4bad-b86c-d641555e3329,Aisya Azzahra,2,2026-08-17 20:08:46,kenapa kalau pakai yang hemat susah dapat driver dan suka sekali di batalkan sudah 2 kali terjadi pesan gofood sudah tidak menunggu lama di batalkan semoga ini percobaan yang ke3 nda dii batalkan,negatif
5e312653-eeaa-4207-a0d4-54d1e92f0537,Daffa Rizky F,1,2026-08-17 20:07:10,"fitur otomatis (pengantaran murah) sangat menghambat ketika ingin memesan gofood, walaupun sudah di ubah, kadang pas kita keluar aplikasi, lali ingin menambahkan pesanan, otomatis di ubah ke (pengantaran murah) dan saat tidak di cek, itu sangat menghambat, karena makanan diantar prosesnya lama, bisa sejam lebih",negatif
ce027fac-4ea3-4329-93a7-cc78c34f140f,Putri Ayu,1,2026-08-17 19:56:03,"gak banget, masa pesenan udah nungguin 1,5 jam dicancel",negatif
4551a852-690f-4f05-81ea-eba73420d507,Tumenggung Dorojatun,5,2026-08-17 19:39:48,no recomanded aplikasi,positif
2eaf5a64-10dc-4daa-8436-58506e22fb15,Yosefa Ayu,1,2026-08-17 19:33:32,"customer service/ layanan pelanggan nggak membantu sama sekali, semua dibuat template sedangkan kendala user bukan hanya yg ada di template. seharusnya dibuka field tersendiri yang customable, sehingga user bisa menyampaikan keluhan yg lebih spesifik dan relate dengan casenya",negatif
daa16e8c-b9b8-4721-b627-8256cb945624,Irvan Mulyadi,1,2026-08-17 19:13:48,"pemilihan biaya rendah betul betul diperlama kedatangan pesanan, harusnya gojek corp tidak memberikan option seperti ini. semua pesanan harus di prioritaskan.",negatif
439ffa80-b553-4d41-aa70-c299f52525eb,Iqbal,1,2026-08-17 19:10:21,saya sudah nunggu 1jam lebih malah di suruh batalin kalau tidak mau lama. gara gara driver sedang sibuk. padahal sebelumya driver sudah ada. saya sudah nahan lapar saya samlai perut perih. disaat saya mau mesan lagi promonya malah hilang padahal waktu habis kam 10malam. ini gimana kejelasannya.,negatif
a7ff7894-cf83-43e3-9a83-8aeeadeb9fde,Fitri faqih,1,2026-08-17 18:45:57,"makin kesini makin kaya aplikasi merah telkomnyet,semakin sering beli harga semakin naik ,untuk gofood ongkir saja misa nyampe 20lebih padahal jarak dekat ,voucher kaga guna harus pake bank terus",negatif
19264615-3d52-43e8-a9bd-8615ee827f13,Neneng Yuliani,5,2026-08-17 18:39:12,Alhamdulillah... draver nya baik banget🙏,positif
d0944fce-f72c-47da-a8e4-02229cb76161,mobile legend magic chess,1,2026-08-17 18:17:58,permisi sama saya di kasih bintang 1 aja soalnya kemarin bikin spanduk menghalangi jalan kaki di bandung jadinya kesel harus di bongkar,negatif
82dd870f-ebee-47f0-8a4b-a85ebf63d277,MD Brata,1,2026-08-17 18:13:25,"Sistem gak jelas, masa nyari driver sampe 30 mnit gak ada yang mau terima",negatif
6c248735-fa79-4a9e-b5ff-b0a4b9dc4abe,Mella Yulita,5,2026-08-17 18:10:00,Selalu jempol buat gojek,positif
d3d65316-d75d-4475-bd70-1634d58f0147,Muhamad Fajrah ardiyansyah,1,2026-08-17 18:03:24,masa baru isi saldo 50 rb semalam masa langsung hilang dan tadi sore isi 20 rb tinggal 5rb ? gimana iniiiiiiiiiiii kacau,negatif
87177904-3e45-4777-9f9d-9df9d28e0721,Fadli Xtei,2,2026-08-17 17:58:07,"ini apk apa sih sebenarnya, saya pesan makan, tpi gk ada yg mau anter pesanan nya, ini gk ada yg mau duit apa ya ?",negatif
6b90f697-f80c-445e-92e0-b2f4f296131b,Rin nda,1,2026-08-17 17:52:24,"susah bgt dapet driver udh beberapa kalii , gimana sih",negatif
849cb6f5-39cb-44f9-bcc0-731e1c7155cd,Lukman Hakim,1,2026-08-17 17:35:51,"driver doang banyak, pesan gofood pakai ongkir yang tidak murah tetap lama nunggu 1 jam setengah.",negatif
86fe62b0-ce4d-4d15-a27f-8e24626c2f35,Ramadhan Salatin,4,2026-08-17 17:32:51,cepat dan Aman,positif
338484a4-2bf8-4d3c-99cd-e7dafb686d54,Aulia syafa Ramadhani,2,2026-08-17 17:12:27,"3 kali tidak dapat driver makanan hari ini, sibuk semua kah atau tidak ada mi drivernya?",negatif
c23cc37b-7b3c-4f50-a24c-a0ab3fabb60c,Gishel Jovanka,1,2026-08-17 17:09:26,"sekarang gojek mahal bangett, dan kadang dapet pengemudi kurang sopan dan kadang suka marah marah... kalo di kasih tau jalan malah kadang suka ngeyel.. gimana pun juga saya sebagai pelangan butuh yg cepet dan gak macett..",negatif
cb9b0b79-cfdf-49cd-9549-ed81877da150,SANDI DAP,1,2026-08-17 17:04:59,"paraha cara pelayanan Go food nya, baik driver dan aplikasinya. pesenan blm merasa di terima tapi sdh selesai, dan driver di chat Dan di tlpn GK ada respon, komplen ke cs nya gak ada penyelesaian.",negatif
38104a4c-caff-41f7-b7fb-af89a24f35ec,Niko,1,2026-08-17 16:27:51,aplikasi error menyebabkan double order,negatif
b18f42d3-b8cf-4934-b4a6-6ff14083b38a,Khairil Amar,1,2026-08-17 16:23:37,gausah kasih ongkir murah klo ujungnya dibatalin trs,negatif
a21fce3d-95c6-4ed8-b4ef-e4e5ca8dc8b7,Sifaaulia nurrohmah,4,2026-08-17 16:18:51,"bagus tapi kadang kalo pesan gofood sudah nunggu lama malah kondisi lagi ramai, jadi di batalin gtu. sayang bgt ya kalo kaya gtu udah nunggu lama. sisanya oke oke aja sih",positif
036a6900-b309-4165-aba5-69fae72c139d,Halimah,1,2026-08-17 16:01:19,promo 17 agustus nya scam kah? aku pesen berulang kali dari pagi sampe sore gaada satupun yang nyaut drivernya apa sengaja ya?,negatif
669032d8-f1ad-450c-af5a-b2b8292cb042,Raghea Z,1,2026-08-17 15:50:24,"pesan food di gojek skr kyk pesan sameday, mau yg express apalagi yg hemat sama aja. 40mnt baru ada driver yg respon otw ke resto. Dah lah makin sini bukan makin progress malah makin ngeselin yg lagi laper.",negatif
c511bc8b-d994-4730-bdd1-fbb5ba4b4068,Fauzan Zammy,1,2026-08-17 15:49:55,gofood lama dapet drivernya udah nunggu 2 jam masih ngga dapet,negatif
98d9a49f-c2fe-41f2-8004-5df0d9f482a8,Oki Uwais,1,2026-08-17 15:25:01,Pelanggan ada masalahpun full chat bot? ga ada pegawai emangnya?,negatif
ffdf4f50-1b8d-431b-85d4-f24c92b70425,Qisti Andini,2,2026-08-17 15:24:24,makin bnyk diskon malah jd lama bgt buat dpt driver jujur kecewaa karena kalo gofood juga nunggu driver bisa sampe nunggu 2 sampai 3 jam padahal udh langganan gopay plus juga jadi ky ga bermanfaat gt sih krna sama aja,negatif
809247d6-8965-4205-9145-1d8984e9b380,Mamy Garel,1,2026-08-17 15:04:29,"2 kali order makanan ga ada yg ngambil di tgl merah, lama sampe 2 jam",negatif
c32d17d8-e79d-4ff0-8743-99fdab7c6a2a,Hanif Ghazi,5,2026-08-17 14:35:25,yg saya bingung kadang untuk penerimaan kurir waktu gofood suka lama. tolong tingkatin lagi,positif
5783534c-77ce-4c1b-802f-0e53d68a8e67,Medan More,1,2026-08-17 14:34:02,"woi perbaiki dulu aplikasi klen ini lah.. pake logika sikit bikin aplikasi klen ini, harus kali awak nunggu beberapa menit untuk batalin makanan yang awak pesan..? memang aku salah untuk mesan makanan tapi enggak sampe harus kali ber jam2 awak nunggu untuk batalin pesanan itu kan.? tolong lah perbaiki, dan 1 lagi ojol klen ini mau dapat duit atau enggak? awak pesan motor mahal2 padahal dekat tapi gak di terima2, kena marah awak ama atasan karena aplikasi ini..,!!!",negatif
1d743054-6860-4add-acdb-475780188447,Damar Andriawan,2,2026-08-17 14:19:36,kenapa kok game laris mawnis gak bisa?,negatif
9ced26c9-8a7d-4b57-8a2c-eef5c2e68a90,Resti Nur Hidayah,1,2026-08-17 13:54:13,"sayang banget pemiliknya korup, jadi ngga mau lagi pakai aplikasi ini",negatif
0a02c01b-6864-4f3a-8df1-585dc4001a4b,Afina Bhanuwati,1,2026-08-17 13:50:16,"pelayan gofood sangat lama,nunggu lama ga dapat apa apa",negatif
e587ee38-8b92-488b-a8b5-88ea5ffc2116,Si Anu,5,2026-08-17 13:08:19,mohon chat sms mudah terlihat oleh pelanggan,positif
4c7ec38b-aaaa-40c5-a996-b4355f0287a4,safina najizah,1,2026-08-17 12:43:09,"d kasih promo malah GK ada yg ambil orderannya, ngapain masih promo kalo cuma buat gaya gayaan. ngasih promo elit, tpi ngambil orderannya sulit. buat customer berharap 😒",negatif
56d536b6-f4b2-4303-bdfc-21da1c50deb7,Dydia Brillian21,4,2026-08-17 12:31:55,"Lawak aplikasi ga bisa dibuka setelah login, force close terus terusan. Udah 2 kali install ulang tetep aja Edit: Sudah hapus data layanan google play, hapus data maps, dan restart hp baru bisa min, ini solusinya rupanya",positif
52a5211f-89dd-4625-84dd-1b7f86e5ac18,Karma Dana15,5,2026-08-17 12:15:09,"kasi saya gopay banyak""",positif
34d69a7b-fca9-4e57-ba01-be77315c9bfa,"Arif G, SH",5,2026-08-17 12:12:37,sangat membantu mobilitas,positif
3edad39a-be90-45c9-a24a-2db8f6b69292,Arum Vivian,5,2026-08-17 11:55:48,alhamdulillah sejauh ini sangat membantu dan positif,positif
7cf1a816-5f3e-4977-85a4-b38b032a2b3c,Rafardhan Aldridge,5,2026-08-17 11:54:18,bagus daripada grab,positif
2d670a6c-fd80-4148-8476-3621c175e901,Widi Adi,1,2026-08-17 11:40:32,"kenapa sih ngasih driver jauh mulu , nunggunya jadi lama. sama pesen gofood nyampe nunggu satu jam. pas udah satu jam malah di cancel sistem. aneh emang",negatif
55d6d90f-87a3-4edb-823b-8d7fe7896f15,Udin Kamaludin,5,2026-08-17 11:24:58,Puas dengan layanan selama pakai,positif
5b4a8948-3a50-44d1-80fb-222af76e9bc7,Putu Vina,1,2026-08-17 11:19:05,"mahalan ongkir daripada makanannya, ga ngotak bngt harganya",negatif
cb1fa78d-03ba-4dd2-a057-700758c916e9,Riko Pangaribuan,1,2026-08-17 11:00:26,"sebenarnya sistem pemilihan driver di gofood itu gmn sih? saya nunggu sejam gofood dan setelah sejam baru dikabarin kalau tidak ada drivernya dan makanan dibatalkan, apa karna saya pakai yg driver hemat makanya sengaja dilama lamakan? Sementara setelah pakai driver normal malah duluan dapat drivernya baru dia menunggu di restonya. Okelah paket murah lebih lama, tapi masalahnya pemberitahuan bahwa driver ga ada itu terlalu lama, sehingga wkt yg terbuang sangat byk.",negatif
441109be-28bc-48e8-be30-dada55a74617,Indah masrofiah,1,2026-08-17 10:43:14,"driver lama, maps ga jalan jalan, kalo nyari driver juga lama",negatif
c313ba61-269d-4609-b2c3-269b59f9ffd4,Tuso_Yayu,5,2026-08-17 10:32:55,Sangat terbantu dengan adanya aplikasi gojek ini,positif
c51c06c1-804a-428b-9f38-b89f300eaf99,Muhammad Huda Syahidin,1,2026-08-17 09:46:01,gofood makin lama dapet drivernya.,negatif
8d4b3e94-f553-4a23-945c-ebe30213cd66,Fajar Rahma,5,2026-08-17 08:53:45,alhamdulillaah sangat membantu memenuhi kebutuhan transportasi,positif
5ff7d22c-aa2a-4f61-ab87-0aeea8cc6a39,Ryzkani Pazri,5,2026-08-17 08:23:34,Praktis dan serba guna untuk keperluan sehari-hari,positif
d05efeb3-c782-4870-ab68-69a4e30804d9,Nathania Shakila Putri,1,2026-08-17 07:52:27,akun padahal baru buat tp kenapa terdeteksi pemakian tidak biasa ganti hp pun tetap sama mau order jadi gak bisa. padahal ini rekom dari pihak gojek lo malah balik ke sebelah lagi hapus akunpun juga gak bisa sering terkendala di aplikasi dan gopaynya juga,negatif
6af57811-b3f7-48ae-b2ee-8e173045a79b,Tung tung Sahur,4,2026-08-17 07:31:11,banyak diskon dan cepat (kadang kadang gak),positif
c56e2725-b95b-4635-9865-00ce6039ed01,Noel Pp,1,2026-08-17 07:07:43,aplikasi tempik udah sering pesen gojek tapi selalu dibatalin/pencarian driver terlalu lama membuang buang waktu saja anj,negatif
a77e3216-6bd2-4880-8414-e54a353b9e19,macan oren,2,2026-08-17 06:56:21,ga jelas padahal book sudah dibatalkan masih ada driver datang ingin jemput,negatif
5f10733e-6573-4a6e-b561-6c0238a2921b,FEBRI ZIO,1,2026-08-17 06:50:54,"aplikasi gajelas hama udah nambah 10.000 malah makin lambat,gabisa nyari order lama bener",negatif
4038d57c-9855-4051-b732-7ba93a6b3bd5,Nana Dhana,4,2026-08-17 06:37:33,kadang kalo mesen driver nya dapet double kan kasian kalo di batalin 1,positif
ea4713b9-9f34-4dae-af47-632dd7b4646b,Dionisius Agus Puguh,5,2026-08-17 06:30:54,Mantap dan keren. Terima kasih Gojek.,positif
98554f3d-d613-4fe1-a467-6c545cba6e32,Ardilla Zambara,1,2026-08-17 06:30:25,"lama bgt cari driver , suruh upgrade harga ini itu . giliran di upgrade , tetep aja lama dpt drivernyaaa😒😏",negatif
1ba0d5ad-0eb3-45f8-a1ed-0942b4421aef,Nurhalimahtus Sa' Diyah,1,2026-08-17 06:27:03,DALAM PEMESANAN GORIDE SELALU TIDAK DAPAT PADAHAL MENGGUNAKAN YANG VERSI CEPAT BUKAN HEMAT,negatif
2cb4ccd2-0aef-40fb-aaeb-c4836354bf05,zeena va,1,2026-08-17 06:12:50,kelamaan nyari harus nunggu sejam dulu ato 2 jam baru dapak aplikasi ampas,negatif
944e41f4-09c4-430c-9c8c-ee0791a7a252,Arjuna faldi,2,2026-08-17 06:07:21,"Maps selalu delay, untuk membaca titik pun masih kurang tuntas semoga kedepannya diperbaiki yaaa terimakasih :)",negatif
9cf28561-f9a3-4701-8e7f-c864e74d4d1f,Nmax Merah,5,2026-08-17 05:17:46,saran ajh buat driver yang nongol di maps klw Gk mau ngambil kaga ush di aktifin aplikasi nya padahal Deket lokasi saya sama driver nya tapi kaga ada yang ngambil sampe nunggu lama‼️,positif
9170397b-f263-4b11-8f3e-a222820799f8,andry Prasetyo,1,2026-08-17 02:44:53,"sudah 2 kali main game bolak balik, score sudah 10ribu, tapi tidak ada reward gopay coins nya, selalu muncul ada gangguan teknis",negatif
e8f8bdba-8e03-4e66-a1b4-ea3a118ddef5,Bre Baroes,2,2026-08-17 02:20:26,saya pertama pesan 5ribu semakin lama malah semakin mahal padahal saya ini mahasiswa universitas negeri medan loh gimana sih,negatif
b1e8d93e-b1e0-4a71-adbf-77946637b43d,AbduL RachmaT,1,2026-08-17 01:33:06,paya lama kalu mencari driver,negatif
c0b0aab3-ecfa-4147-a5b0-434cd591274f,diki Rah,5,2026-08-17 00:47:08,sangat membantu dan mudah dimengerti,positif
24ba9f3f-9b6a-449a-9e61-f24127c39e6c,Wijaya Suparno308,5,2026-08-17 00:44:05,best and driver amanah,positif
5b9e6fe9-fd69-4c54-ab27-167e3b285229,Alfito Valentino,4,2026-08-17 00:04:08,aplikasinya sudah oke cuman tolong kalo sedang mesan makanan atau mesen GO-RIDE itu tidak bisa lihat lokasi atau posisi driver dimana hanya menampilkan animasi sajaa tolonglah,positif
bdbd26e3-c519-4433-b2f4-add7619a57fd,Junita Giri,1,2026-08-16 23:46:24,"pesen makanan 1 jam tidak datang, dan status pesanan hanya (pembelianmu sudah masuk) dan tidak bisa batalkan. bgsttt...",negatif
d0c9ed24-2d2e-49d9-a68e-b3fe4a01e3f0,Dini Diani,1,2026-08-16 23:42:54,"bener2 ngecewain bgt gopay pinjam, udah 3x minjem gapernah telat bayar. skrg dilunasin mau ngajuin lagi di tolak, ga jelas uninstall dah",negatif
c9f4fca8-936a-418d-81cc-618efa24785c,fadhilatur rahma,1,2026-08-16 23:33:43,"kesel banget!!!!!! aku udah nungguin makanan satu jam lebih 30 menit. tapi akhirnya dibatalin karena gak dapet driver. please lah, setidaknya kasih batas waktu maksimal 30 menit batal otomatis kalo gak dapet driver, jadi aku bisa pesen yg lain. ini aku udah kelaparan nungguin makanan satu jam lebih, eh akhirnya malah dibatalin sama sistem. HADEH!! INI SISTEMNYA GIMANA SIH GAK JELAS BANGET. TOLONG PERBAIKI! SANGAT MERUGIKAN!",negatif
1269d25c-657e-4fab-886e-286e735e458b,NARIF NZIS,1,2026-08-16 23:31:04,"gojek uda ga ada modal, pinjaman di alihkan ke BPKB kocak ni aplikasi, liat Noh Grab lebih bagus",negatif
88e4bc29-25a1-49ff-88c3-996982e514d6,DIDIK NSG,5,2026-08-16 23:27:14,drivernya pada gak mau nganterin makan malam malam,positif
c1fbf1e0-939e-41ed-9170-7b7eabc9b02f,Talitakumillah Pattipeilohy,2,2026-08-16 23:17:12,"apaan sih ini gk jelas bgt, driver udh terima orderan saya, tapi saya chat gk dibls, dan sudah melewati titik penjemputan! TOLONG YA DIPERBAIKI LAGI UNTUK DRIVER²NYA! KALO BISA YG NIAT CARI DUIT AJA!!!",negatif
60c1c80e-00c3-48ba-9535-20a54ee0bdbb,Lusi Handayani,4,2026-08-16 22:57:18,"gojeg tolong untuk driver atas nama Romansyah alamat Kawasaki rawapanjang kota bekasi RT 01 RW 06 di off aja aplikasi nya ,orang itu Cepu narkoba dan dia pengedar narkoba juga ,",positif
77c37abf-dbe3-49c0-b5c3-514f621097ac,Wildan Abdul Rahman,1,2026-08-16 22:47:24,"Apliksi ribet, mau cancel orderan susah. Sekiranya mitra resto penuh tidak tertangani orderan online tutup aja tokonya",negatif
2b4690e7-2cc9-42b5-a806-d83e593c80ed,Kenzie Muhammad Rizieq,1,2026-08-16 22:39:29,pesen makan 2kali gaada direspon,negatif
4ee8a88e-0554-4137-b316-de0267984a51,Daraa 32,2,2026-08-16 22:38:49,"Kecewa banget. Saya sudah memesan GoFood dari sekitar jam 9 malam dengan estimasi sampai jam 10, tetapi ternyata restoran tutup dan pesanan tidak jelas penanganannya. Yang lebih mengecewakan, tidak ada opsi cancel yang jelas ketika terjadi masalah seperti ini. Sangat merepotkan, apalagi sudah menunggu lama dalam keadaan lapar. Mohon sistem pembatalan dan penanganan pesanan bermasalah diperbaiki.",negatif
66c5431c-3e09-4021-a39e-0d7e64fa4c9c,Muhammad Hamdan,1,2026-08-16 21:58:47,"order makan di gofood nggak dapet driver, udah nunggu 1 jam masih aja nggak dapet, buang2 waktu",negatif
f2dc01eb-8892-42a5-b367-9338612adf0b,Fitriyatul Maulidiyah,1,2026-08-16 21:56:06,beli gofood lama terus !! di konfirmasi toko nya nunggu sejam!! di batalkan ganti toko... tetap sama lama di konfimasinya!!,negatif
98883206-0208-4df4-a07a-7b313e9a824c,Nurul Azkia,5,2026-08-16 21:46:51,"bagus, driver nya ramah bangett",positif
f126da14-53c0-491e-a1ab-aeb4c4a7660d,Fionaa Onaaa46,2,2026-08-16 21:22:37,"pesan gofood di gojek , lama bgt datang ny",negatif
48ea1887-c054-4804-b3ba-f7cb83aa6b9b,Andika Nasution,1,2026-08-16 21:21:03,"apk tolol,saya mesen gofood dari jam 8 sampe nunggu jam 9 ga ada informasi samsek,giliran pesen ulang baru di porses",negatif
9b8ab35e-e4f7-47fa-a3b9-3219c0dcacaa,Fahmi amyk,1,2026-08-16 21:12:21,pesanan hampir 1 jam lebih menunggu e malah di cancel parah,negatif
50f90df8-3c43-470e-90c5-8084b2669d7a,F K,1,2026-08-16 21:09:40,"TAMPILAN YANG BARU BIKIN MATA JULING, KLO VIDEO KUCING DAN TUKANG MASAK KARTUN DITUTUP DGN WAKTU MENIT ORDERAN, MENDING HILANGKAN VIDEONYA, JADI SEMRAWUT DIMATA!!! GEDEG DENGAN TAMPILAN YANG BARU, MASIH BAGUSAN TAMPILAN YANG LAMA!!! 😡😡😡😡😡😡😡😡😡😡",negatif
56addd1c-d654-4f37-892f-0ae30cba121d,batubara,1,2026-08-16 20:27:16,"order makanan ga dateng2 dah nungguin sampe 1jam tetep gadapet driver, ini perut saya udah lapar nunggu sejam, saya order ulang lagi ongkosnya malah nambah, trus skrg lagi nunggu driver lagi, entah 1/2jam saya dah keburu mati kelaparan",negatif
86512062-749e-41b6-8a93-1d4824d7278a,zulpa ulya,1,2026-08-16 20:22:53,"pengalaman naik gojek jelek, ga ramah, bau2, kemarin salah alamat diturunkan tapi minta byr full, enak' aja pdhl belum 1km dari tmpt penjemputan udah di suruh bayar full, ngerih beralih ke grab sm maxim aja",negatif
a4d8a90c-02db-43c5-87e6-939171fad792,Pape Razse,1,2026-08-16 20:09:33,"lama"" gak ngotak ni aplikasi, masa iya setiap mau gofood pasti selalu makanan sudah masuk Mulu notifnya, emang aplikasi jelek banget",negatif
3e08d494-cbb3-472a-a1c5-3990dd3f65d6,muhammad ali,5,2026-08-16 20:02:08,ok mantap dan bagus,positif
2f72be5d-97ac-4cd5-a521-76de2bed7127,Aria Tisnadarma,1,2026-08-16 19:56:04,Lama bangettttt dapat driver gofood. Bisa berjam-jam. Jelas2 resto itu nyiapin makanan kalau udah dapat driver. Sampe lewat estimasi pesanan ga dikasih driver. Apa karena pake pilihan pengiriman Hemat???? Kalo gitu mending hapus aja opsi pengiriman Hemat nyaa. Kelaparan orang woeeeee.,negatif
80843362-c6cc-417e-9427-07e58b421a87,Althaf Julian,1,2026-08-16 19:53:24,order gojek lamanya minta ampun padahal udah pakai yang booking prioritas. kacau banget,negatif
4e6fa6e4-a08c-423d-ad71-2343c1c70121,Naufalpradiptakumbarajati Jati,5,2026-08-16 19:43:39,lama bgt udh 99% pdhal download nya,positif
7b0604bd-ce1e-490e-95ee-bffc3dee76cd,Ardika satria Narendra,1,2026-08-16 19:38:49,ngadain ongkir 1 rp tp ga dpt driver sm sekali pdhl driver ada banyak.. emng gak niat sih ini,negatif
0f32001c-b16e-4a02-b963-3006f4e436ed,DWI Lestary,5,2026-08-16 19:10:18,ok mempermudah bagi yang membutuhkan praktis cepat.,positif
277b2342-1396-4966-ba57-24e7d04ec22f,tharita 98,1,2026-08-16 18:52:43,"pas susah cari driver, gak bisa dibatalin. malah harus nunggu sesuai estimasi. mana lama bgt lagi.",negatif
cf901dc6-1189-4f4a-891c-9d9c9c4f50a7,bintang kecil,4,2026-08-16 18:42:16,"pdhl di sekitran banyak driver tapi gda yg nyantol satu pun, aku pnya bukti",positif
3ab3abca-99a9-4dad-9893-3c993a41abc6,iie noor ilahi,5,2026-08-16 18:21:44,"selalu pakai ini, sangat membantu saya dalam hal transportasi 👍🏻",positif
46c19c12-abd7-4ed7-922d-940d0cdb0951,Rizky Jupentus,1,2026-08-16 18:13:03,malas la pakek aplikasi ini harga barang nya 26.900 karna uwang ku 30 GK ada kembalian malah maksain di paskan 30 kan gak logika benci kali,negatif
ddb175bc-8aac-46ca-97d8-e9fcadd520b4,Nasrah Aqila,1,2026-08-16 18:04:54,gojek kok makin hari promonya makin hilang 😅😅,negatif
61847a4e-0abc-44d4-ae06-bd9461983d7d,fatrika anggiana,5,2026-08-16 18:03:02,"apk ini paling aman di bandingkan apk apk lain,awal awal pakai aman aja pesanan capat diterima, sesuai titik penjemputan dan pengantaran,tapi lama kelamaan nunggu orderan keterima sama driver lama bgtt bisa 20 menit lebih,sudah coba pakai prioritas tetep susah dapat nya alhasil harus effort pesan pagi pagi bgtt biar bisa nunggu pesanan nya keterima itu pun butuh waktu 15/20 menit juga, tolong secepatnya di perbaiki deh saya bukan 1/2 bulan loh pakai apk ini, iklannya koar2 bgt tpi pelayanan nya",positif
c284ff10-7655-41a1-833e-74ea0ee5fa96,Fadhlillah Fadhlan,1,2026-08-16 17:49:02,"Susah nyari driver, palayanan juga buruk",negatif
462dbe70-4f7c-41d8-831d-c4f014170c91,Nisrina Dwi arum,1,2026-08-16 17:29:07,setelah top up saldo gopay tiba tiba voucher menghilang semua,negatif
b7355058-18bc-4ff3-8e00-87c1d72336c4,gitar bagus,1,2026-08-16 17:06:23,gak punya layanan live chat cs,negatif
7608d90d-a334-41ba-b4be-8c793249e5ab,ammora 041,1,2026-08-16 16:54:38,"udah ajuin laporan untuk batalkan pesanan gofood karena lama tanpa ada kemajuan status pembelian nya, dan di suruh nunggu, setelah gw tunggu lama akhirnya di sarankan batalin pesanan, lah KONCET!!! gw dari awal minta batalin tapi di suruh nunggu lama sampe kelaparan dan akhirnya pun tetep di sarankan batalkan pesanan, perbaiki lagi sistemnya, kalau hasil pemesanan nya ga memungkinkan berhasil, PERMUDAH BATALKAN PESANAN jdi ga bikin kelaparan nunggu hasil pemesanan yg pasti gagal!!!!!.",negatif
18150539-a89b-4439-9514-30c064e43e38,Agus Muslim,5,2026-08-16 15:45:32,aplikasi ini sangat membantu,positif
3005ffa0-fe4b-4513-ba10-15e4d3d5a549,Untuk Cek Ress,1,2026-08-16 15:29:29,aplikasi sangat tidak berguna dan aplikasi ini sangat keren ketika saya ingin bermain mobile legends di apk kloning tbtb ada iklan yg bikin syaa bikin gila yaitu apk Gojek ini jadi silakan download apk ini jika kalian semua ingin turun ke imo🤗,negatif
42fc4b50-39ec-49c6-ad8d-b8fde8751159,Adim kholifah Firdausi,1,2026-08-16 14:57:46,di cancel mulu tiap beli,negatif
74f5bbe1-3c56-410e-a959-eaed814426e2,Wsalsanada,2,2026-08-16 14:56:34,"sy kecewa ma pngriman gofood dh nunggu 2jm mknan bkl di anter ehh lom jg dpt driver akhrnya dbatalin, ni psen makanan lg hrs nunggu 1jm lbih nth bkal dpt driver atau tdk, ky ssah bgt skrng cri driver, tolong donk di prbaiki lg..! dan yaa hri ni 3x ndk dpt driver tu pun dtoko yg brbeda, hadehhh nunggu dri jm 11 siang smp sore jm 3 ndk dpt makanan alhsil psen di apk sbelah lbh cpt dpt driver, parah parahhh..",negatif
8cb6ea31-ac19-4c20-9656-ecb00c452935,Ahmad Nurhidayat,1,2026-08-16 14:28:47,ini siapa sih yang ngedrsain tampilan map nya ga keliatan anjir kek mana mau tau dah sampai apa belum kek aneh anj baru lulus ye lo kaga ngerti penggunaan user,negatif
0cc80178-66f9-488c-ad9d-486fdc18f831,Annisa Hasan,1,2026-08-16 14:24:46,tolong gojek dan gopay Indonesia....saya punya saldo di akun saya . tapi saya upgread ke gopay plus tidak perna berhasil bagaimna saya bisa ambil uang saya. tolong direspon segera,negatif
cc8ddb5a-b17a-409c-b247-0acc58d79941,muhammad nugraha,1,2026-08-16 14:13:21,"pesan gofood pakai pilihan muraaah dari jam 10 sampai jam 12 dibatalin sepihak oleh gojek, pesan lagi dan dibatalin sepihak lagi jam 13.30. 3 jam lebih nunggu makan ujung""nya dibatalin sepihak. sudah komplain lewat menu bantuan jawabannya monoton gitu"" terus.",negatif
28559db2-724b-41de-9bb3-33fdef730347,Ikhsan Abdullah,1,2026-08-16 14:12:28,"uda nunggu sejam lebih, ga ujan, tetep ga dpt driver, tiba-tiba dicancel sama aplikasi orderannya, hapus aja tuh ongkir 1rp ngapain ada klo drivernya ga ada",negatif
6db9c517-a94c-41d7-9d4e-bc94c9c6fa9d,alfxrev (For LF_Rvlt),1,2026-08-16 13:28:46,"makanan telat hampir sejam gara"" driver sesuka hati cancel pesanan baru cuma di kasih kompensasi 6 ribu kocak"" ...",negatif
48487f58-1dfd-41d6-bb3b-50e99af31dfb,Eko Widianto,1,2026-08-16 12:44:05,makin kesini makin parah aplikasinya....driver dimana mana tapi di peta kendaraan diam tidak bisa memantau dan jika pesan respon juga lama,negatif
7c999aaa-7658-43f4-b924-628e8383e025,Cinta Youlwa,1,2026-08-16 12:21:57,"driver tidak sopan, apalagi go car. kalo ganiat jemput yaudah batalin, gtu aja susah",negatif
f5f1eb1b-28a1-421e-9806-455f5f9adf3b,Hasnaini,1,2026-08-16 11:44:23,jika makanan sedang diskon driver nya nga ada yg mau ambil pesanan,negatif
015897e7-ea3b-4521-b437-e4733442046e,loecky,1,2026-08-16 11:40:45,hapus sistem cancel karna gofood gw kalo murah ga di ambil ambil gw nunggu sampe 2/3jam anj,negatif
6d5a3531-a5d4-42f4-a841-76e65efa5090,dessy utami,5,2026-08-16 11:35:52,mempermudah kaum mageran ky sy,positif
005da4ec-5997-4c68-9b50-3f0df3529a94,Fatimah N J,4,2026-08-16 11:30:03,kenapa tombol nya pada berdekatan sih? mau cek harga gofood goride gocar dulu ehhh malah kepncet order beneran. mana gak bisa dibatalin. apalagi gofood 🙂‍↔️🙂‍↔️🙂‍↔️,positif
c500507d-bd00-40de-a389-5da789402de5,OPPO Hardiyansah,1,2026-08-16 10:47:34,"setiap order gosend pasti bisa sampe 10x ganti driver , anehh",negatif
1b57968d-3c62-413b-a8df-e057e5962a99,An Angelika,4,2026-08-16 10:13:34,"Tolong dong aplikasinya di benerin, maps sering eror, jarak dekat tapi dibikin muter jauh,bikin driver nyari alamat susah, konsumen emosi nungguin driver malah muter muter gak jelas karna maps nya belibet. kalau kayak gini bukannya mempermudah , tapi nyusahin pengguna sama driver.",positif
35ed98ba-7c30-4fef-bfca-2ae8f7a277f6,Nur Fya,4,2026-08-16 09:34:36,"selaku pelanggan lama gojek agak kecewa ...krn sekarang sepeda listrik masuk k goride comfort, jujur gak nyaman tempat dudukan nya...bikin pinggang sakit..apalagi klo ada jln raya nya gak mulus sakit semua setelah naik goride comfort sepeda listrik...mohon d ubah donk gojek...please",positif
16b90757-a2b6-439b-a976-aa7d427bff53,Alika sukma Adilla,5,2026-08-16 09:21:01,"menurut saya bagus, tapi kenapa kalo saya mau pesen gojek suka dapetnya lama bangett yah, sekalinya dapet orang nya itu² mulu yahh",positif
40c5f18c-ac81-464f-9b3e-9b34b9b21846,Wianti Kartawinata,5,2026-08-16 08:33:46,"agak sulit utk pesan go ride,apa mst di upload",positif
1a6ae2da-3c42-4184-91c0-2f63a69d7a84,Muhammad Ridwan,1,2026-08-16 07:31:25,"Susah banget pesan driver, malah di suruh nambah biaya lagi 2 ribu buat pesan prioritas, komersil bgt lu jek",negatif
773a6d41-223b-4fad-8ec1-60bda54e7322,Saeful Arifin,1,2026-08-16 07:12:50,"gomart bikin kecewa , harusnya kalo barangnya ga ada ga usah di pasang di daftar , aku beli bukan minta , kecewa sekali , parah",negatif
1e93dd83-f061-4359-ae73-9b0e33b71427,mavis botol,1,2026-08-16 07:12:38,pak Prabowo di kibulin gojek masih potongan mitra lebih 20% kok pak sampai saat ini,negatif
66a6d36a-004e-4f67-bc9c-26e432b27307,Arif bud YT,1,2026-08-16 06:38:52,waktu itu siang hari istri saya gunakan gocar dan jalur jalannya tidak melewati tol. malam harinya istri saya ingin pakai jasa gocar eh ternyata gak bisa ternyata ada tunggakan yang belum dibayar dan ternyata itu tarif tol. padahal jalur nya tidak lewat tol kenapa ada tunggakan tol ?. istri saya langsung komplain ke gojek namun sayang respon kalian tidak seindah kami bayangkan. karena kami sudah kecewa akhirnya kami hapus aplikasi gojek dan kami ganti dengan aplikasi sebelah. kecewa sekali ....,negatif
7e9097b4-02bb-45bd-aa6f-ffd28a3159cb,Ichsan Mochtar,5,2026-08-16 06:19:56,susah apk gojek hrus update pmbaruan trus klu jrg d pakai,positif
dff03b8e-92f1-4f59-8fd3-96b296dc76c1,farid337 Bawenti,5,2026-08-16 06:17:53,Simpati dengan kasus pak Nadiem🙏,positif
7503818f-4193-49f6-b228-d5f9b0b8499f,Henzo,1,2026-08-16 05:18:38,"padahal di marunda, pesen gocar drama terus, dapet selalu tidak bergerak, giliran ada yang gerak habis itu stuk tidak jelas, mengecewakan",negatif
5f1fbe28-01e9-4ac1-b7af-288b54f7888d,Aimar Aimar ganteng,5,2026-08-16 05:13:51,good job 👍,positif
52ca8cdd-949b-4d0c-8f5b-bf2490d8a3f3,Rinata Andien,2,2026-08-16 03:02:22,"udah login dan masukin code verifikasi nya tetap gak bisa masuk , tolong di perbaiki aplikasi nya kok jadi eror gini",negatif
aff08ef2-7463-4d9e-bf8a-22370c32c5f7,Febby Febby san renanta,5,2026-08-16 02:07:47,suka banget pakai gojek harganya sangat terjangkau,positif
794d2c1f-770d-4c61-8b46-0578c85f6063,Arjuna Pradipta,1,2026-08-16 01:41:10,butut aplikasi teh,negatif
01b3642c-bbb1-480f-9abb-d55231ea987d,Panggih Setia,5,2026-08-16 00:50:44,"Please min, hapus sistem double order. Kami sebagai pelanggan sangat keberatan. Kita sudah bayar ongkir normal (bukan yang hemat ongkir 3K) tapi kerap kali driver dapat driver yang kena double order yang tentunya mengakibatkan keterlambatan pesanan saya. Intinya makin kesini Gojek makin kapitalis banget dah sumpah",positif
d1a836a3-1721-4b45-82d9-2d7c18edd05c,rifky afriandi,1,2026-08-16 00:43:32,kurangin dikit itu notif sehari bisa puluhan udah dimana mana ada iklannya ni aplikasi,negatif
a2b06019-78c9-4a53-9c2e-ce81cfc486e0,Falken-05AA,1,2026-08-16 00:17:08,"Coba tolong diperbaiki UI nya kalo pesan go food. Tampilan mapnya terlalu kecil jadi sulit lihat posisi driver sudah sampai mana, padahal dulu udah bagus cukup tampilin nama driver - plat nomor - waktu tiba, sekarang malah banyak nampilin yg gak perlu.",negatif
ba8cebad-2caa-4665-9888-19b7896901aa,Himmah,1,2026-08-15 23:44:42,abang e suka marah' ya sgt tida ramahh,negatif
062acb6c-c2d1-4d4a-a943-76fe2101f7a6,agus santosa,1,2026-08-15 23:33:14,weh pak ingetin pengemudi masa smua nya mau di bayar cash pasti bilangnya gk ada kembalian.... niat narik gk apa selalu biar di lebihin gt sih 3x sehari smua nya selalu bilang gk ada kembalian akal2an apa gmn sih kan kasian kalau yg lain bener2 jujur jadi kena imbas gara2 oknum..!!!!,negatif
a4ca18b4-0968-4276-a74d-1e56195b5c57,Che Chemex,1,2026-08-15 23:07:24,"langganan gojek plus malah gk ada prioritas, makin lelet,",negatif
dfbc5f51-d899-457c-b045-f63abfe05fff,inoy nurjanah,1,2026-08-15 21:55:49,"sekalinya pakai yang cepat, hemat gaada lagi yang mau ambil orderan, gapapa lama tapi tetap diantar makanannya, lah ini sama sekali gaada yg mau ambil. bener bener ngabisin waktu banget",negatif
6a99f823-616a-479a-88ea-62e9242ae190,Chansehat,1,2026-08-15 21:53:51,"lebih baik Adain sistem ongkir reguler aja daripada harus milih antara 50-60 menit 1,5k atau 20k buat 30menit yang jaraknya cmn 1,5km. FITURNYA JELEK",negatif
cae9df40-61e6-4547-825c-ba213d7df35c,hendra halim,1,2026-08-15 21:44:20,gofood sering telat,negatif
9f02ad78-563a-4189-ade7-ede68ba4f8a4,Sandi Al,5,2026-08-15 20:53:07,bagus apl nya buat harian,positif
134a6f44-7132-4096-8a70-59d61615e64c,Aska Motor,5,2026-08-15 20:22:04,sangat membantu n mudah,positif
bc8f581a-d32e-42e0-810c-90dcc3a8d111,Habibah Amumpuni,5,2026-08-15 20:08:47,"halo gojekk, aku dri wilayah kotabumi lampung utara, tolong buat campaign biar para merchant dftr ke gojek, dan adain metode pembayaran QRIS yaa biar enak, kaya aplikasi sebelah. thanks🫰🏻",positif
6cae3051-a014-4e21-8c04-1a082ec8d97b,anak kost,2,2026-08-15 20:00:05,"gak bisa ubah cara pembayaran di gofood,, di cancel gak bisa,,di tungguin lama,,, ayolah ubah metode pembayaran jgn di persulit",negatif
3af047f4-db74-4022-bd67-1ca041c92863,DERRY MIFTA FADDILLAH,1,2026-08-15 19:57:18,aplikasi kocak org lagi buru-buru ngedadak error jadi telat masuk kerja dapet driver di cancel Mulu giliran goride cepat error,negatif
839e9805-b24e-42a3-8c11-9860f80c615d,Siti Sopiah,5,2026-08-15 19:38:57,cukup membantu memudahkan gsk perku keluar rumah diantar kerumah pesanannya,positif
0ac2593f-440a-495e-a59f-2a9ba47bcc7d,Gustav Rostov,1,2026-08-15 19:38:06,"Muak lama2, pesen go food gadapet driver terus, mau cancel pun lama sekali nunggunya. malas mending pake platform lain :(",negatif
fea8cefd-397b-4dc8-9a03-0821c5145aed,AFAF AF,5,2026-08-15 19:23:48,bagus sekali memuasakan😁😁,positif
f9de3c06-3105-46e5-a4db-ddb8a8f2178d,Dimas Aldi,1,2026-08-15 19:05:01,"APLIKASI MAKIN GAJELAS, DRIVER GA MENUJI LOKASI GABISA DI REPORT, MAU DIBATALKAN KENA DENDA 3RB. BLOK",negatif
a4123e15-86ac-4d6e-9e68-ce10fdacf734,Cecep Ma'mun,1,2026-08-15 19:03:33,"makin lama, makin Oon aplikasinya..",negatif
79230119-8293-478f-b55f-eaaec96bd08a,Bagus Aji,2,2026-08-15 18:53:29,"untuk gofood sangat sulit mencari driver, waktu pembatalannya lama",negatif
797fab50-96e7-4ccd-82f8-fab1ae8ba811,BIMO,1,2026-08-15 18:39:55,"susah banget cari driver goride padahal di tengah kota (daerah Kotabaru, Yogyakarta). biasanya kalau cari driver cepet ini sampe 30 menit ga dapet dapet. jujur kecewa",negatif
ac7e8fc1-82d6-4662-be2f-82245aaef84d,Rizki Aditia Putra,1,2026-08-15 17:17:09,"kenapa kalo pesan yg antri nya lama susah dapet driver bahkan gadapet driver, minimal kasih solusi lah, atau apa kek gajelas.",negatif
e090a102-5419-4378-861c-6bd9c7d25405,agung dermawan,1,2026-08-15 17:07:35,"perbaikin lah sistem trackingnya yang gak bisa dilacak... sending gofood buat orang lain juga bermasalah, gak bisa di pantau pesanannya",negatif
a953106d-4500-4e16-8743-33cec5656a38,putu januraga,1,2026-08-15 17:02:45,hari ini 3 x saya di tolak driver. mengecewakan sekali. tolong perbaiki aplikasi dan sejahterakan driver.,negatif
d5bf3b9d-8c12-4aad-ada4-1e45ed8e1740,Arif Muhyiddin,1,2026-08-15 16:59:46,3x pesen makan gak ada deiver yg mau pickup. bangkeeee,negatif
3863e9da-720f-414a-8e4e-2388fc2c05fe,Arif Wibowo,5,2026-08-15 16:37:21,aplikasi sangat berguna,positif
9d49c652-9b66-4298-a8e2-00e17b0f08f5,Wawan Suyatno,1,2026-08-15 16:23:44,"aplikasi gojek bukanya tambah maju,, malah tambah mundur,,",negatif
b994b56b-e4eb-4c87-9dbd-c84c6c48ba87,Vin nof,1,2026-08-15 15:50:26,"hp ter-reset pabrik jadi harus instal ulang, ternyata sekarang pake verifikasi wajah setelah masukan pin, dan gagal terus entah dimana salahnya, jadi aplikasi gojek dan gopay ga guna banget, karena ga bisa login, saya sih ga rugi, sisa saldo masih bisa dipakai diaplikasi lain, transportasi dan makan bisa pakai grab dan shopeefood. Coba diperbaiki metode verifikasinya, minimal kaya mybca, ga ribet.",negatif
6a2d956d-e2d1-43b7-804b-5527495aa371,Reyhan Rizaldi,1,2026-08-15 15:36:28,"aplikasi penipu, sebelum gw top up ada diskon, begitu gw top up tiba tiba diskon hilang, jelas jelas scam penipu di gojek",negatif
f172deaf-bf11-4272-9694-8c3fd2fccb18,ALL-Cell á Aré,1,2026-08-15 15:18:04,"gabisa dipasang apknya, mentok 99% sampe 1 jam+",negatif
4c1d93c8-0a24-4ccb-a980-b158491a4c6f,Jones Anderson,1,2026-08-15 15:06:13,"aplikasi tll pas login loadingnya lama kali, dah tau perut dah kosong, ku coba lagi coba lagi dalam 60 menit, toll aplikasinya",negatif
5343134a-8e2c-45c2-8c24-c973e12f2e94,huang hendery,1,2026-08-15 14:51:58,"promo murah selalu ga bisa dipake, cs ga ada problem solvingnya.",negatif
d6b02b21-fd12-4300-88e6-a3381219f936,ヴァネシャ,1,2026-08-15 14:27:04,"jelek banget respon driver nya, masa udah diterima sama driver gocar nya, tapi dia selalu diem ditempat(saya juga sudah memakai gocar prioritas), tolong pelatihan nya itu kayak gimana, kalau emang ga niat nerima dari awal cancel aja(gamau banget turun bintang), selalu saya yang nge cancel dan terkena biaya tambahan(bintang jadi jelek), selain itu saya juga jadi menunggu lama, padahal situ yang salah oon. Tolong perbaiki pemikiran dan kualitas driver.",negatif
37ebb88b-0577-431b-a5bc-191f54f0c0eb,Fitriani Kamal,5,2026-08-15 14:15:13,Bagus banget 😘,positif
51f064ad-3260-46fc-b044-4078a0687ef5,telly verawati,5,2026-08-15 14:02:27,main cancel aja driver nya jahat jahat amat,positif
f8ada688-4a47-4538-9006-88c1552c0cd2,Ziza,1,2026-08-15 14:01:30,susah mendapat driver,negatif
ef30b048-7107-4c83-903d-fc51aa99e666,Nurul Aulia Fadilah,1,2026-08-15 13:39:47,"Tolong sistem dapet driver gofoodnya diperbaiki. Saya sdh tunggu 1jam blm dapet driver juga, ujung2nya tetep gadapet driver dgn alasan driver sibuk",negatif
86ef6b74-eb21-4f81-89e7-92917dc4b541,Resky Apriliah,1,2026-08-15 13:26:02,"Bayangin, lo lagi lapar banget terus lo mesen makanan. Nunggu Driver di jam ""sekian"" terus belum dapat setelah 1 jam.",negatif
cf08ea11-9cb0-45b9-8ee2-79b30ee1bb6c,Ariyanto Iswardoyo,5,2026-08-15 12:57:33,driver cepat datang,positif
e8ca8710-a684-45d1-8829-c7357df02f92,mukhlis family's,5,2026-08-15 12:39:36,"baik ,mudah ,aman",positif
c2fcef03-963a-4aec-ab94-0d0b434da2d7,Gua Ph,1,2026-08-15 12:19:53,Aplikasi ga berguna nunggu lama lama,negatif
d6723641-0e8c-40c7-bac5-93ac593eb8d8,Juni Murniwati Hia,1,2026-08-15 12:07:14,"Ini aplikasi sudah terkait di gopay ku tiba aku buka aplikasi nya katanya tidak ada koneksi internet dan ada gangguan teknis, padahal data ku ada hotspot juga pernah saya kasih malah gak bisa mohon lah kepada pembuat aplikasi nya semoga cepat di perbaiki",negatif
b9799401-617a-455a-b047-cbcc73853de3,SHERLY LESTIA,5,2026-08-15 11:58:59,memudahkan saya dalam pesan makanan saag jam istirahat tanpa ribet,positif
32d51bf0-f1e6-4ea1-ab55-35ae4a1163db,joni suganda,1,2026-08-15 11:42:17,kenapasaya susah login katanya koneksi internet saya terputus pdhal saya pakai wifi saya buka tiktok dan Instagram WhatsApp masih bisa malahan sambil telp by WhatsApp Masi bisa kenapa buak gojek kendala di koneksi? tolong ini gimna,negatif
8aa1671c-8315-431e-9842-84da2fa4e077,sainan tea,5,2026-08-15 11:27:26,terimakasih gojek udah ngebantu kami,positif
dda30164-ab3b-4182-a20d-e3ded942f250,Oppo Reno,5,2026-08-15 11:07:05,respon drivernya cepat dan pemilihan rute juga bagus. aplikasi ini sangat membantu saya dalam bepergian.,positif
817c11d3-1b2d-429d-95a2-2e7c134571cb,IXD_04_Bagas Azman Ishtar Qashidi,1,2026-08-15 10:52:37,"opsi cepat sama murah pada gocar gak ada bedanya cokkk, nggak ada perbedaan waktu tauk cuman selisih 3 mnt. bodohhh.",negatif
e1679191-4f49-483a-93ce-0c2588ed2f9b,exsel mania,5,2026-08-15 10:12:59,selalu sampai tjuan,positif
9f0db9f8-18d2-49c0-9e13-990a346450ef,JONI WIDIARTA,1,2026-08-15 09:52:27,"ini lagi aplikasi,lelet,mahal pula!",negatif
f372ee50-06d2-4d2a-b2d6-36252098ef5f,avertue,1,2026-08-15 09:12:42,"banyak masalah, mengecewakan sekali",negatif
9a50b292-e05a-4832-b62d-91fd1074da38,Silvie Arta,2,2026-08-15 09:11:58,makin lama makin nyebelin maps aplikasinyaaa,negatif
cd65c782-91d6-4238-89f9-6fabea46f96c,Syaiful Bahri,5,2026-08-15 08:48:47,saya penguna selalu gojek comfrot. semoga selalu konsisten pelayanannya,positif
01055836-4119-43bd-8926-a8a34283dc92,Ratih R,4,2026-08-15 08:44:40,"dear developer, harga upgrade game laris mawnis tolong dikurangi yaa kemahalan",positif
10e16531-2b2d-4551-9a3f-f46328bebd1f,Sopian Sopian,5,2026-08-15 08:02:43,"nyaman, cepet, sat set",positif
6d75f322-6d02-4588-9674-c7e3a6a556ff,Rully Cace,5,2026-08-15 07:37:16,cepat.. nyaman.. aman,positif
32da8960-c317-48e4-ba1a-58776246153d,Zeri Namika,2,2026-08-15 05:17:28,"update barunya pas order food kaga bisa lihat jelas map makanan kecil dulu besar, ini dimakan iklan dan tip gambar driver diperbesar",negatif
29c1a4c7-644f-4ac7-9651-fdc87c138b63,Rahayu Irvan,4,2026-08-15 04:29:37,mahal skrng gojek,positif
7752677d-e0b5-44b9-8b37-37527916cd3a,Ludo Kinh,1,2026-08-15 02:15:41,sistem pelayanan lambat sekali,negatif
60150c35-b8b9-4b33-ab98-56d74ad26cd0,Meng Istana,4,2026-08-15 02:11:36,buat lebih mudah dan gampang,positif
ee57fd11-5c6f-4ede-a58e-0ddfa1a8a8ec,Zahra Realme,1,2026-08-15 02:03:37,driver food pada susah nerima,negatif
d28d37c7-a752-4b22-84ac-c09e870eb4bf,Rohan Kumar,1,2026-08-15 01:17:49,pesan makanan sangat lama mendapatkan driver di aplikasi tersebut,negatif
3827a492-3eb7-4079-8257-e70b8ed858d7,Aryari Riyanto,5,2026-08-15 01:07:30,apun aplikasi ini,positif
a4c1c693-689d-4e38-a92c-dd427ba8ffb4,Hardiyan Wahyu efendi,5,2026-08-15 00:52:09,eror woy klaim gopay coin di game kucing gk bisa gimana nih gojek makin parah banget,positif
b1d059e1-ed02-40cf-8cdb-653673606ea4,Satria.S Dg Situju,5,2026-08-15 00:31:58,oke deh mantap lah 👍👍👍👍👍,positif
d8f9ac47-3391-49f8-8623-81305ca57f02,HUMVEE,1,2026-08-15 00:24:12,haduh udah nunggu dari jam set 11 sampe jam 00.23 belum tidur mau makan driver malah ga ada dari terus dari tadi ga bisa di batalin nanti di tinggal tidur malah dateng gimanasih,negatif
cff41dc6-36e5-424d-bfae-82d072b9ffea,X n,1,2026-08-15 00:01:00,"aplikasi paling tolol yang pernah ada,,,saya ga bisa login, hubungin cs buat minta tolong, minta bantuan di ig ga ada solusi, di email katanya sudah tidak bisa dan harus lewat aplikasi,,,sedangkan lewat aplikasi harus login dulu,,kan tolol...otak kau dimana...login aja ga bisa mau minta tolong harus lewat aplikasi yg mengharuskan login",negatif
dbd1f36f-a160-45c7-8797-f8496d365da7,AGUNG SUTRISNO,1,2026-08-14 23:20:07,"jadi apk aneh sekarang, dulu saat pesen makanan gampang dapat driver, tapi kalo sekarang nyari driver engga nemu nemu udah 3x gk jadi beli makanan gara gara engga dapat driver mulu",negatif
d5018713-29fd-4b3c-aa8d-607501d78519,Armannn,1,2026-08-14 23:04:49,"nunggu pesenan lama tiba2 dicancel blokkkk, pantes aja saham lu diem di 50",negatif
ca8069ac-d3ca-4b13-a68f-ee262424c599,Umi Maghfiroh,5,2026-08-14 23:03:10,"Pelayanannya baik, driver saya selalu dapet yg enak orangnya, diajak ngobrol, curhat, sampe roastingan juga. semoga selalu dapet driver yg enak dan pelayanan yg baik terus, terima kasih gojek",positif
a796983c-da15-4c2d-9add-0599cefc5789,Edy Susanto,5,2026-08-14 22:58:14,mantap driver ny ramah 🚀,positif
6553d040-f652-46cd-aadd-fef9db242b75,Sahru Fauzi,1,2026-08-14 22:30:23,pusat bantuan hanya di layani bot dan penjelasannya bolak balik d situ aja,negatif
857a0bd2-32ac-4442-85e9-2aaa71c49374,Kiki Septianingsih,1,2026-08-14 22:05:35,"hai gojek. knp Paylater saya di non aktifkan. dgn keterangan sedang ditinjau. padahal selama ini saya membayar tagihan tidak pernah lewat dari tanggal jatuh tempo. ini masalah nya apa ya? ini bukan kali pertama. apakah saya sudah tidak diperkenankan melakukan transaksi apapun di aplikasi gojek lagi? saya hanya IRT yg semuanya tinggal pesan lewat HP. dari pesan makanan, transport, dan belanja online. dan saya menggunakan gopay later dengan bijak. krn setiap gajian suami saya yg membayar tagihanny",negatif
8aea416a-4f4c-4c4f-a164-b3fb5720bb2e,Ririn febriyani,1,2026-08-14 21:00:06,"Kepada pihak gojek Indonesia yg terhormat, saya kecewa dengan mitra kerja anda yg bernama,, NAMA: JOHANES PARTOGI PAHALA R, dengan kendaraan bermotor berplat nomor B 3208 EKP,, mitra anda tidak sopan, slalu marah dengan nada tinggi marah marah, minta uang tambahan,,, tolong di tindak lanjuti,,,",negatif
5e5923d6-c7db-41cf-a556-3e8feca876dc,indra Attaki,1,2026-08-14 20:26:21,bnyakan updateny.ni apk bloon aplikasi bikin susah suruh ngasih kode segala buat apa online bloon,negatif
b8c86b18-a706-4170-8e79-6e32b058c76d,Yusi Syahrianti,4,2026-08-14 20:23:14,promonya lagi banyak dan murah . thanks gojek,positif
b9f9c7c3-4ffc-4e3e-8413-3d2d481683dc,Maulanamubarok Mubarok,2,2026-08-14 20:15:59,suka salah tutk mulu padahal titik nya udh bnr,negatif
809cbb96-0a7b-42a7-8309-4e8a023079df,Yagus Harianto,5,2026-08-14 20:05:54,sangat sangat membantu,positif
e326f42d-9831-490d-8002-1a85f697fec5,Deni Gunawan,4,2026-08-14 20:05:47,aplikasi petanya tertutup keterangan pesanan,positif
f99153a2-0598-411e-abd5-ccafbc1b5c71,Nur Aini,5,2026-08-14 19:24:38,tampilan baru maps liat musti di tarik kebwh,positif
ca094a01-7aa0-413f-a5ed-facf2ac9c0a5,Nida Upi,4,2026-08-14 18:58:06,"Sudah di jalan, Kadang dpt driver yg lupa pick up, ktnya ga bs pick up kalo posisi dah jauh. Terpaksa dicancel, Jd driver minta bayar manual ga lewat aplikasi. Kalo bisa kalo driver lupa, ga bisa akses lg kalo dah pick up, Customer bisa akses untuk menyetujui kalo bener dah di jalan.",positif
8cc4dc00-9794-4096-a36f-eb16de9cf6e9,akbar hansome,5,2026-08-14 18:48:43,mantap aplikasi nyooooo debessss👍🏼👍🏼,positif
aaeaee27-7871-4940-bc77-34dd8fca89c3,Fajar Imansyah,5,2026-08-14 18:41:30,mines gofood mahal,positif
2d7140fa-3ae6-4188-87a6-a90eef7f3699,andy rajasa,1,2026-08-14 18:35:30,sering telat.. dikira sudah mau sampai ternyata waktunya berubah jadi lebih lama..,negatif
c0b35651-6925-48e2-aaea-aaa404187a49,wahyudin,5,2026-08-14 18:11:57,sangat membantu untuk bepergian tanpa harus punya kendaraan,positif
fd399c39-447b-46c8-b49f-37c0c2566f23,Haura,1,2026-08-14 16:15:56,sering banget udah nunggu berjam-jam malah dibatalin,negatif
1380adfd-2b2e-4d61-8c90-fd6692b29205,Wiwin At Milla,1,2026-08-14 15:56:04,"ini gak bisa dikasih bintang 0 ya? FIRST TIME nyoba order makanan di gojek, malah dibatalin sama pihak gojeknya sendiri, mana aku udah nunggu 1 jam setengah, (laperr bangett), tau gitu beli dishopee food aja. gak lagi deh pesen di gojek, nyesel!!!!. hati hati untuk yang lainn!, seenaknya batalin pesenan orang!!",negatif
f5860166-392e-4191-bb97-3d77c0682032,Abiyu Ramadhan,1,2026-08-14 15:09:54,aplikasi nya eror masa mau beli makanan bacaannya api eror location,negatif
1e72305d-7d95-4928-9020-82e6cff60d1e,XimonsajaY,2,2026-08-14 15:03:09,makin hari makin pelit ni apk kasian customer,negatif
78cf0eff-9d2c-45a4-b939-83e8acfc5383,Charissa Gabrianna,1,2026-08-14 14:29:30,mana promo gocar 22rb itu ajgh!! malah makin naik,negatif
f16505c8-c505-4b2a-86a6-73cd874107d2,Aldi Bragek,1,2026-08-14 14:08:18,Gak jelas di tengah kota pesan gojek aja sampe 2 jam lebih mana gak bisa di cancel,negatif
eecf06b6-f70f-44b2-b98f-fa54cf063205,Suparmi Amy,5,2026-08-14 13:49:33,"selama sy pakai gojek Alhamdulillah selalu dpt driver yg baik,semoga gojek lebih meningkatkan lg kwalitasnya👍👍👍👍👍",positif
77105a37-2511-4f6b-b302-82f6521ffb3b,Arrafi Putra,2,2026-08-14 13:26:21,"applikasi tidak bisa digunakan kecuali data seluler, wifi tidak bisa",negatif
2e2f5576-1403-4201-a1a0-26c4841aac6c,ihda nuroini,1,2026-08-14 12:47:38,"pesen gofood disini 2 jam baru nyampe, pindah resto pun sama aja. udah uninstall setahun kirain berubah baik. taunya makin buruk",negatif
db7e18aa-fe05-4876-8a4e-e78e3390d73f,Bunga Rajda,5,2026-08-14 12:40:23,"ini aplikasi sangat membantu saya,dalam hal apapun gojek adalah aplikasi yang sangat membantu untuk berbagai kebutuhan sehari-hari. Mulai dari transportasi, pesan makanan, pengiriman barang, hingga berbagai layanan lainnya bisa dilakukan dengan praktis dalam satu aplikasi. Tampilannya mudah dipahami dan pemesanannya cukup cepat. Sangat cocok bagi siapa saja yang ingin menjalani aktivitas sehari-hari dengan lebih mudah dan efisien.",positif
816b0dd1-551b-4da9-a2c4-3e895a388161,Erel Kedren,1,2026-08-14 12:33:40,"Hapus aja pengantaran murah di gofood, sudah berkali kali nunggu sejam ujung ujungnya dicancel, balikin aja kaya dulu pengantaran biasa sama prioritas. Padahal sudah tanya resto maupun driver kalau pengantaran murah gak ngaruh ke pendapatan mereka, berarti emang sistem kalian yang gak bagus. Gak heran kalau dalam waktu dekat akan bangkrut kalian.",negatif
8f7acc1b-c46b-4851-a774-dbe2ad0a2c7b,RESI Theresia,5,2026-08-14 12:32:42,keren bisa menghasilkan koin,positif
bf2c3b77-d530-4b67-93d6-9ee5bfbf15f8,Fitriah Nur Hasanah,5,2026-08-14 11:52:05,Selamat datang ini sudah pengiriman paket karena jujur kak selalu dan sehat lebih sukses penting kerja rajin terus menerus baik' terimakasih 😊😊,positif
6f620188-d54d-448b-b686-c6b16acc7116,Suparmi,5,2026-08-14 11:19:38,"dgn adanya aplikasi ini sangat membantu, ortu yg tdk bs jmput ank plg skolah 🙏",positif
5ae4defc-403a-4529-8aa1-9c04011607f2,Lydia Yumi,5,2026-08-14 11:06:27,driver ini sgt ramah..layak dikasi bintang 5...semua ny oke..bagusss...,positif
ab7ff0b7-05d6-4700-b178-c75c79bb08da,Ajeng Wulandari,2,2026-08-14 11:01:52,"Apk apaan mau masuk daftar susah,no telepon ga masuk terus pdhl yang di masukin bener,eh malah suruh nunggu 60 menit (1jam) gajelas",negatif
17c19912-b9cd-4ed1-8a59-12fab833018a,noeng tas,1,2026-08-14 10:51:39,"kok gw ga bisa verifikasi nomer telpon...juga ga bisa masuk via akun? udh klik""?"" tetap aja tulisan nya sedng di perbaiki....udah 3 hari",negatif
a1b492a3-20fa-4892-a4e6-c6a60da3be78,Ernando Yoga Kusti,1,2026-08-14 10:43:35,"untuk gosendnya aneh, saya selalu pesan gosend untuk pengiriman paket toko saya tapi sulit sekali dapat driver. selalu berganti driver sampai berhari-hari, saya dapat keluhan dari drivernya langsung katanya itu karna driver dapet argonya kecil atau ada argo yang numpang. jadi untuk gosend janganlah kau kasih driver argo-argo yang kecil, agar kami pelanggan setia gosend tidak ikut terdampak seperti ini.",negatif
31265bd4-8e7e-4052-af79-4b758ae33c18,Fajar Irawan,1,2026-08-14 10:26:09,ini gojek makin2 yak wkwkw beli makanan mahal di ongkir xixix,negatif
69531c26-5606-463d-84e1-88069cae027c,Doraci Allstars,5,2026-08-14 10:23:48,saya naik gojek atributnya lengkap dari pada maxim,positif
5d054085-083f-4519-b277-f3aad8204603,Sarliyan 3422 (iyan),1,2026-08-14 10:22:21,"biaya penanganan dan pengiriman mahal amat pantas sepi peminat,padahal aplikasi kalian gak ada bagus² nya sering error,malah mikirin untung sebesar² nya pantas pengguna pada pindah ke SHOOPE FOOD.",negatif
f47f371b-e6fb-4715-b800-3bb344c9cc2f,Ignatius Hanzel,5,2026-08-14 09:57:54,Gojek ini sangat bagus sekali,positif
10d3d5ba-525d-497c-8100-a451d195d4c3,Nadya Pasa,5,2026-08-14 09:52:22,hampir setiap hr gosent pake gojek😍meskipun kadang drivernya main kancel aja..tp sll pake gojek..,positif
0a6fab38-f547-4d82-8079-6a0f8eddd0ef,Ayunda Zahra,2,2026-08-14 09:50:44,tolong dana pencairan blm masuk sampe skrng saya butuh sangat,negatif
4af5daa8-7205-4c45-a262-cf894fabf872,Elvio Bintang,5,2026-08-14 09:22:36,sangat membantu kegiatan sehari2,positif
2475c902-b6ca-435a-a7c2-a95ede82ca3f,Nusa Indah Trans Tour&Travel,5,2026-08-14 09:22:10,drivernya ramah dan joss..kalau bisa pembayarannya jangan hanya gopay saja..coba dengan pembayaran lain selain gopay yaitu qris,positif
70eef5c1-31a0-423d-8fc3-e221dc618449,conrada raghilda utomo,5,2026-08-14 08:47:20,"pakai gojek pasti untung,cepat sampai ke tujuan.",positif
eeff95e2-8acd-4a3c-9207-117a7c9eee1c,ika juni,5,2026-08-14 07:48:32,Terima kasih gojek,positif
655a6a4b-284a-4d1f-94e4-1b1beff440f5,Tri Yoga Pra Yogi,5,2026-08-14 07:33:44,"min kapan buka pendaftaran gojek di Palembang, saya udah mendaftar jadi mitra gojek, akan tetapi belum aktif juga akun saya min , semoga cepat di aktifkan yah min",positif
259cf2e3-865d-4621-8277-75ab562cf058,Mas Hartono,5,2026-08-14 07:08:22,Ekonomis cepat akurat saya telah lebih dari 5 tahun menjadi pelanggan aplikasi ini puas dan tidak pernah mengecewakan,positif
41c9d666-a63f-4203-a122-b5b11d6925db,Rani Hanjani,1,2026-08-14 06:02:53,"pembaruan mulu dah, jadi susah buka gopets",negatif
c0a94507-02db-4f77-b10b-bba32b6b7552,GANONG OFFICIAL,1,2026-08-13 23:53:51,"ngapa lebih mahal dahh, terus daftarr gojek plus biar murah,malah tambah mahal,gak jelas",negatif
62e09193-4438-4c41-9510-0187367c7f85,Didin Jaenudin,5,2026-08-13 23:41:40,terimakasih banyak mitra,positif
ff926e3a-29b0-4f03-b062-1d66396eeeb7,Rasyid Setiawan,1,2026-08-13 22:18:56,"aplikasi lawak, udh habis 5 juta lebih dengan point tinggi, tiba tiba akun di ban tanpa alasan, tidak ada solusi customer service, merugikan! udh klik bantuan, isi formulir. tetap gak ada jawaban",negatif
83054b1a-8fb6-4efd-8163-00f3c9d042aa,Ery Fernanda,1,2026-08-13 22:12:35,"aneh dspet driver gamau ngambil orderan pas dicancel mesen lagi dapet dia lagi, sistemnya gimana sih? yg suka milih orderan malah dapet orderan terus ??",negatif
78ac922f-fdb4-4457-aa67-d0de0947cce2,Sherina Ester,1,2026-08-13 21:53:35,SAYA SDH TUNGGU 2 JAM UTK.GO FOOD. TIDAK ADA DRIVER YG MAU. DAN PESANAN TBTB DI BATALKAN !?!??!!?!,negatif
6773a864-f4af-4d04-95d4-2016bc77c285,Joni iskandar,5,2026-08-13 21:50:04,Alhamdulillah sampe cisauk,positif
58fc0bfc-c818-430d-b149-5332f8e42cad,Hari Suranto saputro,1,2026-08-13 21:47:41,"apa yg terjadi sama gojek 🥱🥱 ....kok gosen ku lama .. driver jawab iya pak ,kita bisa bawa gosend / gofood lebih dari 1 orderan degan beda nama & alamat ... Apaaaaaaaaaaaaaaaaaa wow .",negatif
ecf64612-81c1-480a-93c6-16bda7b78f21,Djan Cuk,1,2026-08-13 21:32:15,"masih sadis potongan taripnya, driver ditindas habis2an, hemat binasa ganti judul muraaah, pantas aja berasa ampas cuma tuker bensin doang,, dzolim lim lim",negatif
92c79d80-a019-47cb-80c9-5eae6facab8f,Fauziah putri Wicaksono,5,2026-08-13 19:48:09,"sering dapet diskon, amat sangat membantu. cepat dapat drivernya",positif
60d7b2d7-d3b4-4a80-95fe-fe1305e66318,Adji Pratama,2,2026-08-13 19:37:37,"Order GoFood, dapet double order mana lama lagi order yang lain, gimana gak mencair itu pesenan saya. 😊",negatif
a4af642b-e089-49f3-bbee-2a0f8415123f,Wisnu Hardiyan,5,2026-08-13 18:44:09,"kok bisa tujuan 1 km , driver awal pesan posisi 4 km ..... LOGIKA DI PAKE DIKIT NAPA !!!!!",positif
f73691f1-4981-440b-aae7-319ca79da40f,Ceriah Kasih,1,2026-08-13 18:08:06,td ada fitur voucher nya pas kita pesen gofood,negatif
d375d2b2-e207-4b9e-be7f-3b7e2aae5464,Dika Pratama,5,2026-08-13 18:06:39,semoga tiap update aplikasi jadi makin ringan,positif
795074ed-096c-4283-a038-a537da9a3a65,Aang Virgoun,1,2026-08-13 18:00:32,"driver makin pada belagu , nunggu sampe 30 menit gak gerak2 ,di sosmed pada ngeluh orderan sepi padahal emang pada males aja mental orang miskin",negatif
15654fb7-cb8e-43d9-876b-367781ff0cfb,Adinda Marisa,5,2026-08-13 17:57:52,sangat puass dengan aplikasi ini,positif
c7099f3a-3bf3-4aad-bf4e-2fc60ac472f0,M. Dwi Cahyono,5,2026-08-13 17:57:34,Karya anak bangsa.,positif
09997130-ccbf-4b62-94ad-2ad4ad4ca8ba,Azkia AH,2,2026-08-13 17:51:40,"saya sudah lama pake gojek , baru kali ini saya mendapat pengalaman buruk dari driver karna titik maps dan alamat saya tidak sesuai , padahal yang bermasalah itu maps di akun gojek yang memang belum update karna daerah rumah saya termasuk perumahan baru , titik maps sudah sesuai saya tandai tapi alamat lengkap memang tidak sesuai karna tidak ada di maps aplikasi gofood , sudah saya kasih notes untuk driver juga kadang dibaca kadang tidak , terakhir kali driver mengetok rumah sambil emosi",negatif
631b22a4-1389-49ce-8146-541ace186124,Zayyin Achmad,5,2026-08-13 17:44:37,sangat membantu sekali terimakasih,positif
b8cc4946-31ac-4616-a3eb-85ad285999ae,melisasiti nz,1,2026-08-13 17:38:05,"susah dapet driver skrng,harus di perbaiki sistem nya",negatif
dedfa111-cbba-4af2-bc40-cf38bf48eb7a,Praz YDR,5,2026-08-13 17:27:07,Gojek SIPSUDAHHHH 👍🏻👍🏻👍🏻👍🏻👍🏻,positif
9c9540d4-4760-41cb-8050-658e92e5cbc9,Raff.,5,2026-08-13 17:14:04,trip menjadi lebih mudah,positif
dbdd983c-9a87-4803-b5f6-54a9cffc46ea,Afriansyah Apri,5,2026-08-13 17:04:49,mantap dan menyenangkan,positif
44d99351-3594-4d61-b887-5a1badae2136,Faqih Alawy,5,2026-08-13 16:46:55,simple gak ribet,positif
fa91ee76-b4d9-4ffc-b44a-75b1abff36da,Hartojo,5,2026-08-13 16:13:44,"Terima kasih ya mas, layanan memuaskan.... 👍👍👍👍",positif
a0207ae0-7b23-4568-b3b2-31a28b7e1d6c,Endang Lestari,5,2026-08-13 15:42:34,orangya ramah gk ngebut,positif
a8fffd05-947c-4251-ac7d-fbf2537f9b3d,Asep Putri,5,2026-08-13 15:30:06,orderan ny susah skrg mh,positif
46e47232-cfcf-4703-b46d-acdbc1e64661,putri Ayu pengukir,2,2026-08-13 15:06:44,"mulai sekarang diwilayahku agak sudah dapet gojeknya ga tau kenapa ya. ditambah biasanya sy bayar 10k ini jadi 7k an, rasanya ga enak",negatif
80444d34-c345-46ec-9193-9098917c1941,Alamia Gulo,5,2026-08-13 15:06:04,Makasih banyak gojek sangat membantu saat ngk ada kendaraan untuk pergi2,positif
2b60c483-03a1-494c-a7be-8d475650f4a8,Dhea,4,2026-08-13 14:40:22,"serius nanya, fungsi gojek cepaat tuh apa ya? biar dapet driver lebih cepat? terus kalo posisi drivernya dikasih yang jauh dari lokasi, bedanya apa bang. sama sama nunggu juga jatohnya ^^",positif
ce712707-7de7-4aa3-8f28-6690c3f138a5,Kurob Karepku,1,2026-08-13 14:34:21,nunggu makanan 2 jam ujung ujungnya di cancel.,negatif
4a0ba000-5130-423c-86db-fea7ff28cfd0,Ardy,5,2026-08-13 14:32:34,selalu nyaman ama gojek 👏,positif
118399c0-9dea-4ae4-828f-329a949d9e6b,vita wisudyarini,2,2026-08-13 14:14:04,Banyak kendaraan2 yg di gunakan sudah tidak layak. Tolong Gojek lebih perhatikan kendaraan2 yg digunakan driver. Harga sudah naik tetapi kendaraan yg digunakan kendaraan yg sudah pada rusak.,negatif
97aab2e4-9af1-47bc-a8a6-595bc7db5421,septian farhan,1,2026-08-13 13:57:11,jelek dan tidak membantu sama sekali,negatif
2098dd0a-0d89-4227-8de7-237e18ca25b7,Tini Zein,5,2026-08-13 12:41:22,"sangat membantu perjalanan kmnpun, byk jg potongan voucher nya...ttp tingkatkan pelayanan supir & kendaraannya...👍👍👍🥰🥰",positif
66d69841-1527-49d3-b2b2-ac6d121aecbe,Soni Chandra,5,2026-08-13 12:32:58,Enak Mesen Mobil gak pake Lama.,positif
7a980c61-37cd-487c-b6c3-92fb2e5b4120,Muntopiyatun Wito Wiyono,5,2026-08-13 11:06:05,pelayanan bagus ramah,positif
97287f86-ad7b-4c1e-8682-a9831bdb895c,Pak Uuk,1,2026-08-13 10:14:31,game bolak balok yang ada di aplikasi gojek customer di saat skor mencapai/melebihi angka 10000 sengaja dibuat gangguan/error agar game tersebut tidak mau ngasih reward alias SCAM,negatif
fc58443b-93ba-4c97-a979-f343a7fbd1c1,Pengguna Google,5,2026-08-13 10:06:23,"bagus driver, ramah",positif
8fb345c4-2be2-4ca8-863a-b1862e4c2152,Febriana05,5,2026-08-13 08:09:21,kemana mana lebih mudah,positif
10e43860-dd06-41ec-8b13-60290134090c,Penu Ditawijaya,4,2026-08-13 07:48:06,pengemudinya ramah dan safety,positif
e3b06142-dd7c-487e-8efc-9df6e9ff7f0a,Handoko New,5,2026-08-13 06:17:05,sangat membantu fan efektif,positif
9352a0e1-c1e0-4def-b13e-9f4af80bee6f,Restu Agung Saprin Dinata,1,2026-08-13 06:05:45,apknya kaya pokeh,negatif
fe687cac-f548-4578-b946-a171a79d1e05,Aldi Suhardi,5,2026-08-13 03:39:54,APLIKASI TRANSFORTASI TERBAIK👍📍,positif
1ea59d53-714d-4014-b3a3-1b8a4e492d41,Muhamad Bayu Widodo,1,2026-08-13 02:04:10,misi login gocat aslinya dapet 1000 tapi yang masuk 100 perak,negatif
3aecf1de-28cc-4537-b922-cd09614fc222,Irawan Permana,1,2026-08-13 01:56:32,"link share power up gocats error, ngga bisa dibuka",negatif
18d33dc2-bf3a-45b0-b058-8b81751667de,try Glempo,4,2026-08-13 00:37:24,"pelayanan sepenuh hati, ramah dan sopan. mantap",positif
3ac3ce21-b004-4e2c-88a5-0ccd94922a1e,Rangga Mahfudin Malik,5,2026-08-12 23:44:39,sangat bagus sangat cepat 😊😊,positif
e30ea986-09dd-487a-8726-622adf58035d,Arif Firmansyah,1,2026-08-12 22:52:52,"iklan lo ajng ada dimana mana, udah lama pula di klik X malah tetep nge buka gojek",negatif
9de6faa5-bec9-4e43-aa2a-5a737b5b813e,Ronald Hassan,4,2026-08-12 21:56:20,Bagaimana kalau go food hanya menerima layanan untuk makanan yang halal saja....terima kasih,positif
64b6f5e7-dbc9-43fe-bc15-6b4ff09a5d9e,Fayza Kareem,5,2026-08-12 21:47:11,pelayanan nya baik,positif
db6e0ed3-1695-4b4a-ab89-e10c51a7acea,Dita Febriasari,5,2026-08-12 21:07:59,mempermudah transportasi 👍,positif
372c5869-554b-41ca-82ae-3cb75a526441,Isma Nurhasanah,1,2026-08-12 20:48:48,banyak driver yg bawa kabur makanan. penyelesaian juga aneh saldo tidak kembali.,negatif
35937747-7887-4436-90e2-0e00f1fb3664,RAHMAT AJI NURYAKIN,5,2026-08-12 20:00:34,pelayanan ok.cepat respon.banyak promonya di gojek,positif
a36900bb-2455-4e7c-9356-4ef55f9c3434,Andrian Prasetyo,1,2026-08-12 19:13:11,driver sulit dapat,negatif
69fad8b1-ae80-4c55-937e-6bd10b5025d9,PP LANANG,1,2026-08-12 18:50:25,gua coba ngirim barang mnggunakan go send dan gua udah lama nunggunya dan ojolnya pun susah di cari tolonglah lebih di permudah untuk mencari drive ojolnya,negatif
a60d0929-4155-4c26-9e68-3b2bf4a6856a,Irian Syah,5,2026-08-12 18:48:24,praktis sangat membantu dan mudah digunakan,positif
fb10f369-206e-4f8e-9c5d-5dae61a1f7b4,Afifannisa Lubis,1,2026-08-12 18:45:26,Lebih baik tidak usah pakai opsi pengantaran murah daripada customer sudah nunggu berjam-jam tapi driver gak ada yg bisa jemput. malah disuruh batalin biar rating driver/resto tidak jelek.,negatif
0c0e712a-b96e-4b49-8dcb-d521e33c103f,Risky Albiyan,1,2026-08-12 18:25:51,"udh cukup lah ya pake ini apl untuk sampe akhir bulan karena udh bener"" dibuat kerepotan, kejadian baru bngt lah. mesen gojek tujuan st tebet dan titik jemput di depan axa tower dan yap mental titik jemputnya di stasiun Manggarai gila! Jauh bngt ga tuh! udh jelas naruh titik jmput di depan axa tower tapi malah kepental jauh bet bngst! wah udh cukup dari kejadian tiket kereta hingga goride lah yah, jadi beralih ke apl lain yg lebih jelas, kasian ke abang gojeknya sih daripada gw sendiri!",negatif
ff914e07-5895-4de1-8b99-9a554729e558,Mahatma Hesa Mahendra,1,2026-08-12 17:31:56,selalu klo go food telat nya kebangetan bisa sampai setengah jam.. buat gojek berbenah deh ini saya pesan go food yg harusnya sampai.jam 17.33 sampai sekarang jam 18.00 blm sampai,negatif
cd2512c1-e200-486f-a000-7d7e1395c328,Deshinta Mirna Lestari,1,2026-08-12 17:22:31,saya termasuk sering pake gofood. tapi ini tampilan pas drivernya nganter tolong dibenerin ya. gak keliatan peta posisi drivernya,negatif
f0f5a7fc-d183-4a64-9c18-2295b445102a,Lena Sri,5,2026-08-12 16:42:55,"Bagus, tepat waktu.. sesuai",positif
d610c017-14fc-4ab2-8bd6-ab5f9ec63104,Moeru Zufa,1,2026-08-12 16:20:33,pesanan saya tidak dikirim kirim,negatif
f2dc2eb6-22c3-4f7a-a546-26d3dfe59cec,Muhamad Hanip Al Paruki,1,2026-08-12 16:16:11,cara hapus akun nya gimana cok,negatif
f0566ef7-926d-4ad5-a887-f6ce51c9d73e,luaraIMUP.,5,2026-08-12 16:11:36,"SAYANG BANGETT SAMA GOJEK, fast respon banget anjir, gak kayak situ, anjay.. gojek ni penyelemat SAYA BANGET! pas gaada motor... otewe #NGOJEKANJAYY",positif
8e6bbdfa-f836-4e38-82b6-b27cc9a46c97,Mayda Inayati,1,2026-08-12 15:54:53,"pengalaman pesen gojek, awalnya milih HEMAT tapi ga dapet-dapet. terus di alihin ke goride CEPAT, udah dapet nih drivernya. pas udah sampe rumahku, kok beda ga sesuai sama yang di layarku, ku kira kan ya udah palingan pake akun temen or smth. udah selesai nih nganterin ke sekolah. eh TERNYATA, drivernya ke DOUBLE, ini gara gara SISTEMNYA. ngerugiin 2 pihak. BUG nya benerin ya. kan aku ga expect y, jadi ga tau & panik pas tau, KOK BISA. MALU. drivernya g btalin, ak jg bru tw pas ktm di rng guru.",negatif
1e71b624-7f19-4162-95b6-66cf1fc06d61,Adreena Samia M (Adren),1,2026-08-12 15:43:27,"kalau gosend lama, cari driver lama, cari alamat lama. boros waktu",negatif
56c3cdd6-05b5-4c55-a625-9add58f76cd4,Ganii,1,2026-08-12 15:36:00,tidak bisa membatalkan pesanan goofood dari pihak pembeli,negatif
e795aded-60e1-408b-a263-09985b7793c5,DeDe Mouljadie,5,2026-08-12 15:32:02,bagus dan membantu,positif
920e4a9a-ccb3-4c19-b838-6f97909f3a18,Radit Dika,5,2026-08-12 15:20:42,hapus sistem slot,positif
9cd6a2e3-c842-4c9a-8a51-3fa62abfe4cc,Keiya Tiara,2,2026-08-12 14:22:50,bagus dan membantu tapi tolong dong diperbaiki kadang ga enak sama driver di aplikasi drivernya masih jauh eh ternyata udah dari tadi tolong ya gojek di perbaiki,negatif
198f4604-9a58-4b6e-8487-129fd1659ac7,Adi Setiawan,5,2026-08-12 13:54:12,"ayo dong banyakin promo lagi kayak awal, negara kita kan kaya, masa karya anak bangsa cuma gini doang, kan buat rakyat, katanya...",positif
a6f94c40-ab54-455d-bafc-fe1e91b7c070,Yamazaki Jonggun,1,2026-08-12 13:08:14,"gk bisa kirim foto,gak jelas",negatif
e78535b6-186c-4f28-9c9e-70130f474878,HENKY PUTRA JM,1,2026-08-12 13:07:13,"sekarsng saya lgi naik gocar dilampung, mobil hancur avanza silver,ac mati, supirnya udah tua bawa pelan n kyk baru belajar. tolong di review berkala kondisi mobil rekanannya. parah parah",negatif
b4172bf3-c584-4669-9100-ca4736baca1b,Hwan Hyori환효리,5,2026-08-12 11:34:00,"bagus sangat membantu kami , terimakasih gojek",positif
57bb0e4c-db40-49d5-bafa-c317e69ca0aa,Anton Hartono,1,2026-08-12 11:16:01,driver gocar seolah olah ambil orderan tp mobil sengaja tidak bergerak agar customer menunggu lama dan customer membatalkan orderan. driver licik,negatif
e36d211d-a5cb-4683-bdf4-a793450f58b0,Maria Novriani,5,2026-08-12 11:09:38,selalu banyak promonya,positif
e09e0a28-d46b-4f64-8542-449f9eb41ef8,stefanus dwi kristianto,2,2026-08-12 10:42:36,"susah untuk dpt driver gofood, jarang ada yg mau pickup.padahal pake yg normal bukan promo Rp.1..",negatif
0ce5306d-20c6-48be-9915-771c038e14d7,Siahaan Felix,4,2026-08-12 09:29:16,"tingkatkan lagi pelayanan., kl musim hujan agak susah dapat gojek dsbnya",positif
cf8b1dd9-6256-4d0c-81ca-8a18ab4cfee2,Pinda Pinda,1,2026-08-12 09:23:27,Pesan gocar 2 kali di malang di jam 12 san dan 2 kali kali di cancel sama drivernya...benar2 zonk gocar di malang ini........dan driver coba berkelit saya tidak bisa di hubungi... padahal saya kasih tip hampir 100% dari ongkos trip..saatnya ganti selain gojek,negatif
eb730b19-5f6b-44e8-9b94-be618cb79a85,Annagram 0808,1,2026-08-12 09:18:28,"ga usah bikin program ongkir 1 rupiah kalo drivernya pada ga mau ambil orderan. mending bikin program potongan ongkir yg lebih hemat, jadi ga ada gap antara ongkir 1 rupiah dan ongkir yg reguler tapi ongkirnya 18k, kocak lu gojek",negatif
4b3da60e-ecd5-47af-b481-37fc656082ff,Adrian Annas Adityo,1,2026-08-12 09:02:20,"udh langganan gopay plus juga percuma, ga ada manfaatnya diskon food juga ga ada👎👎",negatif
f281c06d-c5ac-4da0-bec0-4f7aa34db317,Careguard Jasa,5,2026-08-12 08:37:19,keren gojek pokok nya,positif
43f5ac29-b52e-4054-9e3e-ebf9413ede1c,Ilham ilham,5,2026-08-12 08:18:09,sangat menarik terima kasih,positif
7737de6d-53b4-407b-91fb-e01673119848,pringadi danusaputra,5,2026-08-12 06:36:34,"saya rubah komment nya, produk lokal Mayan lah Murmer di kantong",positif
23a8c665-2704-4e14-abe6-8923e5e9e832,Amdiahbilqis Amdiah,5,2026-08-12 06:08:39,gojek nya tepat waktu,positif
93abf722-9027-4051-a954-fbf33fceded1,Angel Chatrin Sitorus,5,2026-08-12 06:05:50,aku sayang gojek,positif
4966daaa-5e6c-4223-b85e-25d87f7697dd,Riut Riutami,5,2026-08-12 05:13:52,murah dan baik pelayanan nya 👍,positif
329f6678-bb5c-418e-a9fb-1df356e74e36,Rizky Aditya,1,2026-08-12 05:13:19,"makin hari makin GK jelas, setiap pembelian gofood pasti lama, udah bayar ongkos kirim GK pakai hemat masih di buat double order, akhirnya makanan yang sampai sudah dingin dan orang makin kelaparan.. kita Makai aplikasi biar simple dan cepat malah dibuat mati kelaparan, kalau saya Makai pengiriman hemat oke saja saya dikasihnya driver yang double order. ini saya bukan pengguna pengiriman hemat tapi dikasihnya driver yang double order!!",negatif
f1e2808c-a36e-4892-a83c-afefce7a8c4f,Ryan Artha,1,2026-08-12 04:51:34,"Saya Dari Customer Dan Driver Keberatan Atas Naik Harga Goride Hemat Yang Jadi Rp.13.000 Untuk Jam 22.00 (Malam)-05.00(Pagi) Di Jarak 0-4 Km. Driver Terima Rp.10.212. Saya Detail Gojek Menerapkan Goride Hemat Rp.13.000 Di Hari Sabtu,08 Agustus 2026 Jam 22.00 Wib(Malam) - 05.00 Wib(Pagi)",negatif
52aa2317-e7c8-4441-8450-b4db44915a5d,The Synyster,5,2026-08-12 04:31:52,pesan apapun selalu sampai tepat waktu mantapp,positif
44a18c4b-1c75-4603-925b-8c59c6a36ad9,Anggun Bitami,5,2026-08-12 03:00:18,aplikasi yang sangat membantu,positif
a7e20d3b-1afc-4051-b6a7-241554cd62d4,Rachma nita noviani,1,2026-08-12 01:56:37,skrg gojek gak kaya dulu tmpt saya gak pernah dpt apa gara gara di kampung dulu tidak seperti ini gojek terlalu pilih pilih orderan,negatif
4e4ccd9e-4899-4a7f-80c2-57be3751f1f5,Usen Kyu,1,2026-08-12 01:35:15,aplikasi tukang scam udah main game bolak balok berjam² pas skor udh 10rb mala alibi error. buang² waktuk👎,negatif
1cb0b6bf-f3f1-4a81-8b6e-320388866d19,Zavir Attafiz,1,2026-08-11 23:27:25,aplikasi... ga ada otak.. kebanyakan bot,negatif
443b562f-184e-480e-9e05-79c7c0584c6d,Khandar Khan,5,2026-08-11 23:04:14,"senang lihat driver gojeknya santun, walau jauh lokasi nganternya tapi tidak mengeluh dan tetap semangat... semoga Allah SWT selalu melimpahkan rezeki yang banyak buat abng gojeknya. amiin",positif
4699f2c1-d2c4-46db-8384-52609e2344cd,Yaka Altaf,1,2026-08-11 22:55:57,"lewat jam 10 malam susah dapat driver order food atau ride, padahal bayar ongkirnya lebih mahal,,, usut punya usut ternyata driver dapet ongkirnya harga biasa dan sisanya di badok aplikator bahkan melebihi ongkir yang di terima driver, rakus kali... payah,,, pantes maleman dikit driver udah sepi...",negatif
136e6a6b-e92b-4eb7-ab52-a557bf897800,Bintang Arsy,2,2026-08-11 22:08:01,"udah 2 hari oesen gofood tapi di batalin truss karna tidak dapat driver,area jogja sleman",negatif
a34742be-af72-4e62-b07a-62698c0139d5,riska aldania,1,2026-08-11 22:00:10,"pesan makanan nunggu 1 setengah jam ternyata resto tutup dan tidak dikabari, nunggu dalam keadaan sangat lapar. NYESAL pesan makanan disini",negatif
d1cf617c-55b1-4535-bf59-8f629b5ff72c,solekan 7,1,2026-08-11 21:57:50,banyak driver tak bisa baca maps,negatif
ce6ce771-e30f-4f1f-b04a-d1c4cac6be31,Aeni Nur,5,2026-08-11 21:53:27,untuk naik kendaraan,positif
5bbf7040-94d0-44bc-98da-9d8351ce9e3c,Ria Hasana,1,2026-08-11 21:48:47,"Makin turun aja nih hadiah coin game gocats, bintang 1 aja deh ya.",negatif
03e59d7c-e763-4b49-acf2-86eecc1818f3,Ridwan Firdaus,5,2026-08-11 21:37:55,sangat mudah bertransaksi gampang di lacak untuk interaksi👍,positif
8bd7efd9-804c-4f16-a025-9d05ac563dcb,Viki force,1,2026-08-11 21:34:22,kecewa banget gk ngasi solusi dimana no HP udah mati jadi gk bisa login,negatif
45b05cd4-1b19-4cc9-9575-8c2192ddd678,adelia dazzo (adelia),1,2026-08-11 21:25:13,Aplikasi paling sampah selama oemakaian saya,negatif
4616a76d-0777-4ca7-9cae-aae7719ca151,Fahrul s r,1,2026-08-11 21:02:18,"suka terlambat tapi ga dikasih voucher sesuai kebijakan😅,",negatif
d6b6c6f7-7a88-4776-ad3a-9aa3d69c30e0,Ghibran Chemicals,5,2026-08-11 20:45:51,memberikan pelayanan yg terbaik,positif
4da3cf86-dc6c-47c6-9829-8b1a460cf861,Ilyas Saleh,2,2026-08-11 20:26:58,"woy kok koin nya makin lama makin dikit ya,harap kembaliin seperti sebelumnya",negatif
9d96c76a-8a0f-4e02-88bd-5d233323ffd5,Yuq Mayaki,1,2026-08-11 20:20:09,"Sengaja download gojek gara2 mau naik kereta flash BCA ketinggalan di rumah! Go transit ya malah ga bisa di pake,,saya coba lagi 3 hari kemudian masih ga bisa,sampai detik ini ga bisa! mending hapus tuh Go transit",negatif
0eedc0ab-9013-4d4f-bd6c-0a982536687a,Syarif Hidayah,5,2026-08-11 19:58:02,"gojek sangat membantu kebutuhan sehari-hari apalagi kalau sedang kehabisan makanan dirumah, dengan gojek semuanya beres banyak promo yang dapat digunakan sehingga mendapatkan harga yang terjangkau",positif
59c2118a-255a-4e89-b5db-33db18762234,Kanaya Kalista,1,2026-08-11 19:50:58,"bener2 deh pelayanan nya buruk banget. bener2 eror terus heran. perusahaan gede juga. gue isi dana ke emoney ga masuk, tapi saldo gue di gopay ke potong. kemudian saya juga sudah melapor melalui aplikasinya. tapi menurut saya sangat² kurang membantu. karena jawaban yg diberikan hanya yg sudah tertera di aplikasi, bukan pengalama atau kendala atau bahkan penjelasan yg dirasakan oleh customer nya.",negatif
22bf986c-97c1-4c46-8c87-e3853d678e39,Sulthan Danish,2,2026-08-11 19:24:38,niat ga sih gofood nya gw nungguin lama bgt ga dapet dapet driver gj orang udah laper jg👎,negatif
e12f085f-347c-413b-a1bb-61d8a5661425,Edo Maulana,5,2026-08-11 19:17:03,pasti ada jalan,positif
a5b0a5b4-46e1-4fd2-9e28-e0041faee2dd,Ashaumi,1,2026-08-11 18:55:26,"top up tap Cash udah sekitar 2 hari ga masuk, respon nya lama bgt plis",negatif
ef01eb9e-10b6-4d94-8b88-060e5b2496c0,Zahwa Auliya,1,2026-08-11 17:54:05,gembel ah skrng nyari driver buat gofood jdi susah lol,negatif
e72f57ed-71ce-46f2-8054-8cf54d6aa476,Malvin Christian Dharmawan,1,2026-08-11 17:47:20,"rute ke tujuan selalu salah dan harga naik. kau ingin tau hah jalan menuju rumah ku sebelumnya di tutup perbaikan, lalu dilewatkan jalur / rute yg lain dan lebih jauh. Tapi setelah jalan nya selesai di perbaiki arah rute nya tetap ke jalur yang lain, bisa dibilang rute saat jalan masih diperbaiki dan selalu diarahkan melewati itu dan harga nya jadi naik 6k ayolah rumah ku dekat dari sekolah perbaikan lagi untuk jalur rute SEMARANG,Mijen ke jalan Sidodadi Mijen gercep lah gwe dh 3 THN pke gojek",negatif
9fb6b1d7-4554-40c8-95bd-0f5788f8266b,Rinto Hutauruk,1,2026-08-11 17:33:06,jauh jauh drivernya,negatif
617dfc05-0bda-49a2-b3b2-f016a993ec16,Wawan Setia Budi,1,2026-08-11 16:59:55,"mudah digunakan, tapi sudah tidak nyaman, tidak nemu-nemu driver, Aplikasi tidak bisa dihentikan, cari sampai berjam-jam. harus di remove baru berhenti.",negatif
69d39334-cd60-4ce8-9967-5c504ef248a5,Afrialdo Hartanto Naibaho,1,2026-08-11 16:28:20,orderan akun KHUSUS FOOD JARAK DEKATNYA DELAY. per 1 orderan driver cuna dapet Rp. 6.000 jarak ke resto 1-2km jarak pengantaran 3-5km.belum gitu naik ke lantai 6 mall lagi. kacau nih karya anak bangsa.,negatif
34a5710c-72c7-4be6-babf-086db17195e4,haris bunglon,1,2026-08-11 16:24:09,Maaf ku kasih b1 karna ada pinjolnya skrg jadi aku hapus akun aja cukup meresahkan,negatif
da08a1ce-9085-4eb4-9389-11ad38c13d47,Haris darmawan,1,2026-08-11 16:13:58,"driver yg lelet masih di pertahanin,lelet pick up di map ga gerak gerak ,lagi santai pasti itu kaya yg viral driver motornya",negatif
2e39668e-d61f-4262-984a-5ac79b18816e,Erenz Reja,1,2026-08-11 15:19:18,ngga usah download.. kemahalan.. mendingan maxim aja..,negatif
3e792528-38bd-45a8-bc73-36982d4bd174,Ariputra Business,5,2026-08-11 14:59:51,sejauh ini uda ok cuman tolong dong untuk maps nya di perbaiki lagi sehingga waktu proses orderan gak nyasar ke rumah orang,positif
2a45e198-c4e5-4763-9608-67a4f960a583,Titin Widodo,5,2026-08-11 14:55:47,selalu ontime dan komunikatif,positif
34a3a7f9-69dd-4c32-9c54-a383321fbd6e,Akun Ff disini,1,2026-08-11 14:41:04,"pas selesai mesen gojek dan udah dianterin sama drivernya ke titik tujuan, beberapa menit kemudian app nya mesen mesen sendiri rutenya sama kayak itu, pas dapet driver aku cancel eh malah nyari driver lagi, aku mesen aja kaga, tolong diperbaikin",negatif
8bd7f6a6-852f-421a-a52b-6d4e9ac470d4,Mick Jimmy,5,2026-08-11 14:30:19,"Mempermudah kemana2, untuk goride ok hanya gocar sering ga di jemput",positif
e56c59f3-07dc-4afa-9f9b-09a8e1d4c466,sri asmini,1,2026-08-11 14:08:58,mencari driver sangat lama,negatif
3a496ee4-54f8-4e14-bf1d-52644dceffa9,Kesya Wulandari,1,2026-08-11 14:05:54,Apaan banget tiap udh dapet malah di cancel sebernya niat kerja apa engga sih heran mana suka aplikasi ga bergerak padahal saya bukan orang yang termasuk pelih Sering ngasih tip cancel,negatif
e18cf24d-828f-4383-85e7-456e9416c60e,Dini Handayani,5,2026-08-11 13:59:11,"perdana pesan ,gercep ,makasih gojek",positif
0bbacc1a-8d71-4beb-9538-f53ac5fae16b,Shanellie Soozyniel,1,2026-08-11 13:07:58,"kurir gofood nya makin hari makin aneh, udh sampe ke resto tp tiba² di cancel pas udah mau otw ke lokasi pdhal cuma jalan lurus aja klo ga gtu yaa malah double order yg bikin customer nunggu 3 kali lipat lebih lama.. pdhal nunggu pesenan sendiri aja sejaman, sebel gwahh 😫",negatif
89ef606f-8cf2-410d-96a1-8bb05d47addb,yoyok susantoyo,5,2026-08-11 12:43:46,"mantap wes, bisa apa aja, mo kmn aja dan kapan aja.....paling bisa diandalkan pokoke....moga makin baik lah.... 🙏",positif
7a00f962-d821-4c1d-967d-05ce0a099aa0,Prima Mudino,5,2026-08-11 12:43:32,sangat memuaskan oke,positif
fa1d199f-5859-4813-8ecd-8d143307e667,Melvin Ariesta,1,2026-08-11 12:18:57,"tidak responsif, sudah buat laporan tapi tidak ditanggapi kembali, hanya template jawaban doang..",negatif
ce5a7165-c3fb-4188-bbc5-c9ff0462bd38,Kim Jipun,5,2026-08-11 11:47:54,Memudahkan transportasi kemana pun pergi,positif
424301e9-af33-4159-9eb3-43d21f22714e,Nate,1,2026-08-11 11:34:13,apk kikir sekarang ada mode modenya lah apalagi harganya dipatokan yang mode cepat kikir banget,negatif
59d6dad5-8ed2-4b29-bdf4-7896e2fe18ba,csfd guuy,1,2026-08-11 11:17:41,"telat bayar paylater 3 hari saja di blokir nya satu tahun lebih , aplikasi apaan coba",negatif
af7f9c28-8e4a-4e7a-a2ef-80914b4e3586,Dessy Septianti,5,2026-08-11 10:28:49,cepat dan mudah,positif
4d9f390b-2304-4f3d-92ad-356912d87e68,Eshal Zanira,1,2026-08-11 10:04:53,"gak jelas lama lama gojek,, sdh jadi member prioritas dan selalu menggunakan aplikasi malah tiba tiba go food sya d hilabgkan tub semua diskon d semua merchent,, jd buat apa kau jadikan aq customer prioritas weee",negatif
801c910f-2f15-481c-a7a1-7398a9d40824,Erik Kusuma,5,2026-08-11 09:25:02,mantul bg mksh,positif
34e869e1-8ac8-41ba-8943-4bd83ffb3671,Kristian Siswoyo,1,2026-08-11 09:04:28,"saya biasa cari makan go food dekat rumah saya angel food, tapi ga ada. saya wa penjual katanya tiap hari buka. kok ga dimunculkan sama aplikasi go food ya? padahal ga jauh dari rumah. aplikasi sampah.....",negatif
6dc93de9-c6ca-441e-a951-730882c5333f,Anton Sujarwo,2,2026-08-11 07:19:38,Drivernya banyak milih2 orderan.. Pagi ini sy ada sekitar 7 driver yg g mau ambil orderan saya..,negatif
9fe54b1d-7f9c-4010-a2ef-e651224c5045,Achmad Romadlon,1,2026-08-11 07:13:55,MAP YG KAMU PASANG SLALU TERGESER!!!,negatif
4b7dbd24-4b0c-4411-b549-4ce54aa15ea8,Sabayy madani,5,2026-08-11 06:38:52,Mantap APL Yg sesuai Di saat Lapeerrr👍,positif
b3c0d742-8371-448f-af97-083fb7eb661c,Yogi,1,2026-08-11 06:21:34,untuk mencari driver lama sekali,negatif
67c7edb4-ec3e-42d8-a594-7b4e5db88dd5,Almira Qalesha,1,2026-08-11 06:09:06,"drivernya suka gk tau diri, udah diambil pesenannya, udh mau nyampe juga ke lokasi tujuan, ehhh ujung-ujungnya minta dibatalin atau langsung dibatalin gitu aja. gak profesional banget, padahal saya niatnya mau ngasih lebih seandainya mereka mau ngambil pesenan saya, itulah kalau malas dipelihara.",negatif
49621a29-ff52-4bb6-8825-e44fdaf36f4d,Ridwan Setiawan,1,2026-08-11 06:07:46,lama banget ga maju maju driver nya hahaha,negatif
ad24f293-6975-48c0-bb88-2a36316bb67a,Puput Alin,1,2026-08-11 05:07:27,aplikasi sangat buruk . disaat penting dan sudah beralih ke layanan priyoritas tetep tidak dapat driver . perjalanan hanya kurang lebih 20-21km . dan tidak dijam ramai atau macet .,negatif
b2f1e2bf-6757-4e4c-8246-2038f461bb94,Shakiel Nandar,4,2026-08-11 00:41:12,"kenapa sih skrg gojek sering down bnget.. kayak nge bug gtu.. lemoooot bngtt padahal jaringan lancar giliran buka gojek ga mau masuk,, tolong dong di perbaiki lagi",positif
85c11f54-e407-4b4d-9d1b-7dac749e8686,Gaboleh Yahh,1,2026-08-11 00:34:45,apk sudah terinstall tapi tidak bisa di buka,negatif
0484074f-ec70-4759-8e4e-493de4283ee9,Yayat,1,2026-08-11 00:09:01,kepada para pelanggan gojek saya dreper taun 2015 mohon maaf mungkin ada juga dreper yang begitu cuman yang saya pelajari itu sekarang apk maps jalan gojek susah banget nebak nya kadang Lala Lolo kaga jelas pake waje pun susah nemuin titik jemput dan pengantaran pun suka lambat GPS nya secara saya pake Telkomsel itu yang membuat dreper mals atau jengkel semangat ilang kalau dulu jamannya pak Nadim aiti pak Arga boleh dikatakan akurat dan di maps jalan bukan motor yang tapi jalan,negatif
62784b81-73e0-4582-9268-1e031644b278,Budi Acc,5,2026-08-10 23:48:19,"Murah, terjangkau, dan cepat",positif
9634a7e5-9ced-479f-ad87-d02397a4111b,Jaka Pramana,2,2026-08-10 23:37:30,"tambahin opsi ubah rute , ada rute deket malah ambil yg jauh mana ongkosnya naik, hadehhh",negatif
cd0b0778-0f6e-444b-9d6c-a8891295e695,Nf Tanu,1,2026-08-10 23:19:26,jelek parah. jika layanan pengantaran cepat/Flazz nya tidak ada dan pilihannya hanya yg murah. apa harus customer menunggu 1 jam lebih. udah kelaparan niat hati pengen gofood biar cepat malah harus nunggu 1jam lebih itupun belum keterlambatan nya. dengan ongkir murah mana ada driver yg mau pickup.,negatif
cafc9019-f1eb-42b3-851a-aa21e1842e98,Rian aja,1,2026-08-10 22:58:18,kagak ada yang mau ambil pesanan karena pake diskon🗿,negatif
5994ce3d-d7a3-4d09-ba94-aa8cce3ccce4,Rama Haleng,2,2026-08-10 22:45:50,hasil ketikan di pesan tidak muncul,negatif
0819d97f-f4d5-47fe-84cd-5030ee908a7d,Fauzi Rastafara,1,2026-08-10 22:13:07,lagi pesan makanan malah akun saya di bekukan... kecewa orang dah lapar...,negatif
45b43a2b-cc9d-4156-91e9-a557fbaee756,Safira,1,2026-08-10 22:00:40,"iklan nya nyepam mulu anjir, risih bgt, segala tombol x ga bisa di pencet, udh gitu kebuka mulu apk nya, kurangin iklan dong, annoying bgt",negatif
2558b466-0d20-4a39-993a-babe9ddaea16,Sri Marini,5,2026-08-10 21:30:58,selalu dapet driver yang baik dan sopan,positif
7c5656b6-1765-4610-9283-8fba5297a808,Dafa Nurfatoni,5,2026-08-10 21:16:45,Bagus dan bisa kapan aja .,positif
0a0ab2d5-6bd2-4baa-b760-8b0bde790909,tika tikeu,1,2026-08-10 21:14:57,"tolong gojek diperbaiki lagi bug nya, sudah dapet driver tapi mesti statusnya ga tercantum drivernya, jadinya dapet driver apa ngga si. nunggu uda lama sampe se jam bug terus, posisi uda laper, ga jelas.",negatif
64fdda66-69fc-48a1-8955-59ea44783b53,Bima Prakusha,1,2026-08-10 21:12:36,Untuk Gofoodnya sangat tidak recomended. Menunggu driver 1 jam-an tidak dapat,negatif
bd3c2ff9-f834-4c2c-ae04-2579d6825db2,Qurrotu Ayu,5,2026-08-10 21:11:14,"aplikasi nya sangat membantu sekali,,",positif
e206e89d-7316-4f13-b768-2b89a5c3380f,Iin Kuraesin,5,2026-08-10 20:49:41,Kali ini banyak promo discon di gofood lanjutkan terus promo diskon nya,positif
799d8430-3101-4bba-8b15-21536635a76e,Vidi Soepardan,1,2026-08-10 20:22:43,"menunggu 1 jam pemesanan go food tidak dapat driver dan tidak dapat di cancel dan tidak ada pemberitahuan, keburu orang kelaparan",negatif
83ac9a7b-4444-431a-a2be-a0679a5214a9,Ojay Sz,5,2026-08-10 20:20:02,Mantab Buat Aplikasinya ⭐⭐⭐⭐⭐,positif
c45da4e0-f7aa-47e2-9120-d0bc27f042c7,Raihan Khalifi ahmad,5,2026-08-10 18:13:44,aplikasi bagus dan berguna,positif
740f77a5-00bb-48ae-ae56-1e00017ff7cc,Jenar Dj,1,2026-08-10 17:55:42,aneh saya punya gopay tidak bisa di pakai buat bayar gojekk ganti grab aja,negatif
4293f230-0bca-4f2a-9469-f992fffa1ffd,"Menikah, Bahagia dan Damai",2,2026-08-10 17:40:01,"Setelah update terbaru, saya rasa UI pemesanan Gofood ny jadi jelek. skrg tampilan halaman saat proses memesan jadi menutupi layar posisi driver. dan entah apa sebabny skrg sudah tidak ada diskon dr gofoodny slain potongan ongkir.",negatif
316bfc22-a282-4dd0-bad5-3ed65c4b72e5,kelompok informatika,1,2026-08-10 17:22:17,susah dapat driver,negatif
778c5a56-b01e-4f6c-9564-4fabff641ced,LanValMar,5,2026-08-10 17:16:40,nyaman nyaman semua selama saya pesan di gojek,positif
eacca364-e7a3-4ead-ba00-3869cdeeb63b,Hotma L.Tobing,5,2026-08-10 16:53:34,"Terhitung 2019, saya tidak ikut gojek lagi. Apa saja yg harus saya lakukan untuk nenjadi pengguna gojek. Terima kasih.",positif
f29308fa-c0b8-421c-b580-82a3f3998fca,Siti Fatimah putri,1,2026-08-10 16:27:36,pada malas baca,negatif
8e2731c2-dcdf-499f-8a29-579326d874cd,Dede Alfajri,1,2026-08-10 16:07:07,karna orderan sering delayyy,negatif
01ca504a-16f7-4e0c-b63a-dd573ea77fa4,Christian Trijaya,1,2026-08-10 16:01:23,"aplikasi gojek ini makin di update makin salah titik kirim nya. makin ngaco. udah tambah mahal, tapi makin kacau titik kirim nya. padahal kantor sy udah tertera jelas di google maps, masih aja seringkali salah muncul nya di aplikasi gojek. udah mah tambah mahal harga²nya. dasar!!!!!!",negatif
278f642d-28ca-4f69-b757-5c0d841af766,Neneng Khoriah,5,2026-08-10 15:52:50,"sangat membantu , terimakasih",positif
51e98986-b017-474f-beb8-049d5d46247c,Yosepin Marpaung,1,2026-08-10 15:02:30,sangat kecewa dengan aplikasi gojek ini ... kali ini saya benar2 kecewa padahal slma ni saya pakai aplikasi ini tapi x ini saya kecewa bnget saya pesanin gojek buat anak saya pulang sekolah karena kbtulan saya lagi kerja udah dapat driver eh.. tau2 nya driver nya ngk datang2 mau nya KLO driver ngk DTG langsung cancel aja donk ja buat org menunggu2 sama anak saya sendirian menunggu di area sekolah kata nya tiba dlm 8 mnit eh tau-tau nya Ampe sore ngk dtg2 kecewa sichh .. m,negatif
345b81a6-a39f-4865-9418-b8954d877348,Verza Laa,1,2026-08-10 14:56:07,"Apa gunanya ada program2 ongkir murah, kalo drivernya aja ga ada yg mau ambil. Order gofood dari jam 11, sampe jam 3. driver gonta ganti ga ada yg mau ambil. Tolong jg supaya customer bisa ngeliat rating akun sendiri. Goride pun sama,kita sbg customer wajar pgn ambil yg murah. tp kalo memang malah jadi membebani driver, trus malah jadi bikin customer menunggu dapat driver yg mau,mending ga usah",negatif
ca427dd3-461a-40f5-a9c8-960354a79e1b,Rafael Christian Arga,1,2026-08-10 14:53:27,cari driver gofoodnya lama bgt hampir satu setengah jam alhasil ga ketemu dan aku cancel,negatif
4b93acd5-7997-4747-920b-e62c9d3fa2fd,Alfadi Tsakif,1,2026-08-10 14:32:51,kenapa tidak bisa didownload,negatif
2d7a3b78-3221-4032-b03e-a1d23b33829a,Bisri Irfan,1,2026-08-10 13:56:50,"saya kasih bintang 1 min.. karna saya kecewa banget... saya sudah deket dengan resto tapi kecancel sendiri min... jadi saya gak mood min... tolong d rubah lg sistem nya min.. jgn membuat driver lain kecewa... kasian driver lain min jarak jauh pas nyampe resto ke cancel sendiri min. .. sya sangat bener"" kecewa min",negatif
d64f3b5c-1b07-4a8a-956b-0fe6296426b9,ollay ibrahim,4,2026-08-10 13:31:17,kekurangan nya untuk gocar.. kenapa gak ada notif dari penumpang yang sudah turun.. kalau ada barang penumpang yg tertinggal jadi gak ketahuan kalau penumpang chat.. saya pernah dapat dari Cawang ke Balaraja..pas saya otw balik ke Tebet baru ada wa dari penumpang yg barang nya tertinggal.. wa nya sudah sampai Pancoran..pas buka aplikasi gojek lalu liat pesan. ternyata banyak chat dari penumpang itu yang ngabarin klau barang tertinggal..,positif
34fc4c73-ef87-4aa0-bb93-c68834f44f30,Ibnu Ruslan,2,2026-08-10 13:27:41,driver gofood kurang sopan tidak ramah,negatif
3fb5aa9c-5b1f-40f4-80a9-d2041b9d6cfc,day,4,2026-08-10 13:22:02,"Terimakasih sudah menciptakan aplikasi ini, saya jadi dengan mudah berangkat kemana saja. Mudah dimengerti, alias praktis untuk dipakai. Sejak masih sekolah suka pakai aplikasi ini. Tapi tolong ya, kalau buat IKLAN tolong dipikir-pikir lagi, ada iklan dari gojek malah ga bisa keluar sama sekali kecuali tutup aplikasi 😮‍💨",positif
a17f4e1d-0641-433a-aa18-a97e83464b28,Ropi 420,5,2026-08-10 12:59:48,sangat bagus cepat,positif
b2c99d21-678c-4e2c-8350-2f9a2da0d4fa,Vooks Nyozt,1,2026-08-10 12:55:59,beli mie gacoan 1 sama harganya klo pesen 3 mie via goofood .. hargai sangat mahal dan di luar nalar.. mending pakai shopyfood,negatif
62e5019a-f514-4d7d-ac46-3213fda2a022,Adriansyah Awalludin,1,2026-08-10 12:44:52,"TOLONGLAH BUAT LAYANAN HEMAT, JANGAN TERLALU JAUH TITIK JEMPUTNYA. GILA, LAYANAN HEMAT KEBANYAKAN JEMPUTNYA 2 KILO SEMUA. KALAU ANTARNYA JAUH SIH OK, LAH INI, JEMPUTNYA JAUH 2 KILO ANTARNYA DEKAT BANGET CUMA 1 KILO. GILA",negatif
a87c8eca-af49-495d-a98e-ca2eef11ce9c,Gigi Asfa,5,2026-08-10 12:38:21,"haturnuhun g0jek,,sngt membantu d saat² genting.",positif
54a9cff8-a91f-4422-8be5-f94b48a75f4f,Subehan Saefudin,5,2026-08-10 11:29:47,sip...0rangnya ramah mengedarainya hati hati,positif
3fd0b95d-0f85-4272-9ab1-58e9ba03d7dc,Citra Tiara,5,2026-08-10 09:28:04,driver bermacam macam karakter sebagai konsumen harus sabar & pengertian,positif
20c532d1-bed7-41ce-9534-719c9d0bd171,SaL M,4,2026-08-10 09:03:16,kalau bisa postingan untuk makanannya itu fotonya gitu diprofesional kan lagi biar lebih rapih dan mantap,positif
befc3fb7-7d72-412d-9e7a-1a01863b5a42,Kavon Rulez,1,2026-08-10 08:50:21,"Kecewa, gofood dah gk ada promo bagus kek dulu.. Makin kikir dah",negatif
ce5be257-154f-4efe-b2dd-f3d0dba5f425,Noni Aramika,5,2026-08-10 08:40:08,"overall, it's good. 👍🏻",positif
80038326-ff3e-4228-a340-ca60eea1b43d,Muhammad arzanka tamianta Bangun,2,2026-08-10 07:04:24,aplikasi yg drivernya sibuk semua,negatif
76f007e1-ea47-49d8-b65f-b0a6de38bba6,Rangga Purinawan S,1,2026-08-10 07:01:49,susah banget nyari driver,negatif
e6c0cd9f-f70a-441d-8090-da44b9059c6c,Sobrul Iman,1,2026-08-10 07:00:01,"ini cara batalin gojek plus/signature gimana dah, ga ada tombolnya anjirr, kocak banget, jadi pemaksaan buat langganan. Kalo gini mah user bakal cabut dari apk gojek. Cuma bisa pake satu cara ""HARUS HAPUS AKUN"" baru tuh bisa batalin langganan plus/signature.",negatif
a4fc239d-2a4a-4e63-b466-d3660dbb0c18,Aldi Malau,1,2026-08-10 06:55:47,"maaf saya beri bintang 1, saya udah rugi 2x pakai aplikasi ini. saya pesen tp cari driver gk dapat2 trs pesan lg tp gk dapat juga, tiba2 sudah ada 2 driver yg nunggu di depan rumah",negatif
d21c446c-c705-4aa9-ad5c-e7ce97f129d8,Gg Filter,1,2026-08-10 06:48:46,aplikasi layanan paling buruk,negatif
09ed3ab0-180b-4be3-b1f5-652a2b4b1239,zahrotun nissa,5,2026-08-10 06:48:13,driver nya lebih bersih dan sopan daripada yang di sebelah dan promo nya banyak,positif
bb2094ac-6869-4d0c-b791-b5c944e417f0,Ryuu メ Tempest,1,2026-08-10 06:31:18,mesen dari jam 6 pas udah 30 menit ga dapet dapet segini udah pake gojek cepat malah ga dapet dapet tau gini mending pake grab aja,negatif
962827a5-9772-4bba-8aed-d8ed00c2140e,Silvia Hutabarat,1,2026-08-10 05:31:01,"hari ini sy melakukan booking order hampir lebih dari 10 menit tidak mendapatkan driver! sy pelanggan yg lebih dari 7 tahun menggunakan aplikasi gojek!! sgt mengecewakan Krn akibatnya sy tertinggal 2 KRL pagi. saat ini aplikasi gojek semakin buruk dalam pelayanan pelanggan, terutama utk kami pelanggan yg sudah bertahun-tahun menggunakan aplikasi gojek!!",negatif
370b0644-40a0-4829-90bf-19c693d5004d,Nurul Azmiyah,1,2026-08-10 03:45:45,"padahal selalu bayar tepat waktu, belum waktunya udah dilunasi tapi mau minjem lagi ditolak jujur kecewa banget",negatif
479ce23e-93f1-4b70-9c45-7600b1b50496,Ryuken_ UNY,1,2026-08-10 00:27:37,"ongkir gofood makin naik, potongan gojek plus makin ditinggikan syarat pembeliannya",negatif
631b4a5b-d768-48d8-b3cd-8fb5f3a03ad5,Abdurrahman Wahid,1,2026-08-10 00:20:25,"apk sampah, susah dapat driver mobil maupun motor apalagi fitur gosend ampas gada yang mau ambil padahal sudah pake prioritas dan driver disekitar banyak terdapat di radar mapsnya tapi ga ada yang mau ambil orderan go send padahal sangat urgen!",negatif
592879e8-0d83-4bb0-b4fb-911522c5f75e,Yuni Efendi,1,2026-08-09 23:46:12,"sekarang semua harga naik tidak kira-kira jadi males pakai jasa ojol , enakan langganan ojek biasa lebih murah dan lebih sat set. mungkin ini akan jadi kejatuhan ojol yang tanpa memikirkanĥù",negatif
368ed1a9-4a98-47f4-8a21-5ac6ba08e465,Yani Rosyani,5,2026-08-09 23:30:01,"udah langganan bertahun2 go food, tks",positif
1acef1df-4bd3-4b20-b002-e61bea21690d,Siti Robiah Amelia,5,2026-08-09 23:07:16,adain hemat nya di Teluknaga ya,positif
